om,yr,mo,dy,date,time,tz,datetime_utc,st,stf,mag,inj,fat,loss,slat,slon,elat,elon,len,wid,ns,sn,f1,f2,f3,f4,fc,victims_total,is_deadly,area_sq_mi,has_loss,season,mag_category,us_region,loss_log10,mag_factor,state_annual_fat_total,state_annual_avg_mag,time_of_day
487,1969,8,6,1969-08-06,19:40:00,America/Chicago,1969-08-07T00:40:00Z,NE,31,0,0,0,10000,41.48,-97.58,0,0,0.1,10,1,1,141,0,0,0,TRUE,0,FALSE,5.681818181818183e-4,TRUE,3,Weak,Midwest,4,0,1,0.85,Night
95,1965,4,4,1965-04-04,22:25:00,America/Chicago,1965-04-05T04:25:00Z,OK,40,0,0,0,10000,36.63,-97.33,0,0,0.1,10,1,1,71,0,0,0,FALSE,0,FALSE,5.681818181818183e-4,TRUE,2,Weak,South,4,0,0,0.8378378378378378,Night
616297,2018,5,29,2018-05-29,14:58:00,America/Chicago,2018-05-29T19:58:00Z,IA,19,0,0,0,10000,42.0533,-93.5533,42.0576,-93.5542,0.3,30,1,1,169,0,0,0,FALSE,0,FALSE,0.005113636363636363,TRUE,2,Weak,Midwest,4,0,0,0.36231884057971014,Evening
399,1959,6,26,1959-06-26,20:30:00,America/Chicago,1959-06-27T01:30:00Z,TX,48,1,0,0,5000,33.65,-97.15,0,0,0.8,100,1,1,97,0,0,0,FALSE,0,FALSE,0.045454545454545456,TRUE,3,Weak,South,3.6989700043360187,1,6,1.069767441860465,Night
322,1958,7,1,1958-07-01,18:45:00,America/Chicago,1958-07-01T23:45:00Z,NE,31,0,0,0,10000,41.23,-103.32,41.23,-103.32,0.1,10,1,1,33,0,0,0,FALSE,0,FALSE,5.681818181818183e-4,TRUE,3,Weak,Midwest,4,0,0,0.7222222222222222,Evening
530,1968,8,19,1968-08-19,14:40:00,America/Chicago,1968-08-19T19:40:00Z,MN,27,1,0,0,500000,44.28,-93.1,44.33,-92.73,18.3,60,1,1,131,49,0,0,FALSE,0,FALSE,0.6238636363636363,TRUE,3,Weak,Midwest,5.698970004336019,1,10,0.7647058823529411,Evening
1033,1992,9,5,1992-09-05,17:59:00,America/Chicago,1992-09-05T22:59:00Z,KS,20,2,1,0,50000000,37.7,-97.33,37.7,-97.27,3,200,1,1,173,0,0,0,FALSE,1,FALSE,0.3409090909090909,TRUE,4,Strong,Midwest,7.698970004336019,2,0,0.6847826086956522,Evening
550,1960,8,28,1960-08-28,19:44:00,America/Chicago,1960-08-29T00:44:00Z,KS,20,1,0,0,5000,37.78,-97.42,0,0,0.1,10,1,1,173,0,0,0,FALSE,0,FALSE,5.681818181818183e-4,TRUE,3,Weak,Midwest,3.6989700043360187,1,1,1.3833333333333333,Night
620404,2021,8,11,2021-08-11,16:40:00,America/Chicago,2021-08-11T21:40:00Z,IA,19,0,0,0,10000,42.4,-90.96,42.4,-90.95,0.6,20,1,1,61,0,0,0,FALSE,0,FALSE,0.006818181818181818,TRUE,3,Weak,Midwest,4,0,0,0.957983193277311,Evening
617274,2019,4,17,2019-04-17,15:29:00,America/Chicago,2019-04-17T20:29:00Z,TX,48,1,0,0,50000,36.0659,-100.0741,36.078,-100.0859,1.06,30,1,1,295,0,0,0,FALSE,0,FALSE,0.018068181818181817,TRUE,2,Weak,South,4.698970004336019,1,2,0.8143712574850299,Evening
619717,2021,3,18,2021-03-18,04:49:00,America/Chicago,2021-03-18T09:49:00Z,AL,1,0,0,0,4000,31.3047,-85.3825,31.3262,-85.3579,2.08,50,1,1,69,67,0,0,FALSE,0,FALSE,0.05909090909090909,TRUE,2,Weak,South,3.6020599913279625,0,7,0.8461538461538461,Morning
177,1979,4,13,1979-04-13,11:35:00,America/Chicago,1979-04-13T17:35:00Z,GA,13,1,1,0,5000000,32.82,-83.65,0,0,4,500,1,1,21,0,0,0,FALSE,1,FALSE,1.1363636363636365,TRUE,2,Weak,South,6.698970004336019,1,0,0.8,Afternoon
617756,2019,5,23,2019-05-23,19:43:00,America/Chicago,2019-05-24T00:43:00Z,TX,48,0,0,0,10000,36.1721,-100.4427,36.2256,-100.3976,4.47,75,1,1,295,0,0,0,FALSE,0,FALSE,0.19048295454545452,TRUE,2,Weak,South,4,0,2,0.8143712574850299,Night
643,1965,7,5,1965-07-05,14:15:00,America/Chicago,1965-07-05T19:15:00Z,CA,6,1,0,0,50,32.73,-114.63,0,0,2,10,1,1,25,0,0,0,FALSE,0,FALSE,0.011363636363636364,TRUE,3,Weak,West,1.6989700043360187,1,0,0.8,Evening
305348,2011,4,19,2011-04-19,22:07:00,America/Chicago,2011-04-20T03:07:00Z,IN,18,0,0,0,10000,38.6381,-86.0828,38.6461,-86.0764,0.65,50,1,1,175,0,0,0,FALSE,0,FALSE,0.018465909090909092,TRUE,2,Weak,Midwest,4,0,0,0.8333333333333334,Night
767,2005,5,28,2005-05-28,16:44:00,America/Chicago,2005-05-28T21:44:00Z,TX,48,0,0,0,10000,31.03,-95.77,31.03,-95.77,0.2,30,1,1,313,0,0,0,FALSE,0,FALSE,0.003409090909090909,TRUE,2,Weak,South,4,0,0,0.26666666666666666,Evening
2,1954,1,20,1954-01-20,05:45:00,America/Chicago,1954-01-20T11:45:00Z,MS,28,1,0,0,5000,33.38,-88.42,33.45,-88.37,5.6,100,1,1,87,0,0,0,FALSE,0,FALSE,0.3181818181818182,TRUE,1,Weak,South,3.6989700043360187,1,0,1.4666666666666666,Morning
364,1965,5,19,1965-05-19,15:47:00,America/Chicago,1965-05-19T20:47:00Z,TX,48,0,0,0,10000,34.15,-99.2,0,0,0.8,17,1,1,487,0,0,0,FALSE,0,FALSE,0.007727272727272728,TRUE,2,Weak,South,4,0,6,1.3703703703703705,Evening
328,1990,5,14,1990-05-14,20:21:00,America/Chicago,1990-05-15T01:21:00Z,KS,20,0,0,0,10000,37.25,-97.17,0,0,1,27,1,1,191,0,0,0,FALSE,0,FALSE,0.01534090909090909,TRUE,2,Weak,Midwest,4,0,2,0.6666666666666666,Night
614368,2016,9,15,2016-09-15,14:10:00,America/Chicago,2016-09-15T19:10:00Z,NM,35,0,0,0,10000,32.8964,-105.0691,32.88,-104.99,4.73,50,1,1,5,0,0,0,FALSE,0,FALSE,0.134375,TRUE,4,Weak,West,4,0,0,0.1111111111111111,Evening
169,1983,4,23,1983-04-23,19:20:00,America/Chicago,1983-04-24T01:20:00Z,SC,45,3,6,0,5000000,33.17,-81.45,33.33,-80.87,33,200,1,1,11,9,75,0,FALSE,6,FALSE,3.75,TRUE,2,Strong,South,6.698970004336019,3,0,1.1818181818181819,Night
360326,2012,3,3,2012-03-03,11:56:00,America/Chicago,2012-03-03T17:56:00Z,GA,13,3,0,0,750000,31.008,-83.2517,31.0432,-83.0804,10.45,390,1,1,185,173,0,0,FALSE,0,FALSE,2.315625,TRUE,2,Strong,South,5.8750612633917,3,0,0.8,Afternoon
992,1992,8,27,1992-08-27,15:25:00,America/Chicago,1992-08-27T20:25:00Z,GA,13,1,0,0,500000,34.25,-85.15,0,0,1,50,1,1,115,0,0,0,FALSE,0,FALSE,0.028409090909090908,TRUE,3,Weak,South,5.698970004336019,1,7,1.4444444444444444,Evening
621391,2022,4,22,2022-04-22,23:28:00,America/Chicago,2022-04-23T04:28:00Z,KS,20,0,0,0,10000,39.1053,-101.1829,39.1849,-101.1503,5.77,100,1,1,109,193,0,0,FALSE,0,FALSE,0.32784090909090907,TRUE,2,Weak,Midwest,4,0,0,0.8518518518518519,Night
778,1975,8,14,1975-08-14,17:58:00,America/Chicago,1975-08-14T22:58:00Z,IL,17,2,0,0,50000,39.75,-89.52,0,0,1,30,1,1,167,0,0,0,FALSE,0,FALSE,0.017045454545454544,TRUE,3,Strong,Midwest,4.698970004336019,2,2,1.173913043478261,Evening
789,1984,8,16,1984-08-16,12:30:00,America/Chicago,1984-08-16T17:30:00Z,FL,12,1,0,0,500000,28.9,-82.57,0,0,0.5,30,1,1,17,0,0,0,FALSE,0,FALSE,0.008522727272727272,TRUE,3,Weak,South,5.698970004336019,1,0,0.4666666666666667,Afternoon
993,2007,10,2,2007-10-02,16:35:00,America/Chicago,2007-10-02T21:35:00Z,IA,19,1,0,0,100000,40.68,-93.13,40.68,-93.11,0.95,20,1,1,185,0,0,0,FALSE,0,FALSE,0.010795454545454546,TRUE,4,Weak,Midwest,5,1,0,0.6190476190476191,Evening
166,1995,4,19,1995-04-19,20:02:00,America/Chicago,1995-04-20T01:02:00Z,TX,48,1,8,0,5000000,32.78,-96.92,32.82,-96.73,6,100,1,1,113,0,0,0,FALSE,8,FALSE,0.3409090909090909,TRUE,2,Weak,South,6.698970004336019,1,6,0.354978354978355,Night
142,1968,4,30,1968-04-30,16:15:00,America/Chicago,1968-04-30T21:15:00Z,VA,51,1,0,0,500000,36.93,-76.3,36.7,-76.02,22.5,200,1,1,710,810,0,0,FALSE,0,FALSE,2.5568181818181817,TRUE,2,Weak,South,5.698970004336019,1,0,1,Evening
634,1993,6,29,1993-06-29,19:15:00,America/Chicago,1993-06-30T00:15:00Z,IA,19,0,0,0,5000,42.27,-94.55,0,0,0.2,30,1,1,25,0,0,0,FALSE,0,FALSE,0.003409090909090909,TRUE,3,Weak,Midwest,3.6989700043360187,0,0,0.6666666666666666,Night
136,1957,4,8,1957-04-08,03:10:00,America/Chicago,1957-04-08T09:10:00Z,MS,28,2,0,0,500000,34.1,-88.82,34.2,-88.72,9,200,1,1,81,0,0,0,FALSE,0,FALSE,1.0227272727272727,TRUE,2,Strong,South,5.698970004336019,2,6,1.6538461538461537,Morning
242,1980,5,15,1980-05-15,17:15:00,America/Chicago,1980-05-15T22:15:00Z,TX,48,1,0,0,50000,29.27,-100.78,28.73,-99.28,99.8,40,1,1,465,271,323,507,FALSE,0,FALSE,2.268181818181818,TRUE,2,Weak,South,4.698970004336019,1,1,0.8223684210526315,Evening
805,1974,8,13,1974-08-13,16:50:00,America/Chicago,1974-08-13T21:50:00Z,MO,29,0,0,0,50000,38.6,-92.73,0,0,0.1,10,1,1,135,0,0,0,FALSE,0,FALSE,5.681818181818183e-4,TRUE,3,Weak,Midwest,4.698970004336019,0,0,1.3,Evening
232,2005,7,25,2005-07-25,18:02:00,America/Chicago,2005-07-25T23:02:00Z,IA,19,0,0,0,30000,42.98,-94.28,43,-94.27,1,40,1,1,109,0,0,0,FALSE,0,FALSE,0.022727272727272728,TRUE,3,Weak,Midwest,4.477121254719663,0,1,0.36363636363636365,Evening
614661,2017,2,28,2017-02-28,19:07:00,America/Chicago,2017-03-01T01:07:00Z,AR,5,2,1,0,70000,35.22,-91.68,35.2299,-91.671,1.1,250,1,1,145,0,0,0,FALSE,1,FALSE,0.15625000000000003,TRUE,1,Strong,South,4.845098040014257,2,0,0.8108108108108109,Night
828,1957,12,18,1957-12-18,15:35:00,America/Chicago,1957-12-18T21:35:00Z,IL,17,1,1,0,50000,40.2,-89.7,0,0,0.1,10,1,1,125,0,0,0,FALSE,1,FALSE,5.681818181818183e-4,TRUE,1,Weak,Midwest,4.698970004336019,1,15,2.1666666666666665,Evening
471,1964,6,22,1964-06-22,20:00:00,America/Chicago,1964-06-23T01:00:00Z,KS,20,1,0,0,50000,37.9,-95.08,0,0,0.1,10,1,1,11,0,0,0,FALSE,0,FALSE,5.681818181818183e-4,TRUE,3,Weak,Midwest,4.698970004336019,1,4,1.053191489361702,Night
282,1964,5,8,1964-05-08,15:33:00,America/Chicago,1964-05-08T20:33:00Z,MI,26,2,1,0,50000,42.68,-83.28,0,0,0.1,500,1,1,125,0,0,0,FALSE,1,FALSE,0.02840909090909091,TRUE,2,Strong,Midwest,4.698970004336019,2,11,1.8571428571428572,Evening
1031,2008,6,4,2008-06-04,05:13:00,America/Chicago,2008-06-04T10:13:00Z,IN,18,0,0,0,10000,39.02,-86.94,39.03,-86.94,0.08,50,1,1,55,0,0,0,FALSE,0,FALSE,0.0022727272727272726,TRUE,3,Weak,Midwest,4,0,4,0.7,Morning
119,1997,3,1,1997-03-01,18:01:00,America/Chicago,1997-03-02T00:01:00Z,KY,21,0,0,0,10000,37.53,-87.13,37.53,-87.13,0.3,50,1,1,149,0,0,0,FALSE,0,FALSE,0.008522727272727272,TRUE,2,Weak,South,4,0,3,0.8421052631578947,Night
659,1999,9,3,1999-09-03,18:44:00,America/Chicago,1999-09-03T23:44:00Z,NE,31,0,0,0,10000,42.02,-103.78,42.02,-103.78,0.3,30,1,1,165,0,0,0,FALSE,0,FALSE,0.005113636363636363,TRUE,4,Weak,Midwest,4,0,0,0.35294117647058826,Evening
598,1982,6,6,1982-06-06,15:45:00,America/Chicago,1982-06-06T20:45:00Z,ND,38,2,0,0,50000,48.17,-101.1,48.2,-100.87,10,100,1,1,101,49,0,0,FALSE,0,FALSE,0.5681818181818181,TRUE,3,Strong,Midwest,4.698970004336019,2,0,0.6666666666666666,Evening
603,1971,7,5,1971-07-05,18:15:00,America/Chicago,1971-07-05T23:15:00Z,MN,27,0,0,0,5000,46.12,-94.92,0,0,0.3,30,1,1,153,0,0,0,FALSE,0,FALSE,0.005113636363636363,TRUE,3,Weak,Midwest,3.6989700043360187,0,0,0.35,Evening
766,2005,5,6,2005-05-06,19:26:00,America/Chicago,2005-05-07T00:26:00Z,NM,35,0,0,0,10000,32.3,-103.9,32.3,-103.9,0.1,75,1,1,15,0,0,0,FALSE,0,FALSE,0.004261363636363636,TRUE,2,Weak,West,4,0,0,0,Night
86,2010,4,22,2010-04-22,13:57:00,America/Chicago,2010-04-22T18:57:00Z,CO,8,0,0,0,10000,38.2514,-102.943,38.2592,-102.939,0.58,50,1,1,11,0,0,0,FALSE,0,FALSE,0.016477272727272726,TRUE,2,Weak,West,4,0,0,0.15492957746478872,Evening
661,1975,6,28,1975-06-28,13:27:00,America/Chicago,1975-06-28T18:27:00Z,MN,27,0,0,0,5000,47.88,-96,0,0,0.5,17,1,1,125,0,0,0,FALSE,0,FALSE,0.004829545454545454,TRUE,3,Weak,Midwest,3.6989700043360187,0,2,1.0714285714285714,Evening
421,1980,6,2,1980-06-02,18:00:00,America/Chicago,1980-06-02T23:00:00Z,IN,18,1,3,0,500000,40.92,-84.83,0,0,0.1,10,1,1,1,0,0,0,FALSE,3,FALSE,5.681818181818183e-4,TRUE,3,Weak,Midwest,5.698970004336019,1,5,1.1714285714285715,Evening
126,1983,4,1,1983-04-01,13:52:00,America/Chicago,1983-04-01T19:52:00Z,AR,5,1,0,0,50000,34.02,-93.32,34.17,-93.18,13,100,1,1,19,0,0,0,FALSE,0,FALSE,0.7386363636363636,TRUE,2,Weak,South,4.698970004336019,1,0,1.0625,Evening
71,1951,5,19,1951-05-19,19:30:00,America/Chicago,1951-05-20T00:30:00Z,OK,40,2,0,0,5000,36,-98.95,0,0,2,67,1,1,43,0,0,0,FALSE,0,FALSE,0.07613636363636364,TRUE,2,Strong,South,3.6989700043360187,2,0,1.2790697674418605,Night
393,1977,5,30,1977-05-30,00:10:00,America/Chicago,1977-05-30T05:10:00Z,CO,8,1,0,0,50000,38.82,-102.78,0,0,0.1,80,1,1,17,0,0,0,FALSE,0,FALSE,0.004545454545454546,TRUE,2,Weak,West,4.698970004336019,1,0,1.032258064516129,Night
622,1987,11,16,1987-11-16,13:00:00,America/Chicago,1987-11-16T19:00:00Z,LA,22,1,1,0,500000,31.55,-91.43,0,0,2.5,73,1,1,29,0,0,0,FALSE,1,FALSE,0.10369318181818182,TRUE,4,Weak,South,5.698970004336019,1,0,0.8333333333333334,Evening
1532,2004,8,24,2004-08-24,17:13:00,America/Chicago,2004-08-24T22:13:00Z,IL,17,0,0,0,10000,42.08,-88.58,42.12,-88.58,0.1,10,1,1,89,0,0,0,FALSE,0,FALSE,5.681818181818183e-4,TRUE,3,Weak,Midwest,4,0,9,0.5375,Evening
282,1954,5,31,1954-05-31,14:45:00,America/Chicago,1954-05-31T19:45:00Z,MO,29,2,0,0,50000,40.38,-95.42,40.45,-95.02,21,440,1,1,5,147,141,0,FALSE,0,FALSE,5.25,TRUE,2,Strong,Midwest,4.698970004336019,2,2,1.4545454545454546,Evening
620838,2021,12,15,2021-12-15,16:58:00,America/Chicago,2021-12-15T22:58:00Z,IA,19,0,0,0,75000,42.526,-95.435,42.562,-95.405,2.92,50,1,1,93,0,0,0,FALSE,0,FALSE,0.08295454545454545,TRUE,1,Weak,Midwest,4.8750612633917,0,0,0.957983193277311,Evening
613,1996,7,19,1996-07-19,13:02:00,America/Chicago,1996-07-19T18:02:00Z,MD,24,0,0,0,10000,39.73,-77.57,39.72,-77.53,2,75,1,1,43,0,0,0,FALSE,0,FALSE,0.08522727272727272,TRUE,3,Weak,South,4,0,0,0.7142857142857143,Evening
318,1964,5,23,1964-05-23,20:00:00,America/Chicago,1964-05-24T01:00:00Z,NE,31,1,0,0,5000,40.92,-98.33,0,0,1,10,1,1,79,0,0,0,FALSE,0,FALSE,0.005681818181818182,TRUE,2,Weak,Midwest,3.6989700043360187,1,4,1.024390243902439,Night
319,1998,6,13,1998-06-13,14:47:00,America/Chicago,1998-06-13T19:47:00Z,NE,31,0,0,0,10000,41.15,-103.57,41.15,-103.57,0.1,30,1,1,33,0,0,0,FALSE,0,FALSE,0.0017045454545454545,TRUE,3,Weak,Midwest,4,0,0,0.38461538461538464,Evening
608881,2015,11,16,2015-11-16,18:52:00,America/Chicago,2015-11-17T00:52:00Z,TX,48,1,0,0,50000,36.361,-100.664,36.427,-100.6,5.78,200,1,1,357,0,0,0,FALSE,0,FALSE,0.6568181818181819,TRUE,4,Weak,South,4.698970004336019,1,17,0.49377593360995853,Night
197,1950,11,20,1950-11-20,07:30:00,America/Chicago,1950-11-20T13:30:00Z,MS,28,1,3,0,50000,32.42,-89.13,0,0,2,37,1,1,101,0,0,0,FALSE,3,FALSE,0.042045454545454546,TRUE,4,Weak,South,4.698970004336019,1,6,1.6428571428571428,Afternoon
498,2008,4,23,2008-04-23,13:54:00,America/Chicago,2008-04-23T18:54:00Z,TX,48,0,0,0,10000,32.8,-100.46,0,0,0.1,50,1,1,151,0,0,0,FALSE,0,FALSE,0.002840909090909091,TRUE,2,Weak,South,4,0,0,0.23333333333333334,Evening
590,1989,6,20,1989-06-20,14:25:00,America/Chicago,1989-06-20T19:25:00Z,FL,12,0,0,0,50000,27.75,-81.98,0,0,0.2,10,1,1,105,0,0,0,FALSE,0,FALSE,0.0011363636363636365,TRUE,3,Weak,South,4.698970004336019,0,3,0.19718309859154928,Evening
1320,1998,9,10,1998-09-10,18:15:00,America/Chicago,1998-09-10T23:15:00Z,TX,48,0,5,0,10000,28.83,-95.65,28.83,-95.65,0.2,30,1,1,321,0,0,0,FALSE,5,FALSE,0.003409090909090909,TRUE,4,Weak,South,4,0,2,0.39166666666666666,Evening
55,1978,4,5,1978-04-05,17:45:00,America/Chicago,1978-04-05T23:45:00Z,OK,40,1,0,0,50000,34.95,-99.27,35,-99.18,6.2,50,1,1,75,0,0,0,FALSE,0,FALSE,0.17613636363636365,TRUE,2,Weak,South,4.698970004336019,1,0,1.3333333333333333,Evening
620837,2021,12,15,2021-12-15,16:49:00,America/Chicago,2021-12-15T22:49:00Z,IA,19,2,0,0,350000,41.333,-95.107,41.6768,-94.855,27.11,100,1,1,29,9,0,0,FALSE,0,FALSE,1.540340909090909,TRUE,1,Strong,Midwest,5.544068044350276,2,0,0.957983193277311,Evening
472,1960,7,6,1960-07-06,21:00:00,America/Chicago,1960-07-07T02:00:00Z,TX,48,1,0,0,5000,32.88,-101.08,0,0,0.2,33,1,1,415,0,0,0,FALSE,0,FALSE,0.00375,TRUE,3,Weak,South,3.6989700043360187,1,3,1.025974025974026,Night
914,1983,12,11,1983-12-11,03:15:00,America/Chicago,1983-12-11T09:15:00Z,AL,1,1,0,0,50000,31.12,-88.18,0,0,0.1,30,1,1,97,0,0,0,FALSE,0,FALSE,0.0017045454545454545,TRUE,1,Weak,South,4.698970004336019,1,3,1.3777777777777778,Morning
249,1976,4,14,1976-04-14,20:15:00,America/Chicago,1976-04-15T02:15:00Z,IA,19,2,0,0,500,41.77,-94.02,41.8,-93.92,4.9,67,1,1,49,0,0,0,FALSE,0,FALSE,0.18653409090909093,TRUE,2,Strong,Midwest,2.6989700043360187,2,0,2.0555555555555554,Night
185,1970,5,11,1970-05-11,18:15:00,America/Chicago,1970-05-11T23:15:00Z,KS,20,1,0,0,50000,38.87,-98.1,0,0,1,200,1,1,105,0,0,0,FALSE,0,FALSE,0.11363636363636363,TRUE,2,Weak,Midwest,4.698970004336019,1,0,1,Evening
463,2004,8,26,2004-08-26,17:25:00,America/Chicago,2004-08-26T22:25:00Z,IA,19,0,0,0,10000,40.67,-95.28,40.67,-95.25,2,100,1,1,145,0,0,0,FALSE,0,FALSE,0.11363636363636363,TRUE,3,Weak,Midwest,4,0,0,0.425,Evening
58,1953,3,21,1953-03-21,13:00:00,America/Chicago,1953-03-21T19:00:00Z,IA,19,1,0,0,50000,42.05,-95.72,41.93,-95.87,10.9,600,1,1,133,0,0,0,FALSE,0,FALSE,3.715909090909091,TRUE,2,Weak,Midwest,4.698970004336019,1,4,2.3043478260869565,Evening
427,1969,7,15,1969-07-15,21:00:00,America/Chicago,1969-07-16T02:00:00Z,TX,48,2,0,0,315000,32.03,-95.17,0,0,0.5,10,1,1,73,0,0,0,FALSE,0,FALSE,0.002840909090909091,TRUE,3,Strong,South,5.498310553789601,2,3,0.968503937007874,Night
352,1957,5,20,1957-05-20,11:00:00,America/Chicago,1957-05-20T16:00:00Z,CO,8,0,0,0,500,39.25,-102.4,39.9,-101.78,70.1,10,2,0,0,0,0,0,FALSE,0,FALSE,0.3982954545454545,TRUE,2,Weak,West,2.6989700043360187,0,0,0.8333333333333334,Afternoon
758,2010,6,22,2010-06-22,20:12:00,America/Chicago,2010-06-23T01:12:00Z,IA,19,0,0,0,10000,42.7036,-94.3504,42.7109,-94.3346,0.95,35,1,1,91,0,0,0,FALSE,0,FALSE,0.018892045454545453,TRUE,3,Weak,Midwest,4,0,0,0.3939393939393939,Night
330,2004,7,6,2004-07-06,17:28:00,America/Chicago,2004-07-06T22:28:00Z,AL,1,0,0,0,10000,34.58,-86.47,34.58,-86.47,0.1,2,1,1,89,0,0,0,FALSE,0,FALSE,1.1363636363636364e-4,TRUE,3,Weak,South,4,0,1,0.45454545454545453,Evening
619562,2020,10,10,2020-10-10,16:18:00,America/Chicago,2020-10-10T21:18:00Z,GA,13,0,0,0,50000,33.402,-84.793,33.4156,-84.7895,0.96,90,1,1,77,0,0,0,FALSE,0,FALSE,0.049090909090909095,TRUE,4,Weak,South,4.698970004336019,0,11,0.6333333333333333,Evening
799,1995,6,22,1995-06-22,16:05:00,America/Chicago,1995-06-22T21:05:00Z,WY,56,0,0,0,10000,44.12,-106.02,44.13,-106,0.2,10,1,1,19,5,0,0,FALSE,0,FALSE,0.0011363636363636365,TRUE,3,Weak,West,4,0,0,0,Evening
684,1989,7,16,1989-07-16,16:45:00,America/Chicago,1989-07-16T21:45:00Z,AL,1,1,0,0,500000,31.72,-85.82,0,0,1,50,1,1,109,0,0,0,FALSE,0,FALSE,0.028409090909090908,TRUE,3,Weak,South,5.698970004336019,1,22,1.0434782608695652,Evening
921,2004,5,22,2004-05-22,20:15:00,America/Chicago,2004-05-23T01:15:00Z,IA,19,0,0,0,10000,42.08,-92.68,42.08,-92.68,0.3,30,1,1,171,0,0,0,FALSE,0,FALSE,0.005113636363636363,TRUE,2,Weak,Midwest,4,0,0,0.425,Night
242,1990,4,27,1990-04-27,18:27:00,America/Chicago,1990-04-27T23:27:00Z,TX,48,2,0,0,315000,32.47,-94.08,0,0,0.2,10,1,1,203,0,0,0,FALSE,0,FALSE,0.0011363636363636365,TRUE,2,Strong,South,5.498310553789601,2,2,1.0632911392405062,Evening
134,1967,4,16,1967-04-16,15:15:00,America/Chicago,1967-04-16T21:15:00Z,SD,46,0,0,0,10000,45.3,-98.1,0,0,0.1,10,1,1,115,0,0,0,FALSE,0,FALSE,5.681818181818183e-4,TRUE,2,Weak,Midwest,4,0,0,0.5555555555555556,Evening
146,1952,5,23,1952-05-23,13:00:00,America/Chicago,1952-05-23T18:00:00Z,IA,19,2,0,0,315000,42.75,-92.97,0,0,0.1,17,1,1,23,0,0,0,FALSE,0,FALSE,9.65909090909091e-4,TRUE,2,Strong,Midwest,5.498310553789601,2,0,1.6666666666666667,Evening
618422,2019,10,20,2019-10-20,20:10:00,America/Chicago,2019-10-21T01:10:00Z,TX,48,1,0,0,10000000,32.4981,-96.9935,32.493,-96.9454,2.83,350,1,1,139,0,0,0,FALSE,0,FALSE,0.5627840909090909,TRUE,4,Weak,South,7,1,2,0.8143712574850299,Night
1091,2007,12,20,2007-12-20,09:00:00,America/Chicago,2007-12-20T15:00:00Z,MS,28,2,1,0,500000,31.61,-90.37,31.63,-90.29,5.03,200,1,1,85,0,0,0,FALSE,1,FALSE,0.5715909090909091,TRUE,1,Strong,South,5.698970004336019,2,0,0.7575757575757576,Afternoon
76,1989,4,2,1989-04-02,18:10:00,America/Chicago,1989-04-02T23:10:00Z,KY,21,0,0,0,500,37.53,-84.6,0,0,0.1,20,1,1,137,0,0,0,FALSE,0,FALSE,0.0011363636363636365,TRUE,2,Weak,South,2.6989700043360187,0,0,1.1111111111111112,Evening
1249,2008,6,18,2008-06-18,14:23:00,America/Chicago,2008-06-18T19:23:00Z,CO,8,0,0,0,10000,39.64,-102.89,0,0,0.1,50,1,1,121,0,0,0,FALSE,0,FALSE,0.002840909090909091,TRUE,3,Weak,West,4,0,1,0.2564102564102564,Evening
544,1994,6,12,1994-06-12,20:20:00,America/Chicago,1994-06-13T01:20:00Z,NE,31,1,0,0,50000,42.07,-96.63,0,0,0.1,23,1,1,39,0,0,0,FALSE,0,FALSE,0.0013068181818181818,TRUE,3,Weak,Midwest,4.698970004336019,1,0,0.41818181818181815,Night
594,2004,10,6,2004-10-06,14:38:00,America/Chicago,2004-10-06T19:38:00Z,OK,40,0,0,0,10000,34.35,-98.42,34.35,-98.42,1,25,1,1,33,0,0,0,FALSE,0,FALSE,0.014204545454545454,TRUE,4,Weak,South,4,0,0,0.43548387096774194,Evening
1130,1991,12,2,1991-12-02,17:53:00,America/Chicago,1991-12-02T23:53:00Z,MS,28,0,0,0,5000,32.48,-88.58,32.5,-88.52,5,80,1,1,75,0,0,0,FALSE,0,FALSE,0.2272727272727273,TRUE,1,Weak,South,3.6989700043360187,0,0,0.75,Evening
615357,2017,5,27,2017-05-27,19:18:00,America/Chicago,2017-05-28T00:18:00Z,MO,29,0,0,0,40000,36.7912,-90.5013,36.7839,-90.4692,1.85,85,1,1,23,0,0,0,FALSE,0,FALSE,0.08934659090909092,TRUE,2,Weak,Midwest,4.6020599913279625,0,1,0.6790123456790124,Night
26,2009,2,18,2009-02-18,18:15:00,America/Chicago,2009-02-19T00:15:00Z,GA,13,1,0,0,250000,33.3,-83.5973,33.3,-83.5454,3,440,1,1,159,0,0,0,FALSE,0,FALSE,0.75,TRUE,1,Weak,South,5.3979400086720375,1,1,0.9629629629629629,Night
740,2004,4,8,2004-04-08,16:42:00,America/Chicago,2004-04-08T21:42:00Z,NM,35,0,0,0,10000,33.25,-104.43,33.25,-104.43,0.1,50,1,1,5,0,0,0,FALSE,0,FALSE,0.002840909090909091,TRUE,2,Weak,West,4,0,0,0.09090909090909091,Evening
283,1994,4,30,1994-04-30,19:10:00,America/Chicago,1994-05-01T00:10:00Z,PA,42,2,2,0,500000,39.8,-77.65,39.87,-77.55,6,53,1,1,55,0,0,0,FALSE,2,FALSE,0.18068181818181817,TRUE,2,Strong,Northeast,5.698970004336019,2,3,1.037037037037037,Night
584,1960,10,16,1960-10-16,12:00:00,America/Chicago,1960-10-16T17:00:00Z,TX,48,1,0,0,50000,27.87,-97.58,0,0,0.5,27,1,1,355,0,0,0,FALSE,0,FALSE,0.007670454545454545,TRUE,4,Weak,South,4.698970004336019,1,3,1.025974025974026,Afternoon
368123,2012,3,2,2012-03-02,15:48:00,America/Chicago,2012-03-02T21:48:00Z,TN,47,1,0,0,300000,36.0973,-87.1214,36.0977,-87.1101,0.63,100,1,1,21,0,0,0,FALSE,0,FALSE,0.03579545454545455,TRUE,2,Weak,South,5.477121254719663,1,3,0.8214285714285714,Evening
1096,1998,9,29,1998-09-29,18:33:00,America/Chicago,1998-09-29T23:33:00Z,KS,20,0,0,0,10000,38.48,-98.77,38.48,-98.77,1,110,1,1,9,0,0,0,FALSE,0,FALSE,0.0625,TRUE,4,Weak,Midwest,4,0,0,0.23943661971830985,Evening
574,1972,7,30,1972-07-30,21:40:00,America/Chicago,1972-07-31T02:40:00Z,SD,46,0,0,0,10000,43.72,-98.27,0,0,0.1,10,1,1,3,0,0,0,FALSE,0,FALSE,5.681818181818183e-4,TRUE,3,Weak,Midwest,4,0,0,0.5806451612903226,Night
200,1977,5,4,1977-05-04,14:30:00,America/Chicago,1977-05-04T19:30:00Z,IA,19,2,0,0,500000,40.78,-91.6,0,0,2,60,1,1,111,0,0,0,FALSE,0,FALSE,0.06818181818181818,TRUE,2,Strong,Midwest,5.698970004336019,2,0,1.1388888888888888,Evening
513,1992,6,17,1992-06-17,12:54:00,America/Chicago,1992-06-17T17:54:00Z,IL,17,0,0,0,5000,39.93,-91.4,0,0,0.5,40,1,1,1,0,0,0,FALSE,0,FALSE,0.011363636363636364,TRUE,3,Weak,Midwest,3.6989700043360187,0,0,0.17391304347826086,Afternoon
636,2001,4,11,2001-04-11,14:40:00,America/Chicago,2001-04-11T19:40:00Z,IA,19,1,0,0,10000,41.67,-93.25,41.93,-93.18,17.5,45,1,1,99,127,0,0,FALSE,0,FALSE,0.4474431818181818,TRUE,2,Weak,Midwest,4,1,2,0.3557692307692308,Evening
579,1966,12,8,1966-12-08,08:30:00,America/Chicago,1966-12-08T14:30:00Z,MO,29,2,0,0,5000,37.1,-92.25,0,0,1,100,1,1,215,0,0,0,FALSE,0,FALSE,0.056818181818181816,TRUE,1,Strong,Midwest,3.6989700043360187,2,0,1.2972972972972974,Afternoon
521,2000,9,8,2000-09-08,14:05:00,America/Chicago,2000-09-08T19:05:00Z,CO,8,1,0,0,1000,38.93,-108.28,38.93,-108.27,0.4,40,1,1,77,0,0,0,FALSE,0,FALSE,0.009090909090909092,TRUE,4,Weak,West,3,1,0,0.18333333333333332,Evening
305,1956,6,27,1956-06-27,14:23:00,America/Chicago,1956-06-27T19:23:00Z,OK,40,1,0,0,50000,36.75,-95.72,0,0,0.1,10,1,1,105,0,0,0,FALSE,0,FALSE,5.681818181818183e-4,TRUE,3,Weak,South,4.698970004336019,1,7,1.3877551020408163,Evening
594255,2015,7,2,2015-07-02,18:20:00,America/Chicago,2015-07-02T23:20:00Z,TN,47,0,0,0,10000,36.1673,-86.3412,36.1738,-86.2966,2.53,100,1,1,189,0,0,0,FALSE,0,FALSE,0.14375,TRUE,3,Weak,South,4,0,2,0.75,Evening
442,2004,9,5,2004-09-05,03:05:00,America/Chicago,2004-09-05T08:05:00Z,FL,12,0,0,0,10000,30.1,-81.55,30.1,-81.63,5,75,1,1,109,0,0,0,FALSE,0,FALSE,0.2130681818181818,TRUE,4,Weak,South,4,0,6,0.3173076923076923,Morning
530,1957,6,11,1957-06-11,15:00:00,America/Chicago,1957-06-11T20:00:00Z,CO,8,1,0,0,500,38.1,-103.13,0,0,0.1,10,1,1,11,0,0,0,TRUE,0,FALSE,5.681818181818183e-4,TRUE,3,Weak,West,2.6989700043360187,1,0,0.8333333333333334,Evening
1099,1999,5,11,1999-05-11,21:37:00,America/Chicago,1999-05-12T02:37:00Z,OK,40,0,0,0,1000,35.62,-95.08,35.62,-95.08,0.5,50,1,1,135,0,0,0,FALSE,0,FALSE,0.014204545454545454,TRUE,2,Weak,South,3,0,42,0.7163120567375887,Night
769,1983,8,18,1983-08-18,19:20:00,America/Chicago,1983-08-19T00:20:00Z,TX,48,0,0,0,50,29.7,-95.1,0,0,1,50,1,1,201,0,0,0,FALSE,0,FALSE,0.028409090909090908,TRUE,3,Weak,South,1.6989700043360187,0,8,0.5268817204301075,Night
355901,2011,12,22,2011-12-22,14:02:00,America/Chicago,2011-12-22T20:02:00Z,AL,1,0,0,0,65000,32.6203,-86.5478,32.7019,-86.4059,10.18,100,1,1,1,51,0,0,FALSE,0,FALSE,0.5784090909090909,TRUE,1,Weak,South,4.812913356642856,0,237,1.3014705882352942,Evening
505,1999,7,1,1999-07-01,18:42:00,America/Chicago,1999-07-01T23:42:00Z,KY,21,1,0,0,100000,36.55,-88.32,36.57,-88.17,9,400,1,1,35,0,0,0,FALSE,0,FALSE,2.0454545454545454,TRUE,3,Weak,South,5,1,0,0.6666666666666666,Evening
406,1984,5,18,1984-05-18,14:40:00,America/Chicago,1984-05-18T19:40:00Z,CO,8,2,0,0,315000,40.12,-104.58,40.17,-104.47,5,50,1,1,123,0,0,0,FALSE,0,FALSE,0.14204545454545453,TRUE,2,Strong,West,5.498310553789601,2,0,1.1219512195121952,Evening
565948,2015,5,6,2015-05-06,19:55:00,America/Chicago,2015-05-07T00:55:00Z,KS,20,0,0,0,10000,39.1756,-97.5607,39.1756,-97.5607,0.25,50,1,1,143,0,0,0,FALSE,0,FALSE,0.007102272727272727,TRUE,2,Weak,Midwest,4,0,0,0.4365079365079365,Night
308544,2011,6,19,2011-06-19,05:39:00,America/Chicago,2011-06-19T10:39:00Z,KY,21,2,0,0,50000,37.7473,-86.4204,37.7467,-86.402,1,60,1,1,27,0,0,0,FALSE,0,FALSE,0.03409090909090909,TRUE,3,Strong,South,4.698970004336019,2,0,0.9473684210526315,Morning
258,1982,5,9,1982-05-09,18:53:00,America/Chicago,1982-05-09T23:53:00Z,TX,48,0,0,0,50,35.68,-101.82,0,0,0.1,10,1,1,341,0,0,0,FALSE,0,FALSE,5.681818181818183e-4,TRUE,2,Weak,South,1.6989700043360187,0,14,0.8514851485148515,Evening
616787,2018,10,8,2018-10-08,17:22:00,America/Chicago,2018-10-08T22:22:00Z,IA,19,0,0,0,10000,41.7965,-94.4064,41.8374,-94.3056,5.91,100,1,1,77,0,0,0,FALSE,0,FALSE,0.33579545454545456,TRUE,4,Weak,Midwest,4,0,0,0.36231884057971014,Evening
620164,2021,6,14,2021-06-14,16:42:00,America/Chicago,2021-06-14T21:42:00Z,WV,54,0,0,0,10000,39.473,-80.122,39.4622,-80.1147,0.9,100,1,1,49,0,0,0,FALSE,0,FALSE,0.05113636363636363,TRUE,3,Weak,South,4,0,0,0.5,Evening
295406,2011,5,25,2011-05-25,22:40:00,America/Chicago,2011-05-26T03:40:00Z,AL,1,0,0,0,10000,34.7803,-87.1783,34.7885,-87.1582,1.27,25,1,1,83,0,0,0,FALSE,0,FALSE,0.018039772727272727,TRUE,2,Weak,South,4,0,237,1.3014705882352942,Night
319,1971,5,23,1971-05-23,15:15:00,America/Chicago,1971-05-23T20:15:00Z,NE,31,1,0,0,50000,41.23,-96.62,41.43,-96.5,14.7,70,1,1,155,53,0,0,FALSE,0,FALSE,0.5846590909090909,TRUE,2,Weak,Midwest,4.698970004336019,1,0,0.11538461538461539,Evening
428,2005,4,8,2005-04-08,15:12:00,America/Chicago,2005-04-08T20:12:00Z,CA,6,0,0,0,10000,37.82,-121.3,37.83,-121.25,1.5,0,1,1,77,0,0,0,FALSE,0,FALSE,0,TRUE,2,Weak,West,4,0,0,0.13333333333333333,Evening
407,1974,5,13,1974-05-13,16:30:00,America/Chicago,1974-05-13T21:30:00Z,IA,19,3,0,0,500000,41.13,-95.07,41.22,-94.88,10.9,20,1,1,137,29,0,0,FALSE,0,FALSE,0.12386363636363637,TRUE,2,Strong,Midwest,5.698970004336019,3,3,1.5185185185185186,Evening
621337,2022,4,12,2022-04-12,22:08:00,America/Chicago,2022-04-13T03:08:00Z,MN,27,1,0,0,650000,43.651,-92.4214,43.6835,-92.4117,2.3,180,1,1,45,0,0,0,FALSE,0,FALSE,0.23522727272727273,TRUE,2,Weak,Midwest,5.812913356642856,1,0,0.704225352112676,Night
616658,2018,9,4,2018-09-04,20:05:00,America/Chicago,2018-09-05T01:05:00Z,MN,27,1,0,0,7000,43.8443,-91.7903,43.9093,-91.7401,5.14,50,1,1,45,169,0,0,FALSE,0,FALSE,0.14602272727272725,TRUE,4,Weak,Midwest,3.845098040014257,1,0,0.6818181818181818,Night
119,1965,4,8,1965-04-08,20:30:00,America/Chicago,1965-04-09T02:30:00Z,OH,39,3,0,0,500000,38.87,-82.98,0,0,2,100,1,1,145,0,0,0,FALSE,0,FALSE,0.11363636363636363,TRUE,2,Strong,Midwest,5.698970004336019,3,62,1.8387096774193548,Night
554,1979,7,24,1979-07-24,20:00:00,America/Chicago,1979-07-25T01:00:00Z,NM,35,0,0,0,5000,32.93,-103.53,0,0,0.1,10,1,1,25,0,0,0,FALSE,0,FALSE,5.681818181818183e-4,TRUE,3,Weak,West,3.6989700043360187,0,0,0.38461538461538464,Night
198,1973,4,20,1973-04-20,13:50:00,America/Chicago,1973-04-20T19:50:00Z,MO,29,1,0,0,5000,38.9,-92.78,0,0,0.1,10,1,1,53,0,0,0,FALSE,0,FALSE,5.681818181818183e-4,TRUE,2,Weak,Midwest,3.6989700043360187,1,8,1.518987341772152,Evening
594,2006,6,5,2006-06-05,15:40:00,America/Chicago,2006-06-05T20:40:00Z,MN,27,1,0,0,50000,46.32,-95.18,46.32,-95.17,1,50,1,1,111,0,0,0,FALSE,0,FALSE,0.028409090909090908,TRUE,3,Weak,Midwest,4.698970004336019,1,2,0.76,Evening
391,2007,4,26,2007-04-26,14:50:00,America/Chicago,2007-04-26T19:50:00Z,TN,47,0,0,0,20000,36.01,-85.21,36.08,-85.1,7.94,50,1,1,35,0,0,0,FALSE,0,FALSE,0.22556818181818183,TRUE,2,Weak,South,4.301029995663981,0,0,0.8,Evening
311,1955,6,3,1955-06-03,17:20:00,America/Chicago,1955-06-03T22:20:00Z,TX,48,0,0,0,10000,36.02,-100.27,36.07,-100.18,5.7,10,1,1,211,295,0,0,FALSE,0,FALSE,0.03238636363636364,TRUE,3,Weak,South,4,0,4,1.0865384615384615,Evening
814,2005,6,6,2005-06-06,17:01:00,America/Chicago,2005-06-06T22:01:00Z,NE,31,0,0,0,10000,41.62,-101.63,41.62,-101.63,0.1,25,1,1,5,0,0,0,FALSE,0,FALSE,0.0014204545454545455,TRUE,3,Weak,Midwest,4,0,0,0.1,Evening
589,1959,10,17,1959-10-17,14:30:00,America/Chicago,1959-10-17T19:30:00Z,FL,12,0,0,0,10000,27.2,-80.25,0,0,0.1,10,1,1,85,0,0,0,TRUE,0,FALSE,5.681818181818183e-4,TRUE,4,Weak,South,4,0,1,1.1111111111111112,Evening
834,2000,5,24,2000-05-24,19:57:00,America/Chicago,2000-05-25T00:57:00Z,OK,40,0,0,0,10000,36.25,-95.1,36.25,-95.1,0.2,50,1,1,97,0,0,0,FALSE,0,FALSE,0.005681818181818182,TRUE,2,Weak,South,4,0,0,0.4186046511627907,Night
107,1997,3,1,1997-03-01,22:30:00,America/Chicago,1997-03-02T04:30:00Z,TX,48,1,0,0,40000,31.07,-97.35,31.07,-97.32,2.5,73,1,1,27,0,0,0,FALSE,0,FALSE,0.10369318181818182,TRUE,2,Weak,South,4.6020599913279625,1,29,0.43455497382198954,Night
355495,2012,1,22,2012-01-22,20:15:00,America/Chicago,2012-01-23T02:15:00Z,AR,5,2,0,0,825000,34.1925,-91.7274,34.3193,-91.4728,16.98,300,1,1,69,1,0,0,FALSE,0,FALSE,2.8943181818181816,TRUE,1,Strong,South,5.9164539485499255,2,0,1,Night
708,1957,8,5,1957-08-05,17:00:00,America/Chicago,1957-08-05T22:00:00Z,CO,8,1,0,0,500,39.12,-104.9,0,0,0.1,10,1,1,41,0,0,0,TRUE,0,FALSE,5.681818181818183e-4,TRUE,3,Weak,West,2.6989700043360187,1,0,0.8333333333333334,Evening
317747,2011,5,21,2011-05-21,17:36:00,America/Chicago,2011-05-21T22:36:00Z,MN,27,0,0,0,10000,45.042,-93.5749,45.0443,-93.5723,0.2,25,1,1,53,0,0,0,FALSE,0,FALSE,0.002840909090909091,TRUE,2,Weak,Midwest,4,0,1,0.5,Evening
943,1994,8,27,1994-08-27,21:07:00,America/Chicago,1994-08-28T02:07:00Z,WI,55,1,0,0,50000,44.13,-89.52,0,0,1.5,73,1,1,137,0,0,0,FALSE,0,FALSE,0.0622159090909091,TRUE,3,Weak,Midwest,4.698970004336019,1,4,1.1666666666666667,Night
671,2001,5,10,2001-05-10,16:27:00,America/Chicago,2001-05-10T21:27:00Z,IA,19,0,0,0,10000,41.93,-93.72,41.93,-93.72,0.3,30,1,1,169,0,0,0,FALSE,0,FALSE,0.005113636363636363,TRUE,2,Weak,Midwest,4,0,2,0.3557692307692308,Evening
140,1988,5,8,1988-05-08,14:22:00,America/Chicago,1988-05-08T19:22:00Z,IA,19,0,0,0,50000,42.53,-91.35,0,0,0.5,20,1,1,55,0,0,0,FALSE,0,FALSE,0.005681818181818182,TRUE,2,Weak,Midwest,4.698970004336019,0,0,0.9387755102040817,Evening
33,1976,2,18,1976-02-18,13:05:00,America/Chicago,1976-02-18T19:05:00Z,NC,37,1,0,0,500000,35.53,-82.95,0,0,1,50,1,1,87,0,0,0,FALSE,0,FALSE,0.028409090909090908,TRUE,1,Weak,South,5.698970004336019,1,3,1.2173913043478262,Evening
80,1989,4,3,1989-04-03,16:20:00,America/Chicago,1989-04-03T21:20:00Z,MO,29,1,0,0,50000,37.13,-90.47,0,0,0.5,50,1,1,223,0,0,0,FALSE,0,FALSE,0.014204545454545454,TRUE,2,Weak,Midwest,4.698970004336019,1,0,0.9230769230769231,Evening
616138,2018,4,22,2018-04-22,12:43:00,America/Chicago,2018-04-22T17:43:00Z,AL,1,1,0,0,100000,31.7537,-86.4005,31.8056,-86.3837,3.72,150,1,1,41,0,0,0,FALSE,0,FALSE,0.3170454545454545,TRUE,2,Weak,South,5,1,0,0.5909090909090909,Afternoon
37,1991,2,19,1991-02-19,02:55:00,America/Chicago,1991-02-19T08:55:00Z,TX,48,2,0,0,500000,31.53,-94.15,31.58,-94.05,5,200,1,1,405,0,0,0,FALSE,0,FALSE,0.5681818181818181,TRUE,1,Strong,South,5.698970004336019,2,1,0.5677083333333334,Morning
699,1981,8,27,1981-08-27,16:08:00,America/Chicago,1981-08-27T21:08:00Z,FL,12,0,0,0,5000,26.13,-81.8,0,0,0.1,20,1,1,21,0,0,0,FALSE,0,FALSE,0.0011363636363636365,TRUE,3,Weak,South,3.6989700043360187,0,0,0.5901639344262295,Evening
846,2010,7,6,2010-07-06,08:44:00,America/Chicago,2010-07-06T13:44:00Z,LA,22,0,0,0,10000,30.0156,-90.077,30.0156,-90.077,0.1,25,1,1,71,0,0,0,FALSE,0,FALSE,0.0014204545454545455,TRUE,3,Weak,South,4,0,10,0.625,Afternoon
306,1956,6,27,1956-06-27,15:30:00,America/Chicago,1956-06-27T20:30:00Z,NH,33,1,0,0,500,43,-71.5,0,0,2,17,1,1,11,0,0,0,TRUE,0,FALSE,0.019318181818181818,TRUE,3,Weak,Northeast,2.6989700043360187,1,0,1,Evening
302288,2011,4,27,2011-04-27,05:20:00,America/Chicago,2011-04-27T10:20:00Z,AL,1,1,0,0,50000,34.2596,-86.4599,34.3458,-86.3014,11.04,75,1,1,43,95,0,0,FALSE,0,FALSE,0.4704545454545454,TRUE,2,Weak,South,4.698970004336019,1,237,1.3014705882352942,Morning
615422,2017,6,13,2017-06-13,15:32:00,America/Chicago,2017-06-13T20:32:00Z,SD,46,0,0,0,10000,44.86,-98.75,44.8608,-98.7482,0.1,10,1,1,59,0,0,0,FALSE,0,FALSE,5.681818181818183e-4,TRUE,3,Weak,Midwest,4,0,0,0.26666666666666666,Evening
665,1999,10,9,1999-10-09,03:20:00,America/Chicago,1999-10-09T08:20:00Z,AL,1,0,0,0,40000,30.7,-88.17,30.7,-88.17,0.7,200,1,1,97,0,0,0,FALSE,0,FALSE,0.07954545454545454,TRUE,4,Weak,South,4.6020599913279625,0,0,0.30434782608695654,Morning
580,1990,6,2,1990-06-02,20:25:00,America/Chicago,1990-06-03T01:25:00Z,IN,18,3,0,0,500000,38.75,-86.1,38.85,-85.5,41,150,1,1,175,71,143,77,FALSE,0,FALSE,3.4943181818181817,TRUE,3,Strong,Midwest,5.698970004336019,3,8,1.1555555555555554,Night
432823,2013,2,10,2013-02-10,16:23:00,America/Chicago,2013-02-10T22:23:00Z,MS,28,2,3,0,375000,31.1091,-89.9209,31.2131,-89.6399,18.13,400,1,1,91,73,0,0,FALSE,3,FALSE,4.120454545454545,TRUE,1,Strong,South,5.574031267727719,2,2,1,Evening
650,1992,6,27,1992-06-27,18:31:00,America/Chicago,1992-06-27T23:31:00Z,TX,48,4,7,0,50000000,35.68,-101.73,35.53,-101.48,20,1583,1,1,341,233,65,0,FALSE,7,FALSE,17.988636363636363,TRUE,3,Violent,South,7.698970004336019,4,0,0.5185185185185185,Evening
576,1993,6,22,1993-06-22,16:53:00,America/Chicago,1993-06-22T21:53:00Z,NE,31,0,0,0,10000,41.13,-101.83,0,0,0.1,40,1,1,101,0,0,0,FALSE,0,FALSE,0.002272727272727273,TRUE,3,Weak,Midwest,4,0,0,0.8260869565217391,Evening
385,1958,7,14,1958-07-14,19:50:00,America/Chicago,1958-07-15T00:50:00Z,IA,19,2,0,0,50000,42.2,-92.5,0,0,0.1,200,1,1,171,0,0,0,FALSE,0,FALSE,0.011363636363636364,TRUE,3,Strong,Midwest,4.698970004336019,2,0,1.1428571428571428,Night
626,1985,9,12,1985-09-12,14:15:00,America/Chicago,1985-09-12T19:15:00Z,FL,12,0,0,0,50000,28.9,-82.48,0,0,0.5,30,1,1,17,0,0,0,FALSE,0,FALSE,0.008522727272727272,TRUE,4,Weak,South,4.698970004336019,0,2,0.5428571428571428,Evening
1085,2007,12,15,2007-12-15,20:30:00,America/Chicago,2007-12-16T02:30:00Z,GA,13,1,0,0,5000,31.87,-83.46,31.88,-83.45,0.5,100,1,1,315,0,0,0,FALSE,0,FALSE,0.028409090909090908,TRUE,1,Weak,South,3.6989700043360187,1,10,1.075,Night
267,2000,5,4,2000-05-04,17:45:00,America/Chicago,2000-05-04T22:45:00Z,AR,5,0,0,0,10000,35.83,-91.38,35.83,-91.38,0.2,10,1,1,63,0,0,0,FALSE,0,FALSE,0.0011363636363636365,TRUE,2,Weak,South,4,0,0,0.5945945945945946,Evening
621080,2022,3,22,2022-03-22,04:35:00,America/Chicago,2022-03-22T09:35:00Z,TX,48,0,4,0,100000,29.4886,-96.0397,29.4936,-96.0237,0.82,30,1,1,157,0,0,0,FALSE,4,FALSE,0.013977272727272725,TRUE,2,Weak,South,5,0,3,1.0254237288135593,Morning
764,1995,6,9,1995-06-09,16:16:00,America/Chicago,1995-06-09T21:16:00Z,TX,48,0,0,0,10000,34.15,-99.45,0,0,0.1,100,1,1,487,0,0,0,FALSE,0,FALSE,0.005681818181818182,TRUE,3,Weak,South,4,0,6,0.354978354978355,Evening
598,1962,8,18,1962-08-18,14:10:00,America/Chicago,1962-08-18T19:10:00Z,FL,12,0,0,0,10000,26.15,-80.43,0,0,0.1,10,1,1,11,0,0,0,FALSE,0,FALSE,5.681818181818183e-4,TRUE,3,Weak,South,4,0,18,1.2777777777777777,Evening
635,2010,6,16,2010-06-16,18:53:00,America/Chicago,2010-06-16T23:53:00Z,SD,46,0,0,0,10000,45.09,-101.64,45.09,-101.64,0.05,30,1,1,137,0,0,0,FALSE,0,FALSE,8.522727272727272e-4,TRUE,3,Weak,Midwest,4,0,0,0.6052631578947368,Evening
102,1976,3,16,1976-03-16,10:00:00,America/Chicago,1976-03-16T16:00:00Z,GA,13,1,0,0,500,31.08,-84.05,0,0,1,50,1,1,205,0,0,0,FALSE,0,FALSE,0.028409090909090908,TRUE,2,Weak,South,2.6989700043360187,1,0,1.25,Afternoon
615680,2017,8,26,2017-08-26,14:50:00,America/Chicago,2017-08-26T19:50:00Z,TX,48,1,0,0,500000,29.907,-95.6872,29.9182,-95.696,0.94,50,1,1,201,0,0,0,FALSE,0,FALSE,0.026704545454545453,TRUE,3,Weak,South,5.698970004336019,1,4,0.6467065868263473,Evening
152,1987,5,25,1987-05-25,20:06:00,America/Chicago,1987-05-26T01:06:00Z,NM,35,0,0,0,10000,32.43,-103.43,0,0,0.2,10,1,1,25,0,0,0,FALSE,0,FALSE,0.0011363636363636365,TRUE,2,Weak,West,4,0,0,0.06666666666666667,Night
616852,2018,10,29,2018-10-29,15:17:00,America/Chicago,2018-10-29T20:17:00Z,OR,41,0,0,0,100000,45.5586,-123.1386,45.5584,-123.13720000000001,0.07,20,1,1,67,0,0,0,FALSE,0,FALSE,7.954545454545456e-4,TRUE,4,Weak,West,5,0,0,0,Evening
1367,2003,12,9,2003-12-09,15:42:00,America/Chicago,2003-12-09T21:42:00Z,AR,5,1,0,0,50000,33.6,-92.48,33.62,-92.48,1,50,1,1,13,0,0,0,FALSE,0,FALSE,0.028409090909090908,TRUE,1,Weak,South,4.698970004336019,1,0,0.8524590163934426,Evening
171,1981,5,9,1981-05-09,12:13:00,America/Chicago,1981-05-09T17:13:00Z,TX,48,3,0,0,5000000,31.97,-97.02,31.93,-96.93,5.2,73,1,1,217,0,0,0,FALSE,0,FALSE,0.2156818181818182,TRUE,2,Strong,South,6.698970004336019,3,1,0.8522727272727273,Afternoon
40,1962,3,11,1962-03-11,18:15:00,America/Chicago,1962-03-12T00:15:00Z,IL,17,1,0,0,500,39.8,-88.3,0,0,0.1,10,1,1,41,0,0,0,TRUE,0,FALSE,5.681818181818183e-4,TRUE,2,Weak,Midwest,2.6989700043360187,1,0,1.3846153846153846,Night
372114,2012,5,19,2012-05-19,17:33:00,America/Chicago,2012-05-19T22:33:00Z,KS,20,3,0,0,500000,37.27,-98.22,37.296,-98.047,9.68,150,1,1,77,0,0,0,FALSE,0,FALSE,0.825,TRUE,2,Strong,Midwest,5.698970004336019,3,1,0.6236559139784946,Evening
39,1977,3,4,1977-03-04,10:00:00,America/Chicago,1977-03-04T16:00:00Z,IN,18,0,0,0,500,40.12,-86.18,0,0,0.1,10,1,1,57,0,0,0,FALSE,0,FALSE,5.681818181818183e-4,TRUE,2,Weak,Midwest,2.6989700043360187,0,1,0.9285714285714286,Afternoon
297477,2011,4,15,2011-04-15,14:06:00,America/Chicago,2011-04-15T19:06:00Z,AL,1,1,0,0,50000,31.6869,-87.2163,31.6928,-87.2053,0.76,100,1,1,99,0,0,0,FALSE,0,FALSE,0.04318181818181818,TRUE,2,Weak,South,4.698970004336019,1,237,1.3014705882352942,Evening
325422,2011,6,9,2011-06-09,14:10:00,America/Chicago,2011-06-09T19:10:00Z,ME,23,0,0,0,10000,46.798,-67.807,46.797,-67.802,0.25,50,1,1,3,0,0,0,FALSE,0,FALSE,0.007102272727272727,TRUE,3,Weak,Northeast,4,0,0,0.4,Evening
621446,2022,5,2,2022-05-02,14:46:00,America/Chicago,2022-05-02T19:46:00Z,KS,20,0,0,0,10000,37.1024,-99.3483,37.1028,-99.3389,0.52,25,1,1,33,0,0,0,FALSE,0,FALSE,0.007386363636363636,TRUE,2,Weak,Midwest,4,0,0,0.8518518518518519,Evening
621,1984,6,17,1984-06-17,16:27:00,America/Chicago,1984-06-17T21:27:00Z,IA,19,0,0,0,10000,42.5,-96.07,0,0,0.1,10,1,1,193,0,0,0,FALSE,0,FALSE,5.681818181818183e-4,TRUE,3,Weak,Midwest,4,0,1,0.847457627118644,Evening
616664,2018,9,8,2018-09-08,15:30:00,America/Chicago,2018-09-08T20:30:00Z,KY,21,1,0,0,3000,37.854,-86.9853,37.8601,-86.9828,0.44,25,1,1,59,0,0,0,FALSE,0,FALSE,0.0062499999999999995,TRUE,4,Weak,South,3.4771212547196626,1,0,0.7428571428571429,Evening
423,2002,11,10,2002-11-10,17:42:00,America/Chicago,2002-11-10T23:42:00Z,TN,47,1,0,0,50000,35.6,-86.15,35.6,-86.08,4.1,50,1,1,31,0,0,0,FALSE,0,FALSE,0.11647727272727271,TRUE,4,Weak,South,4.698970004336019,1,17,1.2,Evening
105,1961,3,16,1961-03-16,19:30:00,America/Chicago,1961-03-17T01:30:00Z,TX,48,2,0,0,5000,29.95,-96.27,0,0,0.1,80,1,1,15,0,0,0,FALSE,0,FALSE,0.004545454545454546,TRUE,2,Strong,South,3.6989700043360187,2,11,1.4193548387096775,Night
658,1996,7,28,1996-07-28,18:25:00,America/Chicago,1996-07-28T23:25:00Z,IL,17,0,0,0,10000,39.92,-89.73,39.92,-89.73,0.1,50,1,1,129,0,0,0,FALSE,0,FALSE,0.002840909090909091,TRUE,3,Weak,Midwest,4,0,1,0.6290322580645161,Evening
777,1980,8,26,1980-08-26,18:30:00,America/Chicago,1980-08-26T23:30:00Z,LA,22,1,0,0,50000,30.2,-93.02,30.12,-93.2,12.5,50,1,1,19,0,0,0,FALSE,0,FALSE,0.35511363636363635,TRUE,3,Weak,South,4.698970004336019,1,2,1.1875,Evening
1027,1973,11,25,1973-11-25,04:00:00,America/Chicago,1973-11-25T10:00:00Z,KY,21,1,0,0,50000,38.58,-85.33,0,0,0.5,10,1,1,223,0,0,0,FALSE,0,FALSE,0.002840909090909091,TRUE,4,Weak,South,4.698970004336019,1,0,1.368421052631579,Morning
613619,2016,3,7,2016-03-07,18:08:00,America/Chicago,2016-03-08T00:08:00Z,TX,48,1,0,0,100000,32.79,-97.98,32.82,-97.97,2.15,300,1,1,367,0,0,0,FALSE,0,FALSE,0.3664772727272727,TRUE,2,Weak,South,5,1,1,0.61,Night
350,1967,5,31,1967-05-31,16:40:00,America/Chicago,1967-05-31T21:40:00Z,FL,12,1,0,0,50000,27.2,-81.8,0,0,0.1,10,1,1,27,0,0,0,TRUE,0,FALSE,5.681818181818183e-4,TRUE,2,Weak,South,4.698970004336019,1,2,1.608695652173913,Evening
621440,2022,5,1,2022-05-01,16:04:00,America/Chicago,2022-05-01T21:04:00Z,TX,48,1,0,0,50000,31.1341,-102.9928,31.0948,-102.931,4.55,100,1,1,371,0,0,0,FALSE,0,FALSE,0.25852272727272724,TRUE,2,Weak,South,4.698970004336019,1,3,1.0254237288135593,Evening
375,1968,6,22,1968-06-22,16:55:00,America/Chicago,1968-06-22T21:55:00Z,KS,20,0,0,0,5000,38.9,-102,38.92,-101.97,0.1,500,1,1,199,0,0,0,FALSE,0,FALSE,0.02840909090909091,TRUE,3,Weak,Midwest,3.6989700043360187,0,0,1.0952380952380953,Evening
1120,2005,8,29,2005-08-29,15:15:00,America/Chicago,2005-08-29T20:15:00Z,GA,13,0,0,0,400000,33.8,-84.87,33.82,-84.9,1,50,1,1,223,0,0,0,FALSE,0,FALSE,0.028409090909090908,TRUE,3,Weak,South,5.6020599913279625,0,4,0.48148148148148145,Evening
643,2009,6,10,2009-06-10,14:30:00,America/Chicago,2009-06-10T19:30:00Z,CO,8,0,0,0,10000,40.52,-104.85,40.52,-104.85,0.01,50,1,1,123,0,0,0,FALSE,0,FALSE,2.840909090909091e-4,TRUE,3,Weak,West,4,0,0,0.11904761904761904,Evening
621906,2022,9,22,2022-09-22,13:03:00,America/Chicago,2022-09-22T18:03:00Z,NM,35,1,0,0,50000,36.24,-108.18,36.2407,-108.1784,0.1,20,1,1,45,0,0,0,FALSE,0,FALSE,0.0011363636363636365,TRUE,4,Weak,West,4.698970004336019,1,0,0.5,Evening
20,1998,2,10,1998-02-10,19:05:00,America/Chicago,1998-02-11T01:05:00Z,MS,28,0,0,0,3000,33.65,-90.22,33.65,-90.22,1.5,50,1,1,83,0,0,0,FALSE,0,FALSE,0.04261363636363636,TRUE,1,Weak,South,3.4771212547196626,0,0,0.42857142857142855,Night
41,1989,3,5,1989-03-05,13:00:00,America/Chicago,1989-03-05T19:00:00Z,AL,1,0,0,0,5000,33.68,-86.87,0,0,0.3,20,1,1,73,0,0,0,FALSE,0,FALSE,0.003409090909090909,TRUE,2,Weak,South,3.6989700043360187,0,22,1.0434782608695652,Evening
278,1999,4,26,1999-04-26,13:01:00,America/Chicago,1999-04-26T18:01:00Z,AR,5,2,2,0,315000,35.28,-93.13,35.33,-93.07,6.5,150,1,1,115,0,0,0,FALSE,2,FALSE,0.5539772727272727,TRUE,2,Strong,South,5.498310553789601,2,8,1.145631067961165,Evening
108,1957,4,3,1957-04-03,19:15:00,America/Chicago,1957-04-04T01:15:00Z,MS,28,1,4,0,500000,33.03,-91.03,33.15,-90.88,11.9,10,1,1,151,0,0,0,FALSE,4,FALSE,0.06761363636363636,TRUE,2,Weak,South,5.698970004336019,1,6,1.6538461538461537,Night
1048,1990,10,3,1990-10-03,20:30:00,America/Chicago,1990-10-04T01:30:00Z,IL,17,1,0,0,500000,37.9,-88.62,37.92,-88.57,3,50,1,1,165,65,0,0,FALSE,0,FALSE,0.08522727272727272,TRUE,4,Weak,Midwest,5.698970004336019,1,30,1.3673469387755102,Night
227,1980,5,12,1980-05-12,18:45:00,America/Chicago,1980-05-12T23:45:00Z,MO,29,1,0,0,500000,38.75,-92.13,0,0,0.5,50,1,1,27,0,0,0,FALSE,0,FALSE,0.014204545454545454,TRUE,2,Weak,Midwest,5.698970004336019,1,0,2,Evening
230,1978,5,11,1978-05-11,19:15:00,America/Chicago,1978-05-12T00:15:00Z,TX,48,0,0,0,10000,32.25,-95.2,0,0,0.1,10,1,1,423,0,0,0,FALSE,0,FALSE,5.681818181818183e-4,TRUE,2,Weak,South,4,0,1,0.4744525547445255,Night
615140,2017,5,10,2017-05-10,14:58:00,America/Chicago,2017-05-10T19:58:00Z,TX,48,1,0,0,50000,34.3019,-100.0641,34.3051,-100.0462,1.05,25,1,1,101,0,0,0,FALSE,0,FALSE,0.014914772727272728,TRUE,2,Weak,South,4.698970004336019,1,4,0.6467065868263473,Evening
85,1977,3,30,1977-03-30,17:02:00,America/Chicago,1977-03-30T23:02:00Z,OH,39,1,0,0,50000,41.47,-81.07,0,0,0.5,50,1,1,55,0,0,0,FALSE,0,FALSE,0.014204545454545454,TRUE,2,Weak,Midwest,4.698970004336019,1,0,1,Evening
536,1998,3,28,1998-03-28,19:20:00,America/Chicago,1998-03-29T01:20:00Z,CA,6,0,0,0,1000,37.67,-121.33,37.67,-121.33,0.1,30,1,1,77,0,0,0,FALSE,0,FALSE,0.0017045454545454545,TRUE,2,Weak,West,3,0,0,0.32,Night
621187,2022,3,30,2022-03-30,19:55:00,America/Chicago,2022-03-31T00:55:00Z,MS,28,1,0,0,50000,31.6648,-88.542,31.6681,-88.5396,0.27,50,1,1,153,0,0,0,FALSE,0,FALSE,0.007670454545454545,TRUE,2,Weak,South,4.698970004336019,1,0,0.9915254237288136,Night
478,1968,7,30,1968-07-30,17:25:00,America/Chicago,1968-07-30T22:25:00Z,NE,31,2,2,0,500000,41.17,-97.65,41.12,-97.53,6.4,200,1,1,143,0,0,0,FALSE,2,FALSE,0.7272727272727273,TRUE,3,Strong,Midwest,5.698970004336019,2,0,0.8095238095238095,Evening
355,1988,7,15,1988-07-15,15:14:00,America/Chicago,1988-07-15T20:14:00Z,IA,19,2,42,0,50000000,41.27,-95.87,0,0,2.3,100,1,1,155,0,0,0,FALSE,42,FALSE,0.13068181818181818,TRUE,3,Strong,Midwest,7.698970004336019,2,0,0.9387755102040817,Evening
258,1983,5,10,1983-05-10,21:15:00,America/Chicago,1983-05-11T02:15:00Z,TX,48,1,0,0,50,32.78,-100.08,0,0,0.1,17,1,1,253,0,0,0,FALSE,0,FALSE,9.65909090909091e-4,TRUE,2,Weak,South,1.6989700043360187,1,8,0.5268817204301075,Night
635,2007,5,25,2007-05-25,13:53:00,America/Chicago,2007-05-25T18:53:00Z,IL,17,0,0,0,10000,39.37,-87.98,39.38,-87.95,2.5,30,1,1,23,0,0,0,FALSE,0,FALSE,0.04261363636363636,TRUE,2,Weak,Midwest,4,0,0,0.045454545454545456,Evening
229,1958,6,10,1958-06-10,17:00:00,America/Chicago,1958-06-10T22:00:00Z,MO,29,0,0,0,50,39.15,-93.02,0,0,0.2,10,1,1,195,0,0,0,FALSE,0,FALSE,0.0011363636363636365,TRUE,3,Weak,Midwest,1.6989700043360187,0,2,1.3225806451612903,Evening
768,1994,7,16,1994-07-16,18:03:00,America/Chicago,1994-07-16T23:03:00Z,CO,8,0,0,0,10000,40.18,-104.82,0,0,0.1,10,1,1,123,0,0,0,FALSE,0,FALSE,5.681818181818183e-4,TRUE,3,Weak,West,4,0,0,0.1956521739130435,Evening
530904,2014,6,30,2014-06-30,20:44:00,America/Chicago,2014-07-01T01:44:00Z,IL,17,0,0,0,10000,41.4411,-88.4692,41.434,-88.4285,2.16,50,1,1,63,0,0,0,FALSE,0,FALSE,0.06136363636363636,TRUE,3,Weak,Midwest,4,0,0,0.6666666666666666,Night
742,2008,5,14,2008-05-14,14:15:00,America/Chicago,2008-05-14T19:15:00Z,TX,48,0,0,0,10000,33.06,-102.65,33.08,-102.62,1.91,75,1,1,501,0,0,0,FALSE,0,FALSE,0.08139204545454544,TRUE,2,Weak,South,4,0,0,0.23333333333333334,Evening
154,1968,5,7,1968-05-07,13:15:00,America/Chicago,1968-05-07T18:15:00Z,OK,40,0,0,0,5000,34.05,-97.67,0,0,2,50,1,1,67,0,0,0,FALSE,0,FALSE,0.056818181818181816,TRUE,2,Weak,South,3.6989700043360187,0,0,1.0727272727272728,Evening
395,2007,4,26,2007-04-26,17:12:00,America/Chicago,2007-04-26T22:12:00Z,MI,26,1,0,0,10000,41.95,-86.4,41.96,-86.38,1.24,50,1,1,21,0,0,0,FALSE,0,FALSE,0.035227272727272725,TRUE,2,Weak,Midwest,4,1,3,1.0434782608695652,Evening
842,1984,10,16,1984-10-16,14:40:00,America/Chicago,1984-10-16T19:40:00Z,MO,29,1,0,0,500000,37.18,-91.67,0,0,1,100,1,1,203,0,0,0,FALSE,0,FALSE,0.056818181818181816,TRUE,4,Weak,Midwest,5.698970004336019,1,5,1.05,Evening
562,1955,10,24,1955-10-24,16:35:00,America/Chicago,1955-10-24T21:35:00Z,CT,9,1,0,0,5000,41.72,-72.62,0,0,0.5,200,1,1,3,0,0,0,FALSE,0,FALSE,0.056818181818181816,TRUE,4,Weak,Northeast,3.6989700043360187,1,0,1.5,Evening
502,1974,6,2,1974-06-02,20:45:00,America/Chicago,1974-06-03T01:45:00Z,TX,48,1,0,0,50000,33.87,-101.68,0,0,0.8,27,1,1,189,0,0,0,FALSE,0,FALSE,0.012272727272727274,TRUE,3,Weak,South,4.698970004336019,1,3,1.146551724137931,Night
1,2009,1,3,2009-01-03,13:13:00,America/Chicago,2009-01-03T19:13:00Z,MS,28,1,0,0,40000,31.875,-89.331,31.888,-89.327,0.93,175,1,1,129,0,0,0,FALSE,0,FALSE,0.0924715909090909,TRUE,1,Weak,South,4.6020599913279625,1,1,0.6590909090909091,Evening
338,1960,6,1,1960-06-01,17:45:00,America/Chicago,1960-06-01T22:45:00Z,KS,20,0,0,0,50,38.98,-97.27,0,0,0.1,10,1,1,41,0,0,0,TRUE,0,FALSE,5.681818181818183e-4,TRUE,3,Weak,Midwest,1.6989700043360187,0,1,1.3833333333333333,Evening
385,1972,6,15,1972-06-15,16:28:00,America/Chicago,1972-06-15T21:28:00Z,NM,35,0,0,0,10000,35.38,-106.08,0,0,0.1,10,1,1,49,0,0,0,FALSE,0,FALSE,5.681818181818183e-4,TRUE,3,Weak,West,4,0,0,0.5555555555555556,Evening
28,2001,3,4,2001-03-04,06:20:00,America/Chicago,2001-03-04T12:20:00Z,FL,12,0,0,0,80000,29.17,-82.27,29.2,-82.27,2.5,20,1,1,83,0,0,0,FALSE,0,FALSE,0.02840909090909091,TRUE,2,Weak,South,4.903089986991944,0,2,0.37142857142857144,Afternoon
594,1967,7,5,1967-07-05,19:00:00,America/Chicago,1967-07-06T00:00:00Z,ND,38,0,0,0,50000,48.87,-99.62,0,0,0.1,10,1,1,79,0,0,0,FALSE,0,FALSE,5.681818181818183e-4,TRUE,3,Weak,Midwest,4.698970004336019,0,0,0.25,Night
617958,2019,5,29,2019-05-29,19:54:00,America/Chicago,2019-05-30T00:54:00Z,IA,19,1,0,0,50000,42.4108,-93.0399,42.4203,-93.0384,0.66,20,1,1,83,0,0,0,FALSE,0,FALSE,0.007500000000000001,TRUE,2,Weak,Midwest,4.698970004336019,1,1,0.8571428571428571,Night
428334,2013,3,5,2013-03-05,18:02:00,America/Chicago,2013-03-06T00:02:00Z,GA,13,1,0,0,250000,33.2693,-82.6114,33.2742,-82.5854,1.54,150,1,1,125,0,0,0,FALSE,0,FALSE,0.13125,TRUE,2,Weak,South,5.3979400086720375,1,1,0.8235294117647058,Night
328,1978,5,26,1978-05-26,20:35:00,America/Chicago,1978-05-27T01:35:00Z,NE,31,0,0,0,10000,40.27,-101.23,0,0,0.1,10,1,1,87,0,0,0,TRUE,0,FALSE,5.681818181818183e-4,TRUE,2,Weak,Midwest,4,0,0,1.1666666666666667,Night
599,1985,8,30,1985-08-30,19:00:00,America/Chicago,1985-08-31T00:00:00Z,TN,47,1,0,0,500,36.43,-87.2,0,0,2,30,1,1,125,0,0,0,FALSE,0,FALSE,0.03409090909090909,TRUE,3,Weak,South,2.6989700043360187,1,0,1.6,Night
617029,2019,1,8,2019-01-08,09:20:00,America/Chicago,2019-01-08T15:20:00Z,OH,39,1,0,0,250000,41.3226,-80.8153,41.3303,-80.7285,4.5,75,1,1,155,0,0,0,FALSE,0,FALSE,0.19176136363636362,TRUE,1,Weak,Midwest,5.3979400086720375,1,1,0.8125,Afternoon
170,2002,6,12,2002-06-12,11:16:00,America/Chicago,2002-06-12T16:16:00Z,IA,19,0,0,0,10000,41.98,-91.85,41.98,-91.85,0.1,10,1,1,11,0,0,0,FALSE,0,FALSE,5.681818181818183e-4,TRUE,3,Weak,Midwest,4,0,0,0.16129032258064516,Afternoon
297,1996,5,25,1996-05-25,19:50:00,America/Chicago,1996-05-26T00:50:00Z,IL,17,0,0,0,10000,38.58,-89.05,38.57,-89.05,1,50,1,1,121,0,0,0,FALSE,0,FALSE,0.028409090909090908,TRUE,2,Weak,Midwest,4,0,1,0.6290322580645161,Night
443446,2013,5,23,2013-05-23,12:53:00,America/Chicago,2013-05-23T17:53:00Z,TX,48,0,0,0,10000,34.1,-101.32,34.1,-101.32,0.01,30,1,1,153,0,0,0,FALSE,0,FALSE,1.7045454545454544e-4,TRUE,2,Weak,South,4,0,7,0.34523809523809523,Afternoon
439,1962,6,16,1962-06-16,16:50:00,America/Chicago,1962-06-16T21:50:00Z,WY,56,3,0,0,5000,42.92,-108.73,0,0,0.5,67,1,1,13,0,0,0,FALSE,0,FALSE,0.01903409090909091,TRUE,3,Strong,West,3.6989700043360187,3,0,1,Evening
72,1972,3,20,1972-03-20,16:30:00,America/Chicago,1972-03-20T22:30:00Z,TX,48,2,0,0,50000,29.43,-96.93,29.43,-96.87,4.5,50,1,1,285,0,0,0,FALSE,0,FALSE,0.1278409090909091,TRUE,2,Strong,South,4.698970004336019,2,2,0.965034965034965,Evening
255,1956,6,4,1956-06-04,18:15:00,America/Chicago,1956-06-04T23:15:00Z,GA,13,1,0,0,50000,31,-83.37,31.03,-83.33,3.3,77,1,1,185,0,0,0,FALSE,0,FALSE,0.14437499999999998,TRUE,3,Weak,South,4.698970004336019,1,0,0.8235294117647058,Evening
613581,2016,2,23,2016-02-23,22:24:00,America/Chicago,2016-02-24T04:24:00Z,AL,1,1,0,0,50000,31.2479,-85.5317,31.2711,-85.4551,4.83,200,1,1,69,45,69,0,FALSE,0,FALSE,0.5488636363636363,TRUE,1,Weak,South,4.698970004336019,1,4,0.8253968253968254,Night
208,1975,4,15,1975-04-15,08:50:00,America/Chicago,1975-04-15T13:50:00Z,FL,12,0,0,0,10000,27.7,-80.92,0,0,0.1,23,1,1,97,0,0,0,FALSE,0,FALSE,0.0013068181818181818,TRUE,2,Weak,South,4,0,2,0.6185567010309279,Afternoon
483,1971,6,9,1971-06-09,17:00:00,America/Chicago,1971-06-09T22:00:00Z,TX,48,2,0,0,315000,36.03,-101.82,0,0,0.1,10,1,1,421,0,0,0,FALSE,0,FALSE,5.681818181818183e-4,TRUE,3,Strong,South,5.498310553789601,2,2,1.4293193717277486,Evening
598,2006,6,5,2006-06-05,19:41:00,America/Chicago,2006-06-06T00:41:00Z,ND,38,0,0,0,10000,45.97,-96.97,45.97,-96.9,2,25,1,1,77,0,0,0,FALSE,0,FALSE,0.028409090909090908,TRUE,3,Weak,Midwest,4,0,0,0.14285714285714285,Night
181,2008,2,12,2008-02-12,13:45:00,America/Chicago,2008-02-12T19:45:00Z,MS,28,0,0,0,25000,32.04,-89.46,32.05,-89.45,0.7,150,1,1,129,0,0,0,FALSE,0,FALSE,0.0596590909090909,TRUE,1,Weak,South,4.3979400086720375,0,3,0.7706422018348624,Evening
614389,2016,10,6,2016-10-06,15:13:00,America/Chicago,2016-10-06T20:13:00Z,KS,20,2,0,0,315000,38.7407,-97.5156,38.7413,-97.5117,0.21,60,1,1,169,0,0,0,FALSE,0,FALSE,0.007159090909090908,TRUE,4,Strong,Midwest,5.498310553789601,2,0,0.5588235294117647,Evening
232,1983,5,2,1983-05-02,14:45:00,America/Chicago,1983-05-02T19:45:00Z,PA,42,2,0,0,500000,42.07,-80.03,0,0,1,33,1,1,49,0,0,0,FALSE,0,FALSE,0.01875,TRUE,2,Strong,Northeast,5.698970004336019,2,0,1.0625,Evening
1035,2009,9,2,2009-09-02,14:51:00,America/Chicago,2009-09-02T19:51:00Z,SD,46,0,0,0,10000,43.74,-99.03,43.74,-99.01,1,100,1,1,15,0,0,0,FALSE,0,FALSE,0.056818181818181816,TRUE,4,Weak,Midwest,4,0,0,0.17647058823529413,Evening
944,1996,5,24,1996-05-24,14:56:00,America/Chicago,1996-05-24T19:56:00Z,TX,48,0,0,0,10000,36.02,-101.2,36.03,-101.18,0.5,30,1,1,233,0,0,0,FALSE,0,FALSE,0.008522727272727272,TRUE,2,Weak,South,4,0,0,0.2971014492753623,Evening
313498,2011,5,26,2011-05-26,17:38:00,America/Chicago,2011-05-26T22:38:00Z,OH,39,0,0,0,10000,40.3276,-84.62,40.3283,-84.619,0.07,10,1,1,107,0,0,0,FALSE,0,FALSE,3.977272727272728e-4,TRUE,2,Weak,Midwest,4,0,0,0.46153846153846156,Evening
348,1997,7,2,1997-07-02,15:55:00,America/Chicago,1997-07-02T20:55:00Z,MT,30,0,0,0,10000,45.88,-111.33,45.88,-111.33,0.1,20,1,1,31,0,0,0,FALSE,0,FALSE,0.0011363636363636365,TRUE,3,Weak,West,4,0,0,0,Evening
617386,2019,4,25,2019-04-25,10:22:00,America/Chicago,2019-04-25T15:22:00Z,MS,28,1,0,0,50000,30.3935,-89.4453,30.3935,-89.4411,0.25,25,1,1,45,0,0,0,FALSE,0,FALSE,0.0035511363636363635,TRUE,2,Weak,South,4.698970004336019,1,2,1.008849557522124,Afternoon
504,1962,7,9,1962-07-09,08:00:00,America/Chicago,1962-07-09T13:00:00Z,VT,50,2,0,0,50000,43.3,-72.6,43.37,-72.47,7.6,10,1,1,27,0,0,0,FALSE,0,FALSE,0.04318181818181818,TRUE,3,Strong,Northeast,4.698970004336019,2,0,1.6,Afternoon
785,1997,6,18,1997-06-18,15:02:00,America/Chicago,1997-06-18T20:02:00Z,VA,51,0,0,0,2000,39.1,-77.97,39.12,-77.97,0.3,23,1,1,43,0,0,0,FALSE,0,FALSE,0.003920454545454545,TRUE,3,Weak,South,3.3010299956639813,0,0,0.4,Evening
1010,2007,10,17,2007-10-17,17:07:00,America/Chicago,2007-10-17T22:07:00Z,AR,5,1,1,0,200000,33.95,-91.91,34.02,-91.87,5.37,440,1,1,79,0,0,0,FALSE,1,FALSE,1.3425,TRUE,4,Weak,South,5.301029995663981,1,0,1.1333333333333333,Evening
215,1968,5,15,1968-05-15,17:15:00,America/Chicago,1968-05-15T22:15:00Z,IA,19,2,0,0,50000,43.33,-92.18,43.28,-92.1,4.7,250,1,1,89,0,0,0,FALSE,0,FALSE,0.6676136363636365,TRUE,2,Strong,Midwest,4.698970004336019,2,18,1.36,Evening
1023,1990,9,13,1990-09-13,13:15:00,America/Chicago,1990-09-13T18:15:00Z,FL,12,0,0,0,10000,26.45,-82.02,0,0,0.2,10,1,1,71,0,0,0,FALSE,0,FALSE,0.0011363636363636365,TRUE,4,Weak,South,4,0,0,0.08928571428571429,Evening
334,2002,10,3,2002-10-03,12:15:00,America/Chicago,2002-10-03T17:15:00Z,LA,22,0,0,0,30000,30.63,-92.42,30.63,-92.42,1,10,1,1,39,0,0,0,FALSE,0,FALSE,0.005681818181818182,TRUE,4,Weak,South,4.477121254719663,0,2,0.6060606060606061,Afternoon
193,1998,4,7,1998-04-07,15:01:00,America/Chicago,1998-04-07T20:01:00Z,IL,17,0,0,0,10000,40.68,-89.85,40.68,-89.85,0.1,30,1,1,143,0,0,0,FALSE,0,FALSE,0.0017045454545454545,TRUE,2,Weak,Midwest,4,0,0,0.3939393939393939,Evening
694,1964,12,24,1964-12-24,23:30:00,America/Chicago,1964-12-25T05:30:00Z,SC,45,0,0,0,50,34.93,-82.23,0,0,0.2,17,1,1,45,0,0,0,FALSE,0,FALSE,0.001931818181818182,TRUE,1,Weak,South,1.6989700043360187,0,0,0.9047619047619048,Night
446,1977,6,14,1977-06-14,15:15:00,America/Chicago,1977-06-14T20:15:00Z,ND,38,2,1,0,500000,46.25,-103.88,46.2,-103.72,8.2,10,1,1,11,0,0,0,FALSE,1,FALSE,0.046590909090909086,TRUE,3,Strong,Midwest,5.698970004336019,2,0,0.43333333333333335,Evening
621075,2022,3,21,2022-03-21,22:16:00,America/Chicago,2022-03-22T03:16:00Z,TX,48,2,1,0,1785000,31.6591,-95.0306,32.0749,-94.6408,37.13,1400,1,1,73,347,401,0,FALSE,1,FALSE,29.535227272727273,TRUE,2,Strong,South,6.251638220448212,2,3,1.0254237288135593,Night
734,2005,5,10,2005-05-10,19:20:00,America/Chicago,2005-05-11T00:20:00Z,IA,19,0,0,0,2000,41.68,-94.92,41.7,-94.88,2.5,40,1,1,9,0,0,0,FALSE,0,FALSE,0.05681818181818182,TRUE,2,Weak,Midwest,3.3010299956639813,0,1,0.36363636363636365,Night
618733,2020,3,28,2020-03-28,19:20:00,America/Chicago,2020-03-29T00:20:00Z,IL,17,1,0,0,50000,41.6003,-89.8725,41.6313,-89.8658,2.17,20,1,1,195,0,0,0,FALSE,0,FALSE,0.02465909090909091,TRUE,2,Weak,Midwest,4.698970004336019,1,0,0.7301587301587301,Night
388,1983,5,20,1983-05-20,14:54:00,America/Chicago,1983-05-20T19:54:00Z,TX,48,1,0,0,50,34.1,-101.5,0,0,2,1760,1,1,153,0,0,0,FALSE,0,FALSE,2,TRUE,2,Weak,South,1.6989700043360187,1,8,0.5268817204301075,Evening
199,1964,4,28,1964-04-28,13:20:00,America/Chicago,1964-04-28T18:20:00Z,IN,18,2,0,0,315000,40.28,-85.85,0,0,0.1,50,1,1,95,0,0,0,FALSE,0,FALSE,0.002840909090909091,TRUE,2,Strong,Midwest,5.498310553789601,2,0,0.875,Evening
764,1986,12,31,1986-12-31,18:06:00,America/Chicago,1987-01-01T00:06:00Z,FL,12,1,7,0,500000,26.68,-80.67,0,0,1,30,1,1,99,0,0,0,FALSE,7,FALSE,0.017045454545454544,TRUE,1,Weak,South,5.698970004336019,1,0,0.3018867924528302,Night
966,2000,6,1,2000-06-01,17:02:00,America/Chicago,2000-06-01T22:02:00Z,WI,55,1,0,0,100000,42.77,-90.18,42.77,-90.17,0.5,70,1,1,65,0,0,0,FALSE,0,FALSE,0.019886363636363636,TRUE,3,Weak,Midwest,5,1,0,0.4444444444444444,Evening
620222,2021,6,26,2021-06-26,14:23:00,America/Chicago,2021-06-26T19:23:00Z,MI,26,0,0,0,50000,42.951,-85.392,42.959,-85.388,0.59,50,1,1,81,0,0,0,FALSE,0,FALSE,0.016761363636363633,TRUE,3,Weak,Midwest,4.698970004336019,0,0,0.5,Evening
191,1983,5,1,1983-05-01,12:26:00,America/Chicago,1983-05-01T17:26:00Z,NE,31,1,0,0,50000,40.32,-96.17,40.33,-96.1,4,20,1,1,97,0,0,0,FALSE,0,FALSE,0.045454545454545456,TRUE,2,Weak,Midwest,4.698970004336019,1,0,0.7857142857142857,Afternoon
8,1951,2,20,1951-02-20,09:15:00,America/Chicago,1951-02-20T15:15:00Z,AR,5,2,3,0,50000,34.6,-92.02,35.55,-90.4,112.8,333,1,1,85,117,147,37,FALSE,3,FALSE,21.34227272727273,TRUE,1,Strong,South,4.698970004336019,2,0,2,Afternoon
24,1982,3,6,1982-03-06,04:00:00,America/Chicago,1982-03-06T10:00:00Z,FL,12,1,0,0,500000,27.42,-81.42,0,0,1,100,1,1,55,0,0,0,FALSE,0,FALSE,0.056818181818181816,TRUE,2,Weak,South,5.698970004336019,1,2,0.6376811594202898,Morning
283214,2011,4,9,2011-04-09,19:23:00,America/Chicago,2011-04-10T00:23:00Z,IA,19,3,0,0,2000000,42.3549,-95.286,42.5004,-95.2602,10.14,1760,1,1,161,0,0,0,FALSE,0,FALSE,10.14,TRUE,2,Strong,Midwest,6.301029995663981,3,0,0.9019607843137255,Night
154,1985,4,28,1985-04-28,09:20:00,America/Chicago,1985-04-28T14:20:00Z,TX,48,0,0,0,10000,32,-94.7,0,0,0.5,30,1,1,401,0,0,0,FALSE,0,FALSE,0.008522727272727272,TRUE,2,Weak,South,4,0,4,0.3111111111111111,Afternoon
496,1986,6,30,1986-06-30,20:34:00,America/Chicago,1986-07-01T01:34:00Z,ND,38,0,0,0,10000,46.83,-101.93,0,0,0.2,10,1,1,59,0,0,0,FALSE,0,FALSE,0.0011363636363636365,TRUE,3,Weak,Midwest,4,0,0,0.3793103448275862,Night
565785,2015,5,6,2015-05-06,18:35:00,America/Chicago,2015-05-06T23:35:00Z,KS,20,0,0,0,10000,37.09,-98.12,37.0933,-98.1179,0.25,50,1,1,77,0,0,0,FALSE,0,FALSE,0.007102272727272727,TRUE,2,Weak,Midwest,4,0,0,0.4365079365079365,Evening
614234,2016,7,23,2016-07-23,15:46:00,America/Chicago,2016-07-23T20:46:00Z,IA,19,0,0,0,10000,42.4235,-91.1265,42.4234,-91.1112,0.78,25,1,1,61,0,0,0,FALSE,0,FALSE,0.011079545454545455,TRUE,3,Weak,Midwest,4,0,0,0.3111111111111111,Evening
618980,2020,4,23,2020-04-23,02:57:00,America/Chicago,2020-04-23T07:57:00Z,MS,28,0,0,0,20000,31.318,-90.037,31.3208,-89.9271,6.49,200,1,1,91,0,0,0,FALSE,0,FALSE,0.7375,TRUE,2,Weak,South,4.301029995663981,0,12,0.9878048780487805,Morning
621801,2022,7,3,2022-07-03,23:51:00,America/Chicago,2022-07-04T04:51:00Z,NE,31,1,0,0,500000,40.8661,-98.3346,40.9665,-98.2099,9.56,200,1,1,79,121,0,0,FALSE,0,FALSE,1.0863636363636364,TRUE,3,Weak,Midwest,5.698970004336019,1,0,0.9615384615384616,Night
96,1992,3,29,1992-03-29,14:50:00,America/Chicago,1992-03-29T20:50:00Z,TX,48,0,0,0,50000,29.42,-98.5,0,0,0.1,10,1,1,29,0,0,0,FALSE,0,FALSE,5.681818181818183e-4,TRUE,2,Weak,South,4.698970004336019,0,0,0.5185185185185185,Evening
418,2004,8,4,2004-08-04,16:07:00,America/Chicago,2004-08-04T21:07:00Z,PA,42,0,0,0,20000,40.25,-76.92,40.25,-76.92,1,75,1,1,41,0,0,0,FALSE,0,FALSE,0.04261363636363636,TRUE,3,Weak,Northeast,4.301029995663981,0,0,0.8461538461538461,Evening
652,1957,7,1,1957-07-01,02:00:00,America/Chicago,1957-07-01T07:00:00Z,OK,40,0,0,0,50,36.13,-96.12,0,0,0.1,10,1,1,143,0,0,0,FALSE,0,FALSE,5.681818181818183e-4,TRUE,3,Weak,South,1.6989700043360187,0,22,1.0188679245283019,Morning
511839,2014,6,9,2014-06-09,20:17:00,America/Chicago,2014-06-10T01:17:00Z,SC,45,0,0,0,10000,33.3226,-80.5837,33.2978,-80.5708,1.87,75,1,1,75,0,0,0,FALSE,0,FALSE,0.0796875,TRUE,3,Weak,South,4,0,0,0,Night
676,1998,9,11,1998-09-11,17:15:00,America/Chicago,1998-09-11T22:15:00Z,LA,22,0,0,0,10000,30.75,-92.67,30.75,-92.67,1,30,1,1,3,0,0,0,FALSE,0,FALSE,0.017045454545454544,TRUE,4,Weak,South,4,0,1,0.3076923076923077,Evening
185,2007,3,28,2007-03-28,18:46:00,America/Chicago,2007-03-28T23:46:00Z,TX,48,2,0,0,63000,34.93,-100.74,34.99,-100.73,4.15,528,1,1,129,0,0,0,FALSE,0,FALSE,1.245,TRUE,2,Strong,South,4.799340549453582,2,11,0.41919191919191917,Evening
305,2000,6,20,2000-06-20,18:05:00,America/Chicago,2000-06-20T23:05:00Z,MO,29,0,0,0,10000,39.67,-91.62,39.67,-91.6,1,70,1,1,173,0,0,0,FALSE,0,FALSE,0.03977272727272727,TRUE,3,Weak,Midwest,4,0,0,0.4074074074074074,Evening
177,2009,4,6,2009-04-06,08:40:00,America/Chicago,2009-04-06T13:40:00Z,NC,37,2,0,0,300000,34.4393,-78.5929,34.449,-78.5719,1.37,100,1,1,17,0,0,0,FALSE,0,FALSE,0.0778409090909091,TRUE,2,Strong,South,5.477121254719663,2,0,0.5151515151515151,Afternoon
122,1958,4,29,1958-04-29,19:50:00,America/Chicago,1958-04-30T00:50:00Z,TX,48,2,4,0,500000,31.98,-95.1,31.98,-95.07,2.3,50,1,1,401,0,0,0,FALSE,4,FALSE,0.06534090909090909,TRUE,2,Strong,South,5.698970004336019,2,1,1.0135135135135136,Night
1178,1992,11,21,1992-11-21,13:30:00,America/Chicago,1992-11-21T19:30:00Z,TX,48,1,0,0,50000,29.38,-96.18,0,0,0.5,100,1,1,481,0,0,0,FALSE,0,FALSE,0.028409090909090908,TRUE,4,Weak,South,4.698970004336019,1,0,0.5185185185185185,Evening
680,1976,7,4,1976-07-04,20:00:00,America/Chicago,1976-07-05T01:00:00Z,TX,48,1,0,0,5000,32.95,-96.72,0,0,0.1,10,1,1,113,0,0,0,TRUE,0,FALSE,5.681818181818183e-4,TRUE,3,Weak,South,3.6989700043360187,1,2,1.0786516853932584,Night
219,2009,4,10,2009-04-10,13:17:00,America/Chicago,2009-04-10T18:17:00Z,KY,21,1,0,0,100000,37.2784,-84.6614,37.2836,-84.65,7.5,100,1,1,137,199,0,0,FALSE,0,FALSE,0.42613636363636365,TRUE,2,Weak,South,5,1,2,0.8125,Evening
566,1993,6,22,1993-06-22,14:24:00,America/Chicago,1993-06-22T19:24:00Z,NE,31,1,0,0,50000,41.52,-102.9,0,0,2,30,1,1,123,0,0,0,FALSE,0,FALSE,0.03409090909090909,TRUE,3,Weak,Midwest,4.698970004336019,1,0,0.8260869565217391,Evening
280,1953,6,9,1953-06-09,15:30:00,America/Chicago,1953-06-09T20:30:00Z,MA,25,3,17,0,5000000,42.17,-71.77,42.05,-71.2,28,667,1,1,27,21,5,0,FALSE,17,FALSE,10.611363636363636,TRUE,3,Strong,Northeast,6.698970004336019,3,94,3.5,Evening
934,1990,7,25,1990-07-25,16:25:00,America/Chicago,1990-07-25T21:25:00Z,NE,31,0,0,0,10000,40.82,-98.65,0,0,1,20,1,1,79,0,0,0,FALSE,0,FALSE,0.011363636363636364,TRUE,3,Weak,Midwest,4,0,0,0.7045454545454546,Evening
336,1965,5,15,1965-05-15,21:00:00,America/Chicago,1965-05-16T02:00:00Z,WI,55,1,0,0,50000,43.87,-88.22,0,0,0.8,150,1,1,39,0,0,0,FALSE,0,FALSE,0.06818181818181818,TRUE,2,Weak,Midwest,4.698970004336019,1,3,1.3333333333333333,Night
194,1954,4,30,1954-04-30,22:00:00,America/Chicago,1954-05-01T03:00:00Z,MS,28,1,0,0,50000,32.27,-89.58,32.33,-89.5,6.8,10,1,1,123,0,0,0,TRUE,0,FALSE,0.038636363636363635,TRUE,2,Weak,South,4.698970004336019,1,0,1.4666666666666666,Night
450,1991,5,5,1991-05-05,16:18:00,America/Chicago,1991-05-05T21:18:00Z,IL,17,1,0,0,50000,41.95,-88.48,0,0,0.5,50,1,1,89,0,0,0,FALSE,0,FALSE,0.014204545454545454,TRUE,2,Weak,Midwest,4.698970004336019,1,0,0.53125,Evening
383,1963,8,8,1963-08-08,15:00:00,America/Chicago,1963-08-08T20:00:00Z,TX,48,1,0,0,50000,32.4,-97.47,0,0,2,67,1,1,251,0,0,0,FALSE,0,FALSE,0.07613636363636364,TRUE,3,Weak,South,4.698970004336019,1,0,0.7804878048780488,Evening
552,1996,7,25,1996-07-25,20:00:00,America/Chicago,1996-07-26T01:00:00Z,CO,8,0,0,0,10000,39.93,-102.95,39.93,-102.95,0.1,50,1,1,121,0,0,0,FALSE,0,FALSE,0.002840909090909091,TRUE,3,Weak,West,4,0,0,0.19387755102040816,Night
929,1997,7,7,1997-07-07,16:17:00,America/Chicago,1997-07-07T21:17:00Z,SD,46,0,0,0,10000,43.13,-96.57,43.13,-96.57,0.1,50,1,1,83,0,0,0,FALSE,0,FALSE,0.002840909090909091,TRUE,3,Weak,Midwest,4,0,0,0.13333333333333333,Evening
117,1977,4,4,1977-04-04,17:00:00,America/Chicago,1977-04-04T23:00:00Z,IN,18,1,0,0,50000,40.1,-85.73,0,0,0.5,20,1,1,95,0,0,0,FALSE,0,FALSE,0.005681818181818182,TRUE,2,Weak,Midwest,4.698970004336019,1,1,0.9285714285714286,Evening
425,1958,7,25,1958-07-25,15:10:00,America/Chicago,1958-07-25T20:10:00Z,FL,12,0,0,0,50,30.27,-82,0,0,0.1,10,1,1,31,0,0,0,FALSE,0,FALSE,5.681818181818183e-4,TRUE,3,Weak,South,1.6989700043360187,0,1,1.3846153846153846,Evening
149,2007,3,24,2007-03-24,17:35:00,America/Chicago,2007-03-24T22:35:00Z,NE,31,0,0,0,10000,41.14,-101.71,41.14,-101.71,0.1,10,1,1,101,0,0,0,FALSE,0,FALSE,5.681818181818183e-4,TRUE,2,Weak,Midwest,4,0,0,0.5111111111111111,Evening
70,1999,1,29,1999-01-29,14:20:00,America/Chicago,1999-01-29T20:20:00Z,TX,48,2,0,0,40000,30.62,-94.18,30.73,-94.03,17,300,1,1,457,241,0,0,FALSE,0,FALSE,2.8977272727272725,TRUE,1,Strong,South,4.6020599913279625,2,6,0.47878787878787876,Evening
797,1971,10,17,1971-10-17,19:45:00,America/Chicago,1971-10-18T00:45:00Z,KS,20,3,0,0,500000,39.15,-101.32,0,0,0.1,10,1,1,109,0,0,0,FALSE,0,FALSE,5.681818181818183e-4,TRUE,4,Strong,Midwest,5.698970004336019,3,0,1.4102564102564104,Night
627,2000,2,24,2000-02-24,20:13:00,America/Chicago,2000-02-25T02:13:00Z,TX,48,1,0,0,90000,36.33,-100.13,36.67,-99.83,27,150,2,0,0,0,0,0,FALSE,0,FALSE,2.3011363636363633,TRUE,1,Weak,South,4.954242509439325,1,4,0.42857142857142855,Night
1031,1996,10,8,1996-10-08,07:33:00,America/Chicago,1996-10-08T12:33:00Z,NC,37,2,0,0,30000,35.48,-76.87,35.48,-76.87,1,50,1,1,13,0,0,0,FALSE,0,FALSE,0.028409090909090908,TRUE,4,Strong,South,4.477121254719663,2,0,0.6666666666666666,Afternoon
508,2007,5,5,2007-05-05,17:30:00,America/Chicago,2007-05-05T22:30:00Z,SD,46,0,0,0,10000,43.16,-99.53,43.16,-99.53,0.1,50,1,1,53,0,0,0,FALSE,0,FALSE,0.002840909090909091,TRUE,2,Weak,Midwest,4,0,0,0.5853658536585366,Evening
363,1966,7,6,1966-07-06,16:30:00,America/Chicago,1966-07-06T21:30:00Z,NE,31,0,0,0,50000,41.38,-103.67,0,0,0.1,10,1,1,105,0,0,0,FALSE,0,FALSE,5.681818181818183e-4,TRUE,3,Weak,Midwest,4.698970004336019,0,0,0.8,Evening
621443,2022,5,1,2022-05-01,18:44:00,America/Chicago,2022-05-01T23:44:00Z,TX,48,2,0,0,650000,32.6377,-100.7711,32.6397,-100.7655,0.35,150,1,1,415,0,0,0,FALSE,0,FALSE,0.02982954545454545,TRUE,2,Strong,South,5.812913356642856,2,3,1.0254237288135593,Evening
119,2010,4,22,2010-04-22,18:40:00,America/Chicago,2010-04-22T23:40:00Z,KS,20,0,0,0,10000,38.5157,-100.717,38.5324,-100.702,1.4,150,1,1,171,0,0,0,FALSE,0,FALSE,0.1193181818181818,TRUE,2,Weak,Midwest,4,0,0,0.20454545454545456,Evening
758,1975,8,4,1975-08-04,14:50:00,America/Chicago,1975-08-04T19:50:00Z,TX,48,0,0,0,10000,28.65,-96.88,0,0,0.1,10,1,1,469,0,0,0,FALSE,0,FALSE,5.681818181818183e-4,TRUE,3,Weak,South,4,0,10,0.5982905982905983,Evening
568,2005,11,27,2005-11-27,17:32:00,America/Chicago,2005-11-27T23:32:00Z,AR,5,1,0,0,50000,34.77,-93.08,34.85,-93,6.1,100,1,1,125,0,0,0,FALSE,0,FALSE,0.34659090909090906,TRUE,4,Weak,South,4.698970004336019,1,3,1.144927536231884,Evening
621321,2022,4,12,2022-04-12,18:25:00,America/Chicago,2022-04-12T23:25:00Z,TX,48,0,0,0,10000,31.0408,-97.217,31.0296,-97.1574,3.73,120,1,1,27,0,0,0,FALSE,0,FALSE,0.2543181818181818,TRUE,2,Weak,South,4,0,3,1.0254237288135593,Evening
1203,1992,11,21,1992-11-21,22:50:00,America/Chicago,1992-11-22T04:50:00Z,MS,28,2,0,0,500000,31.48,-90.55,31.72,-90.4,16,440,1,1,85,29,0,0,FALSE,0,FALSE,4,TRUE,4,Strong,South,5.698970004336019,2,18,0.7962962962962963,Night
532,1976,6,6,1976-06-06,16:00:00,America/Chicago,1976-06-06T21:00:00Z,MT,30,1,0,0,5000000,45.37,-113.38,45.4,-113.32,3,10,1,1,1,0,0,0,TRUE,0,FALSE,0.017045454545454544,TRUE,3,Weak,West,6.698970004336019,1,0,1.5,Evening
977,1995,7,27,1995-07-27,19:22:00,America/Chicago,1995-07-28T00:22:00Z,IL,17,0,0,0,10000,40.92,-89.98,0,0,0.1,10,1,1,143,0,0,0,FALSE,0,FALSE,5.681818181818183e-4,TRUE,3,Weak,Midwest,4,0,0,0.5526315789473685,Night
598,1979,8,2,1979-08-02,17:00:00,America/Chicago,1979-08-02T22:00:00Z,NM,35,0,0,0,10000,33.25,-103.32,0,0,0.1,10,1,1,25,0,0,0,FALSE,0,FALSE,5.681818181818183e-4,TRUE,3,Weak,West,4,0,0,0.38461538461538464,Evening
38,1958,3,12,1958-03-12,13:00:00,America/Chicago,1958-03-12T19:00:00Z,CA,6,0,0,0,500,36.97,-120.07,0,0,0.2,10,1,1,39,0,0,0,FALSE,0,FALSE,0.0011363636363636365,TRUE,2,Weak,West,2.6989700043360187,0,0,0.8,Evening
617671,2019,5,20,2019-05-20,21:29:00,America/Chicago,2019-05-21T02:29:00Z,TX,48,1,0,0,50000,33.08,-99.95,33.08,-99.95,0.01,30,1,1,207,0,0,0,FALSE,0,FALSE,1.7045454545454544e-4,TRUE,2,Weak,South,4.698970004336019,1,2,0.8143712574850299,Night
337,1979,6,9,1979-06-09,16:20:00,America/Chicago,1979-06-09T21:20:00Z,IA,19,1,0,0,50000,42.05,-91.83,42.1,-91.68,8,30,1,1,113,0,0,0,FALSE,0,FALSE,0.13636363636363635,TRUE,3,Weak,Midwest,4.698970004336019,1,7,1.1176470588235294,Evening
323,1985,5,30,1985-05-30,15:10:00,America/Chicago,1985-05-30T20:10:00Z,SD,46,1,0,0,500,44.25,-97.02,44.2,-96.95,4,10,1,1,11,0,0,0,FALSE,0,FALSE,0.022727272727272728,TRUE,2,Weak,Midwest,2.6989700043360187,1,0,0.2909090909090909,Evening
616162,2018,5,2,2018-05-02,16:30:00,America/Chicago,2018-05-02T21:30:00Z,KS,20,0,0,0,10000,39.583,-96.7142,39.5962,-96.6742,2.32,30,1,1,117,0,0,0,FALSE,0,FALSE,0.039545454545454536,TRUE,2,Weak,Midwest,4,0,0,0.3111111111111111,Evening
802,2007,7,3,2007-07-03,16:08:00,America/Chicago,2007-07-03T21:08:00Z,CO,8,0,0,0,10000,39.36,-102.35,39.36,-102.35,0.5,10,1,1,63,0,0,0,FALSE,0,FALSE,0.002840909090909091,TRUE,3,Weak,West,4,0,2,0.12727272727272726,Evening
243,1988,6,2,1988-06-02,15:20:00,America/Chicago,1988-06-02T20:20:00Z,TX,48,1,0,0,50000,32.12,-98.47,0,0,0.2,10,1,1,93,0,0,0,FALSE,0,FALSE,0.0011363636363636365,TRUE,3,Weak,South,4.698970004336019,1,1,0.48314606741573035,Evening
1602,2004,8,13,2004-08-13,17:40:00,America/Chicago,2004-08-13T22:40:00Z,FL,12,0,1,0,10000,29.2,-81,29.2,-81,30,20,1,1,127,0,0,0,FALSE,1,FALSE,0.34090909090909094,TRUE,3,Weak,South,4,0,6,0.3173076923076923,Evening
354,1992,6,11,1992-06-11,19:24:00,America/Chicago,1992-06-12T00:24:00Z,TX,48,0,0,0,10000,32.35,-101.87,0,0,0.5,40,1,1,317,0,0,0,FALSE,0,FALSE,0.011363636363636364,TRUE,3,Weak,South,4,0,0,0.5185185185185185,Night
482623,2013,11,17,2013-11-17,13:33:00,America/Chicago,2013-11-17T19:33:00Z,IL,17,2,0,0,150000,38.419,-88.1483,38.4361,-88.0749,4.14,100,1,1,47,0,0,0,FALSE,0,FALSE,0.2352272727272727,TRUE,4,Strong,Midwest,5.176091259055681,2,5,1.0961538461538463,Evening
1009,2008,5,31,2008-05-31,14:52:00,America/Chicago,2008-05-31T19:52:00Z,VA,51,0,0,0,50000,37.77,-77.27,37.78,-77.25,1,50,1,1,101,0,0,0,FALSE,0,FALSE,0.028409090909090908,TRUE,2,Weak,South,4.698970004336019,0,0,0.5128205128205128,Evening
794,1994,7,20,1994-07-20,17:18:00,America/Chicago,1994-07-20T22:18:00Z,NM,35,0,0,0,10000,32.32,-104.23,0,0,0.1,10,1,1,15,0,0,0,FALSE,0,FALSE,5.681818181818183e-4,TRUE,3,Weak,West,4,0,0,0,Evening
733,1971,9,1,1971-09-01,14:45:00,America/Chicago,1971-09-01T19:45:00Z,AR,5,0,0,0,10000,34.78,-91.75,0,0,0.1,10,1,1,85,0,0,0,FALSE,0,FALSE,5.681818181818183e-4,TRUE,4,Weak,South,4,0,0,1.6,Evening
10,1989,1,10,1989-01-10,11:10:00,America/Chicago,1989-01-10T17:10:00Z,UT,49,1,0,0,50000,40.58,-111.88,0,0,0.2,23,1,1,35,0,0,0,FALSE,0,FALSE,0.0026136363636363636,TRUE,1,Weak,West,4.698970004336019,1,0,0.6666666666666666,Afternoon
620136,2021,6,7,2021-06-07,15:26:00,America/Chicago,2021-06-07T20:26:00Z,AR,5,1,0,0,50000,33.3295,-92.5861,33.3432,-92.5641,1.58,25,1,1,139,0,0,0,FALSE,0,FALSE,0.022443181818181817,TRUE,3,Weak,South,4.698970004336019,1,8,0.75,Evening
150,2008,2,6,2008-02-06,00:20:00,America/Chicago,2008-02-06T06:20:00Z,KY,21,1,0,0,1000000,37.76,-84.84,37.76,-84.82,0.88,350,1,1,167,0,0,0,FALSE,0,FALSE,0.175,TRUE,1,Weak,South,6,1,7,1.2285714285714286,Morning
727,1965,8,8,1965-08-08,12:00:00,America/Chicago,1965-08-08T17:00:00Z,IN,18,1,0,0,5000,41.67,-86.02,0,0,0.1,10,1,1,39,0,0,0,TRUE,0,FALSE,5.681818181818183e-4,TRUE,3,Weak,Midwest,3.6989700043360187,1,162,2.090909090909091,Afternoon
361,1957,5,20,1957-05-20,14:50:00,America/Chicago,1957-05-20T19:50:00Z,KS,20,2,0,0,315000,39.47,-97.63,0,0,0.1,10,1,1,29,0,0,0,FALSE,0,FALSE,5.681818181818183e-4,TRUE,2,Strong,Midwest,5.498310553789601,2,44,0.8571428571428571,Evening
744,1997,5,8,1997-05-08,18:25:00,America/Chicago,1997-05-08T23:25:00Z,NM,35,0,0,0,10000,33.98,-103.58,34,-103.58,0.3,40,1,1,41,0,0,0,FALSE,0,FALSE,0.006818181818181818,TRUE,2,Weak,West,4,0,0,0.09090909090909091,Evening
593,1962,8,15,1962-08-15,15:15:00,America/Chicago,1962-08-15T20:15:00Z,WI,55,1,0,0,50000,45.5,-92,45.08,-91.13,50.9,400,1,1,5,17,0,0,FALSE,0,FALSE,11.568181818181818,TRUE,3,Weak,Midwest,4.698970004336019,1,0,1.2222222222222223,Evening
992,2010,8,7,2010-08-07,17:25:00,America/Chicago,2010-08-07T22:25:00Z,MN,27,0,0,0,10000,46.06,-96.51,46.06,-96.51,0.2,25,1,1,167,0,0,0,FALSE,0,FALSE,0.002840909090909091,TRUE,3,Weak,Midwest,4,0,3,0.6216216216216216,Evening
197,2010,4,30,2010-04-30,19:50:00,America/Chicago,2010-05-01T00:50:00Z,IL,17,2,0,0,315000,38.3505,-90.3498,38.4186,-90.2482,7.24,350,1,1,133,0,0,0,FALSE,0,FALSE,1.4397727272727272,TRUE,2,Strong,Midwest,5.498310553789601,2,1,0.7083333333333334,Night
300,1957,5,13,1957-05-13,10:20:00,America/Chicago,1957-05-13T15:20:00Z,AR,5,2,1,0,315000,33.67,-94.12,0,0,1,77,1,1,81,0,0,0,FALSE,1,FALSE,0.04375,TRUE,2,Strong,South,5.498310553789601,2,3,1.962962962962963,Afternoon
5,2004,2,24,2004-02-24,21:10:00,America/Chicago,2004-02-25T03:10:00Z,TX,48,0,0,0,30000,30.6,-96.33,30.6,-96.33,0.2,50,1,1,41,0,0,0,FALSE,0,FALSE,0.005681818181818182,TRUE,1,Weak,South,4.477121254719663,0,2,0.25280898876404495,Night
858,1993,7,22,1993-07-22,18:40:00,America/Chicago,1993-07-22T23:40:00Z,NE,31,0,0,0,10000,40.52,-96.02,0,0,0.5,30,1,1,131,0,0,0,FALSE,0,FALSE,0.008522727272727272,TRUE,3,Weak,Midwest,4,0,0,0.8260869565217391,Evening
534,1981,6,24,1981-06-24,13:45:00,America/Chicago,1981-06-24T18:45:00Z,FL,12,0,0,0,10000,27.25,-80.95,0,0,0.1,10,1,1,93,0,0,0,FALSE,0,FALSE,5.681818181818183e-4,TRUE,3,Weak,South,4,0,0,0.5901639344262295,Evening
700,1974,7,4,1974-07-04,11:08:00,America/Chicago,1974-07-04T16:08:00Z,MI,26,1,1,0,500000,42.55,-84.7,42.62,-84.75,4.5,33,1,1,45,0,0,0,FALSE,1,FALSE,0.08437499999999999,TRUE,3,Weak,Midwest,5.698970004336019,1,3,1.5897435897435896,Afternoon
135,1952,5,20,1952-05-20,11:00:00,America/Chicago,1952-05-20T16:00:00Z,NC,37,2,2,0,315000,35.47,-76.38,0,0,1.5,33,1,1,95,0,0,0,FALSE,2,FALSE,0.028124999999999997,TRUE,2,Strong,South,5.498310553789601,2,0,2,Afternoon
620694,2021,11,12,2021-11-12,10:12:00,America/Chicago,2021-11-12T16:12:00Z,NY,36,1,0,0,17000,41.766,-73.664,41.789,-73.628,2.44,200,1,1,27,0,0,0,FALSE,0,FALSE,0.2772727272727273,TRUE,4,Weak,Northeast,4.230448921378274,1,0,0.5833333333333334,Afternoon
817,1996,9,26,1996-09-26,02:20:00,America/Chicago,1996-09-26T07:20:00Z,MO,29,1,0,0,30000,36.8,-94.25,36.92,-94.13,9,50,1,1,145,0,0,0,FALSE,0,FALSE,0.2556818181818182,TRUE,4,Weak,Midwest,4.477121254719663,1,0,0.7241379310344828,Morning
773,1977,9,24,1977-09-24,19:05:00,America/Chicago,1977-09-25T00:05:00Z,PA,42,1,0,0,50000,41.22,-79.9,0,0,0.1,10,1,1,121,0,0,0,TRUE,0,FALSE,5.681818181818183e-4,TRUE,4,Weak,Northeast,4.698970004336019,1,0,1.0769230769230769,Night
616752,2018,9,26,2018-09-26,03:53:00,America/Chicago,2018-09-26T08:53:00Z,OH,39,1,0,0,750000,39.9564,-82.9702,39.9712,-82.9025,3.73,150,1,1,49,0,0,0,FALSE,0,FALSE,0.31789772727272725,TRUE,4,Weak,Midwest,5.8750612633917,1,0,0.5555555555555556,Morning
619071,2020,5,21,2020-05-21,12:45:00,America/Chicago,2020-05-21T17:45:00Z,FL,12,0,0,0,10000,26.6774,-80.6739,26.6774,-80.6739,0.25,25,1,1,99,0,0,0,FALSE,0,FALSE,0.0035511363636363635,TRUE,2,Weak,South,4,0,0,0.43103448275862066,Afternoon
292,1981,5,23,1981-05-23,17:35:00,America/Chicago,1981-05-23T22:35:00Z,OK,40,2,3,0,500000,36.95,-95.7,36.98,-95.63,4.5,100,1,1,105,0,0,0,FALSE,3,FALSE,0.2556818181818182,TRUE,2,Strong,South,5.698970004336019,2,6,1.3157894736842106,Evening
702,2002,5,11,2002-05-11,17:15:00,America/Chicago,2002-05-11T22:15:00Z,KS,20,0,0,0,10000,37.6,-98.9,37.6,-98.9,0.3,30,1,1,151,0,0,0,FALSE,0,FALSE,0.005113636363636363,TRUE,2,Weak,Midwest,4,0,0,0.3229166666666667,Evening
534,1976,6,8,1976-06-08,19:00:00,America/Chicago,1976-06-09T00:00:00Z,FL,12,1,0,0,500000,28.12,-81.62,0,0,0.1,30,1,1,105,0,0,0,FALSE,0,FALSE,0.0017045454545454545,TRUE,3,Weak,South,5.698970004336019,1,1,0.19402985074626866,Night
372403,2012,3,24,2012-03-24,12:40:00,America/Chicago,2012-03-24T17:40:00Z,FL,12,0,0,0,8000,29.75,-82.56,29.7888,-82.497,4.63,50,1,1,1,0,0,0,FALSE,0,FALSE,0.1315340909090909,TRUE,2,Weak,South,3.9030899869919438,0,1,0.20833333333333334,Afternoon
975,2009,10,29,2009-10-29,16:59:00,America/Chicago,2009-10-29T21:59:00Z,AR,5,0,0,0,1000,34.6684,-92.0802,34.7093,-92.0615,3.02,35,1,1,85,0,0,0,FALSE,0,FALSE,0.06005681818181818,TRUE,4,Weak,South,3,0,3,0.7857142857142857,Evening
53,2002,5,11,2002-05-11,17:25:00,America/Chicago,2002-05-11T22:25:00Z,KS,20,0,0,0,10000,37.95,-98.42,37.95,-98.42,0.5,110,1,1,155,0,0,0,FALSE,0,FALSE,0.03125,TRUE,2,Weak,Midwest,4,0,0,0.3229166666666667,Evening
609119,2015,11,11,2015-11-11,16:15:00,America/Chicago,2015-11-11T22:15:00Z,IA,19,0,0,0,1000,41.8984,-92.8606,41.9217,-92.8424,1.86,100,1,1,127,0,0,0,FALSE,0,FALSE,0.10568181818181818,TRUE,4,Weak,Midwest,3,0,0,0.6101694915254238,Evening
126,1955,4,23,1955-04-23,17:30:00,America/Chicago,1955-04-23T23:30:00Z,MO,29,1,0,0,50000,39.07,-91.15,39.18,-91.12,7.9,10,1,1,113,0,0,0,FALSE,0,FALSE,0.04488636363636364,TRUE,2,Weak,Midwest,4.698970004336019,1,0,1.3793103448275863,Evening
615777,2017,10,2,2017-10-02,18:43:00,America/Chicago,2017-10-02T23:43:00Z,KS,20,1,0,0,40000,38.8132,-100.5402,38.8173,-100.5346,0.41,75,1,1,63,0,0,0,FALSE,0,FALSE,0.017471590909090905,TRUE,4,Weak,Midwest,4.6020599913279625,1,0,0.21666666666666667,Evening
620856,2021,12,15,2021-12-15,17:34:00,America/Chicago,2021-12-15T23:34:00Z,IA,19,2,0,0,20000,42.081,-94.4866,42.1095,-94.4495,2.74,70,1,1,73,0,0,0,FALSE,0,FALSE,0.10897727272727273,TRUE,1,Strong,Midwest,4.301029995663981,2,0,0.957983193277311,Evening
648,1962,10,17,1962-10-17,12:20:00,America/Chicago,1962-10-17T17:20:00Z,AZ,4,0,0,0,10000,35.58,-109.78,0,0,0.1,10,1,1,1,0,0,0,TRUE,0,FALSE,5.681818181818183e-4,TRUE,4,Weak,West,4,0,0,0.3333333333333333,Afternoon
451515,2013,5,19,2013-05-19,17:59:00,America/Chicago,2013-05-19T22:59:00Z,OK,40,2,0,0,315000,35.458,-96.795,35.526,-96.698,7.25,450,1,1,125,81,0,0,FALSE,0,FALSE,1.8536931818181819,TRUE,2,Strong,South,5.498310553789601,2,34,0.7439024390243902,Evening
849,1994,8,6,1994-08-06,23:45:00,America/Chicago,1994-08-07T04:45:00Z,ND,38,0,0,0,5000,46.25,-99.55,0,0,2,50,1,1,51,0,0,0,FALSE,0,FALSE,0.056818181818181816,TRUE,3,Weak,Midwest,3.6989700043360187,0,0,0.25,Night
282156,2011,4,4,2011-04-04,08:08:00,America/Chicago,2011-04-04T13:08:00Z,AR,5,1,0,0,50000,33.834,-93.1313,33.8387,-93.0626,3.96,200,1,1,19,0,0,0,FALSE,0,FALSE,0.44999999999999996,TRUE,2,Weak,South,4.698970004336019,1,12,0.9722222222222222,Afternoon
1140,1995,11,2,1995-11-02,15:02:00,America/Chicago,1995-11-02T21:02:00Z,SC,45,2,0,0,315000,33.82,-80.92,0,0,1,200,1,1,17,0,0,0,FALSE,0,FALSE,0.11363636363636363,TRUE,4,Strong,South,5.498310553789601,2,0,0.6111111111111112,Evening
232,1956,5,29,1956-05-29,20:30:00,America/Chicago,1956-05-30T01:30:00Z,TX,48,0,0,0,5000,34.43,-101.7,0,0,0.1,17,1,1,437,0,0,0,FALSE,0,FALSE,9.65909090909091e-4,TRUE,2,Weak,South,3.6989700043360187,0,0,0.9464285714285714,Night
208,2009,4,10,2009-04-10,10:16:00,America/Chicago,2009-04-10T15:16:00Z,KY,21,0,0,0,200000,36.7051,-88.3202,36.7087,-88.3187,0.26,75,1,1,35,0,0,0,FALSE,0,FALSE,0.011079545454545455,TRUE,2,Weak,South,5.301029995663981,0,2,0.8125,Afternoon
191,1959,5,9,1959-05-09,18:00:00,America/Chicago,1959-05-09T23:00:00Z,OK,40,2,0,0,50000,36.53,-94.73,0,0,0.8,880,1,1,41,0,0,0,FALSE,0,FALSE,0.4,TRUE,2,Strong,South,4.698970004336019,2,8,1.3857142857142857,Evening
256,1989,5,16,1989-05-16,16:55:00,America/Chicago,1989-05-16T21:55:00Z,TX,48,0,0,0,10000,35.13,-101.9,0,0,1,40,1,1,381,0,0,0,FALSE,0,FALSE,0.022727272727272728,TRUE,2,Weak,South,4,0,1,0.7,Evening
339,1993,5,19,1993-05-19,13:10:00,America/Chicago,1993-05-19T18:10:00Z,NC,37,0,0,0,10000,35.57,-82.57,0,0,0.2,10,1,1,21,0,0,0,FALSE,0,FALSE,0.0011363636363636365,TRUE,2,Weak,South,4,0,0,0.4666666666666667,Evening
537,1993,6,16,1993-06-16,15:55:00,America/Chicago,1993-06-16T20:55:00Z,TX,48,1,0,0,50000,32.12,-99.08,0,0,0.1,10,1,1,133,0,0,0,FALSE,0,FALSE,5.681818181818183e-4,TRUE,3,Weak,South,4.698970004336019,1,2,0.42735042735042733,Evening
308,2010,5,10,2010-05-10,19:05:00,America/Chicago,2010-05-11T00:05:00Z,OK,40,0,0,0,10000,34.362,-96.879,34.356,-96.818,3.5,80,1,1,69,0,0,0,FALSE,0,FALSE,0.1590909090909091,TRUE,2,Weak,South,4,0,7,0.8333333333333334,Night
945,2009,7,29,2009-07-29,12:48:00,America/Chicago,2009-07-29T17:48:00Z,MD,24,0,0,0,10000,39.544,-78.629,39.6062,-78.5088,5.3,100,1,1,1,0,0,0,FALSE,0,FALSE,0.3011363636363636,TRUE,3,Weak,South,4,0,0,0.4,Afternoon
423,1977,6,6,1977-06-06,16:15:00,America/Chicago,1977-06-06T21:15:00Z,LA,22,0,0,0,500,30.07,-92.38,0,0,0.1,17,1,1,1,0,0,0,FALSE,0,FALSE,9.65909090909091e-4,TRUE,3,Weak,South,2.6989700043360187,0,1,0.9285714285714286,Evening
339,1990,5,15,1990-05-15,18:20:00,America/Chicago,1990-05-15T23:20:00Z,CO,8,0,0,0,10000,40.5,-102.83,0,0,0.2,23,1,1,75,0,0,0,FALSE,0,FALSE,0.0026136363636363636,TRUE,2,Weak,West,4,0,0,0.38181818181818183,Evening
89,1962,4,27,1962-04-27,00:20:00,America/Chicago,1962-04-27T06:20:00Z,OK,40,0,0,0,10000,34.3,-98.23,0,0,0.1,10,1,1,33,0,0,0,TRUE,0,FALSE,5.681818181818183e-4,TRUE,2,Weak,South,4,0,0,0.7761194029850746,Morning
60,1991,3,3,1991-03-03,09:24:00,America/Chicago,1991-03-03T15:24:00Z,NC,37,0,0,0,10000,34.18,-78.85,0,0,0.5,50,1,1,47,0,0,0,FALSE,0,FALSE,0.014204545454545454,TRUE,2,Weak,South,4,0,0,0.6296296296296297,Afternoon
483207,2013,11,17,2013-11-17,13:51:00,America/Chicago,2013-11-17T19:51:00Z,IN,18,2,0,0,315000,40.6918,-86.8785,40.6672,-86.9507,4.15,300,1,1,181,0,0,0,FALSE,0,FALSE,0.7073863636363636,TRUE,4,Strong,Midwest,5.498310553789601,2,0,1.1,Evening
190,1994,4,26,1994-04-26,12:30:00,America/Chicago,1994-04-26T17:30:00Z,OK,40,0,0,0,10000,34.35,-97.17,0,0,0.1,30,1,1,19,0,0,0,FALSE,0,FALSE,0.0017045454545454545,TRUE,2,Weak,South,4,0,0,0.3902439024390244,Afternoon
615046,2017,4,30,2017-04-30,02:07:00,America/Chicago,2017-04-30T07:07:00Z,LA,22,1,0,0,50000,31.9873,-92.5856,32.0785,-92.5387,6.87,1760,1,1,127,0,0,0,FALSE,0,FALSE,6.87,TRUE,2,Weak,South,4.698970004336019,1,3,0.9285714285714286,Morning
635,1978,7,25,1978-07-25,15:00:00,America/Chicago,1978-07-25T20:00:00Z,SC,45,2,0,0,50000,33.57,-81.13,0,0,0.1,10,1,1,75,0,0,0,FALSE,0,FALSE,5.681818181818183e-4,TRUE,3,Strong,South,4.698970004336019,2,0,1.4,Evening
621450,2022,5,2,2022-05-02,16:13:00,America/Chicago,2022-05-02T21:13:00Z,OK,40,0,0,0,100000,34.917,-98.199,34.912,-98.194,0.5,240,1,1,15,0,0,0,FALSE,0,FALSE,0.06818181818181818,TRUE,2,Weak,South,5,0,1,0.7407407407407407,Evening
1103,2005,8,25,2005-08-25,17:15:00,America/Chicago,2005-08-25T22:15:00Z,MN,27,1,0,0,50000,46.45,-96,46.45,-95.97,1,50,1,1,111,0,0,0,FALSE,0,FALSE,0.028409090909090908,TRUE,3,Weak,Midwest,4.698970004336019,1,0,0.6338028169014085,Evening
201,1975,4,11,1975-04-11,14:20:00,America/Chicago,1975-04-11T19:20:00Z,FL,12,1,1,0,50000,28.33,-80.68,0,0,0.5,33,1,1,9,0,0,0,FALSE,1,FALSE,0.009375,TRUE,2,Weak,South,4.698970004336019,1,2,0.6185567010309279,Evening
424,1983,5,27,1983-05-27,17:36:00,America/Chicago,1983-05-27T22:36:00Z,KS,20,0,0,0,500,38.92,-97.42,0,0,0.2,17,1,1,169,0,0,0,FALSE,0,FALSE,0.001931818181818182,TRUE,2,Weak,Midwest,2.6989700043360187,0,1,0.3548387096774194,Evening
606,1960,11,27,1960-11-27,18:30:00,America/Chicago,1960-11-28T00:30:00Z,KS,20,1,0,0,5000,38.35,-98.35,0,0,0.1,10,1,1,159,0,0,0,TRUE,0,FALSE,5.681818181818183e-4,TRUE,4,Weak,Midwest,3.6989700043360187,1,1,1.3833333333333333,Night
620257,2021,7,9,2021-07-09,00:40:00,America/Chicago,2021-07-09T05:40:00Z,NJ,34,1,0,0,50000,39.2358,-74.7927,39.237,-74.8102,0.94,75,1,1,9,0,0,0,FALSE,0,FALSE,0.04005681818181818,TRUE,3,Weak,Northeast,4.698970004336019,1,0,0.9090909090909091,Night
341,1981,6,2,1981-06-02,17:00:00,America/Chicago,1981-06-02T22:00:00Z,TX,48,0,0,0,50,36.02,-101.73,0,0,0.3,10,1,1,341,0,0,0,FALSE,0,FALSE,0.0017045454545454545,TRUE,3,Weak,South,1.6989700043360187,0,1,0.8522727272727273,Evening
113,1966,4,28,1966-04-28,15:47:00,America/Chicago,1966-04-28T20:47:00Z,FL,12,1,0,0,5000,28.22,-82.72,0,0,0.1,10,1,1,101,0,0,0,TRUE,0,FALSE,5.681818181818183e-4,TRUE,2,Weak,South,3.6989700043360187,1,11,0.8571428571428571,Evening
284,1991,4,19,1991-04-19,13:13:00,America/Chicago,1991-04-19T18:13:00Z,MS,28,1,0,0,50000,33.52,-90.87,33.32,-90.82,12,100,1,1,151,0,0,0,FALSE,0,FALSE,0.6818181818181818,TRUE,2,Weak,South,4.698970004336019,1,0,0.75,Evening
604,1985,8,31,1985-08-31,16:00:00,America/Chicago,1985-08-31T21:00:00Z,FL,12,0,0,0,5000,28.8,-81.87,0,0,2,20,1,1,69,0,0,0,FALSE,0,FALSE,0.022727272727272728,TRUE,3,Weak,South,3.6989700043360187,0,2,0.5428571428571428,Evening
478,1975,6,1,1975-06-01,07:30:00,America/Chicago,1975-06-01T12:30:00Z,VA,51,1,0,0,50000,37.17,-77.7,0,0,0.1,10,1,1,53,0,0,0,FALSE,0,FALSE,5.681818181818183e-4,TRUE,3,Weak,South,4.698970004336019,1,0,0.8636363636363636,Afternoon
244,1966,6,7,1966-06-07,17:10:00,America/Chicago,1966-06-07T22:10:00Z,KS,20,0,0,0,10000,38.85,-101.7,0,0,0.1,10,1,1,199,0,0,0,TRUE,0,FALSE,5.681818181818183e-4,TRUE,3,Weak,Midwest,4,0,17,1.1142857142857143,Evening
618899,2020,4,13,2020-04-13,05:25:00,America/Chicago,2020-04-13T10:25:00Z,GA,13,1,8,0,50000,31.67,-82.03,31.68,-81.95,4.75,440,1,1,305,0,0,0,FALSE,8,FALSE,1.1875,TRUE,2,Weak,South,4.698970004336019,1,11,0.6333333333333333,Morning
586476,2015,6,25,2015-06-25,17:23:00,America/Chicago,2015-06-25T22:23:00Z,NE,31,0,0,0,10000,41.789,-103.32,41.7655,-103.302,1.86,50,1,1,123,0,0,0,FALSE,0,FALSE,0.05284090909090909,TRUE,3,Weak,Midwest,4,0,0,0.17391304347826086,Evening
719,1967,9,20,1967-09-20,08:00:00,America/Chicago,1967-09-20T13:00:00Z,TX,48,0,0,0,10000,27.32,-97.48,0,0,0.1,10,1,1,273,0,0,0,TRUE,0,FALSE,5.681818181818183e-4,TRUE,4,Weak,South,4,0,5,0.853448275862069,Afternoon
888,2006,9,21,2006-09-21,15:03:00,America/Chicago,2006-09-21T20:03:00Z,KS,20,0,0,0,10000,39.48,-98.1,39.55,-98.12,6,50,1,1,123,0,0,0,FALSE,0,FALSE,0.17045454545454544,TRUE,4,Weak,Midwest,4,0,0,0.25555555555555554,Evening
431,2010,5,22,2010-05-22,20:30:00,America/Chicago,2010-05-23T01:30:00Z,NE,31,2,0,0,120000,42.9429,-99.9172,42.9902,-99.7511,9.01,20,1,1,103,0,0,0,FALSE,0,FALSE,0.10238636363636364,TRUE,2,Strong,Midwest,5.079181246047625,2,0,0.21621621621621623,Night
571410,2015,4,24,2015-04-24,14:37:00,America/Chicago,2015-04-24T19:37:00Z,TX,48,1,0,0,50000,31.9865,-99.7777,32.0145,-99.6373,8.42,350,1,1,399,83,0,0,FALSE,0,FALSE,1.674431818181818,TRUE,2,Weak,South,4.698970004336019,1,17,0.49377593360995853,Evening
428,1991,5,3,1991-05-03,17:30:00,America/Chicago,1991-05-03T22:30:00Z,TX,48,1,0,0,50000,31.48,-95.47,0,0,0.2,10,1,1,225,0,0,0,FALSE,0,FALSE,0.0011363636363636365,TRUE,2,Weak,South,4.698970004336019,1,1,0.5677083333333334,Evening
329,1999,5,1,1999-05-01,19:07:00,America/Chicago,1999-05-02T00:07:00Z,TX,48,0,0,0,10000,35.67,-102.93,35.67,-102.93,0.1,50,1,1,205,0,0,0,FALSE,0,FALSE,0.002840909090909091,TRUE,2,Weak,South,4,0,6,0.47878787878787876,Night
749,1978,10,12,1978-10-12,17:25:00,America/Chicago,1978-10-12T22:25:00Z,OH,39,3,4,0,5000000,40.8,-80.92,40.88,-80.82,7.3,250,1,1,29,0,0,0,FALSE,4,FALSE,1.0369318181818183,TRUE,4,Strong,Midwest,6.698970004336019,3,0,1.0555555555555556,Evening
695,2000,3,23,2000-03-23,17:52:00,America/Chicago,2000-03-23T23:52:00Z,KS,20,0,0,0,10000,38.18,-98.87,38.18,-98.87,1.3,50,1,1,185,0,0,0,FALSE,0,FALSE,0.036931818181818184,TRUE,2,Weak,Midwest,4,0,0,0.3220338983050847,Evening
516,1970,8,25,1970-08-25,19:30:00,America/Chicago,1970-08-26T00:30:00Z,FL,12,2,0,0,315000,29.93,-82.95,0,0,0.1,10,1,1,67,0,0,0,FALSE,0,FALSE,5.681818181818183e-4,TRUE,3,Strong,South,5.498310553789601,2,0,0.9166666666666666,Night
490,1967,6,14,1967-06-14,19:40:00,America/Chicago,1967-06-15T00:40:00Z,NM,35,0,0,0,10000,34.1,-103.17,0,0,0.1,10,1,1,41,0,0,0,FALSE,0,FALSE,5.681818181818183e-4,TRUE,3,Weak,West,4,0,0,0.375,Night
334,2000,6,14,2000-06-14,14:50:00,America/Chicago,2000-06-14T19:50:00Z,OH,39,1,0,0,250000,41.4,-83.47,41.4,-83.47,0.2,20,1,1,173,0,0,0,FALSE,0,FALSE,0.002272727272727273,TRUE,3,Weak,Midwest,5.3979400086720375,1,1,0.96,Evening
248,1995,5,7,1995-05-07,16:29:00,America/Chicago,1995-05-07T21:29:00Z,OK,40,1,0,0,500000,34.35,-97.07,34.4,-97.05,3,200,1,1,19,99,0,0,FALSE,0,FALSE,0.3409090909090909,TRUE,2,Weak,South,5.698970004336019,1,0,0.42857142857142855,Evening
515,1993,6,12,1993-06-12,19:15:00,America/Chicago,1993-06-13T00:15:00Z,ND,38,1,0,0,50000,46.22,-99.43,0,0,0.1,23,1,1,51,0,0,0,FALSE,0,FALSE,0.0013068181818181818,TRUE,3,Weak,Midwest,4.698970004336019,1,0,0.23076923076923078,Night
556,1996,7,28,1996-07-28,18:14:00,America/Chicago,1996-07-28T23:14:00Z,CO,8,0,0,0,10000,39.92,-104.43,39.92,-104.43,0.1,50,1,1,1,0,0,0,FALSE,0,FALSE,0.002840909090909091,TRUE,3,Weak,West,4,0,0,0.19387755102040816,Evening
297,1968,6,5,1968-06-05,18:18:00,America/Chicago,1968-06-05T23:18:00Z,OK,40,0,0,0,10000,35.05,-98.05,0,0,0.1,10,1,1,51,0,0,0,FALSE,0,FALSE,5.681818181818183e-4,TRUE,3,Weak,South,4,0,0,1.0727272727272728,Evening
156,1984,4,19,1984-04-19,17:50:00,America/Chicago,1984-04-19T23:50:00Z,CO,8,1,0,0,5000,40.47,-104.8,0,0,1,150,1,1,123,0,0,0,FALSE,0,FALSE,0.08522727272727272,TRUE,2,Weak,West,3.6989700043360187,1,0,1.1219512195121952,Evening
419,1993,6,7,1993-06-07,15:50:00,America/Chicago,1993-06-07T20:50:00Z,SD,46,3,0,0,500000,43.88,-96.97,43.95,-96.87,6,100,1,1,79,0,0,0,FALSE,0,FALSE,0.3409090909090909,TRUE,3,Strong,Midwest,5.698970004336019,3,0,0.8433734939759037,Evening
621618,2022,5,27,2022-05-27,10:22:00,America/Chicago,2022-05-27T15:22:00Z,MD,24,0,0,0,200000,39.1589,-77.0719,39.1615,-77.0698,0.21,125,1,1,31,0,0,0,FALSE,0,FALSE,0.014914772727272728,TRUE,2,Weak,South,5.301029995663981,0,0,0.6666666666666666,Afternoon
117,1971,3,5,1971-03-05,10:00:00,America/Chicago,1971-03-05T16:00:00Z,NM,35,0,0,0,10000,34.55,-103.95,0,0,0.1,10,1,1,41,0,0,0,FALSE,0,FALSE,5.681818181818183e-4,TRUE,2,Weak,West,4,0,0,0.8333333333333334,Afternoon
173,1972,4,21,1972-04-21,20:00:00,America/Chicago,1972-04-22T02:00:00Z,KY,21,3,0,0,500000,37.28,-86.73,37.32,-86.63,5.7,10,1,1,31,0,0,0,FALSE,0,FALSE,0.03238636363636364,TRUE,2,Strong,South,5.698970004336019,3,0,1.8181818181818181,Night
511,1982,5,28,1982-05-28,02:14:00,America/Chicago,1982-05-28T07:14:00Z,OK,40,2,0,0,5000000,34.22,-95.63,34.28,-95.57,6,100,1,1,127,0,0,0,FALSE,0,FALSE,0.3409090909090909,TRUE,2,Strong,South,6.698970004336019,2,3,1.0909090909090908,Morning
307,2004,8,12,2004-08-12,14:00:00,America/Chicago,2004-08-12T19:00:00Z,FL,12,2,0,0,315000,30.47,-81.8,30.4,-81.68,7,1,1,1,31,0,0,0,FALSE,0,FALSE,0.003977272727272727,TRUE,3,Strong,South,5.498310553789601,2,6,0.3173076923076923,Evening
550,1969,9,20,1969-09-20,21:20:00,America/Chicago,1969-09-21T02:20:00Z,FL,12,1,0,0,5000,29.93,-84.5,0,0,0.1,10,1,1,37,0,0,0,FALSE,0,FALSE,5.681818181818183e-4,TRUE,4,Weak,South,3.6989700043360187,1,0,0.7931034482758621,Night
849,2009,6,27,2009-06-27,13:55:00,America/Chicago,2009-06-27T18:55:00Z,ND,38,0,0,0,10000,48.5775,-99.2381,48.5787,-99.2337,0.22,50,1,1,95,0,0,0,FALSE,0,FALSE,0.0062499999999999995,TRUE,3,Weak,Midwest,4,0,0,0.36666666666666664,Evening
610066,2015,12,23,2015-12-23,16:15:00,America/Chicago,2015-12-23T22:15:00Z,IL,17,1,0,0,50000,40.5391,-90.7834,40.6614,-90.6581,10.7,50,1,1,109,187,0,0,FALSE,0,FALSE,0.3039772727272727,TRUE,1,Weak,Midwest,4.698970004336019,1,2,0.7313432835820896,Evening
888,1995,7,12,1995-07-12,00:00:00,America/Chicago,1995-07-12T05:00:00Z,ND,38,0,0,0,10000,48.02,-101.6,0,0,0.1,10,1,1,101,0,0,0,FALSE,0,FALSE,5.681818181818183e-4,TRUE,3,Weak,Midwest,4,0,0,0.07692307692307693,Night
567,1994,6,18,1994-06-18,17:40:00,America/Chicago,1994-06-18T22:40:00Z,IA,19,0,0,0,500,42.98,-93.97,0,0,0.2,23,1,1,81,0,0,0,FALSE,0,FALSE,0.0026136363636363636,TRUE,3,Weak,Midwest,2.6989700043360187,0,0,0.8163265306122449,Evening
567,1986,7,28,1986-07-28,16:13:00,America/Chicago,1986-07-28T21:13:00Z,SD,46,2,0,0,500000,43.78,-99,43.72,-98.9,6,80,1,1,15,0,0,0,FALSE,0,FALSE,0.2727272727272727,TRUE,3,Strong,Midwest,5.698970004336019,2,0,0.6764705882352942,Evening
1180,2003,6,9,2003-06-09,18:40:00,America/Chicago,2003-06-09T23:40:00Z,NE,31,1,0,0,30000,41.57,-99.28,41.57,-99.22,4,580,1,1,41,0,0,0,FALSE,0,FALSE,1.3181818181818181,TRUE,3,Weak,Midwest,4.477121254719663,1,2,0.2345679012345679,Evening
746,1980,8,10,1980-08-10,13:40:00,America/Chicago,1980-08-10T18:40:00Z,TX,48,2,4,0,500000000,30.25,-97.65,30.3,-97.72,5.4,150,1,1,453,0,0,0,FALSE,4,FALSE,0.4602272727272727,TRUE,3,Strong,South,8.698970004336019,2,1,0.8223684210526315,Evening
391464,2012,6,24,2012-06-24,10:25:00,America/Chicago,2012-06-24T15:25:00Z,FL,12,0,0,0,10000,26.634,-80.0645,26.634,-80.0645,0.01,20,1,1,99,0,0,0,FALSE,0,FALSE,1.1363636363636364e-4,TRUE,3,Weak,South,4,0,1,0.20833333333333334,Afternoon
491,2003,6,9,2003-06-09,18:37:00,America/Chicago,2003-06-09T23:37:00Z,NE,31,0,0,0,10000,42.55,-97.18,42.55,-97.18,0,40,1,1,27,0,0,0,FALSE,0,FALSE,0,TRUE,3,Weak,Midwest,4,0,2,0.2345679012345679,Evening
16,1966,2,14,1966-02-14,05:00:00,America/Chicago,1966-02-14T11:00:00Z,MS,28,1,0,0,50000,31.7,-90.83,0,0,1,100,1,1,63,0,0,0,FALSE,0,FALSE,0.056818181818181816,TRUE,1,Weak,South,4.698970004336019,1,59,1.0833333333333333,Morning
155,1995,4,19,1995-04-19,18:42:00,America/Chicago,1995-04-19T23:42:00Z,TX,48,0,0,0,10000,32.68,-98.1,0,0,0.1,10,1,1,363,0,0,0,FALSE,0,FALSE,5.681818181818183e-4,TRUE,2,Weak,South,4,0,6,0.354978354978355,Evening
754,1990,6,18,1990-06-18,16:34:00,America/Chicago,1990-06-18T21:34:00Z,NE,31,0,0,0,10000,40.48,-98.68,0,0,0.5,40,1,1,1,0,0,0,FALSE,0,FALSE,0.011363636363636364,TRUE,3,Weak,Midwest,4,0,0,0.7045454545454546,Evening
512,1960,8,6,1960-08-06,12:00:00,America/Chicago,1960-08-06T17:00:00Z,VA,51,2,0,0,50000,38.47,-78.62,0,0,0.1,10,1,1,165,139,0,0,FALSE,0,FALSE,5.681818181818183e-4,TRUE,3,Strong,South,4.698970004336019,2,0,1.4,Afternoon
605,1973,6,12,1973-06-12,15:00:00,America/Chicago,1973-06-12T20:00:00Z,IN,18,1,0,0,50000,40.45,-87.25,40.52,-87.25,4.6,50,1,1,171,7,0,0,FALSE,0,FALSE,0.13068181818181818,TRUE,3,Weak,Midwest,4.698970004336019,1,0,1,Evening
16,1969,3,24,1969-03-24,22:05:00,America/Chicago,1969-03-25T04:05:00Z,VA,51,2,1,0,500000,37.52,-77.43,0,0,0.3,17,1,1,760,0,0,0,FALSE,1,FALSE,0.0028977272727272727,TRUE,2,Strong,South,5.698970004336019,2,1,1.7142857142857142,Night
615231,2017,5,18,2017-05-18,19:38:00,America/Chicago,2017-05-19T00:38:00Z,TX,48,1,0,0,50000,31.942,-98.8591,31.9509,-98.8931,4.36,880,1,1,49,0,0,0,FALSE,0,FALSE,2.18,TRUE,2,Weak,South,4.698970004336019,1,4,0.6467065868263473,Night
43,2008,1,8,2008-01-08,03:45:00,America/Chicago,2008-01-08T09:45:00Z,MO,29,1,0,0,200000,37.19,-92.3,37.26,-92.1,11.95,150,1,1,229,215,0,0,FALSE,0,FALSE,1.018465909090909,TRUE,1,Weak,Midwest,5.301029995663981,1,4,0.5824175824175825,Morning
1250,2008,6,18,2008-06-18,16:01:00,America/Chicago,2008-06-18T21:01:00Z,NE,31,0,0,0,10000,40.21,-100.63,0,0,0.25,10,1,1,145,0,0,0,FALSE,0,FALSE,0.0014204545454545455,TRUE,3,Weak,Midwest,4,0,4,0.6140350877192983,Evening
840,2005,6,1,2005-06-01,10:15:00,America/Chicago,2005-06-01T15:15:00Z,TX,48,0,0,0,30000,26.17,-97.98,26.17,-97.98,0.2,40,1,1,215,0,0,0,FALSE,0,FALSE,0.004545454545454546,TRUE,3,Weak,South,4.477121254719663,0,0,0.26666666666666666,Afternoon
289249,2011,4,28,2011-04-28,04:20:00,America/Chicago,2011-04-28T09:20:00Z,PA,42,1,0,0,10000,40.295,-76.6069,40.3157,-76.5825,1.92,100,1,1,75,0,0,0,FALSE,0,FALSE,0.10909090909090909,TRUE,2,Weak,Northeast,4,1,0,0.9,Morning
498,2004,9,7,2004-09-07,13:53:00,America/Chicago,2004-09-07T18:53:00Z,NC,37,1,0,0,200000,34.38,-79.13,34.43,-79.18,4.2,40,1,1,155,0,0,0,FALSE,0,FALSE,0.09545454545454546,TRUE,4,Weak,South,5.301029995663981,1,3,0.2878787878787879,Evening
86,1978,4,11,1978-04-11,13:51:00,America/Chicago,1978-04-11T19:51:00Z,MI,26,0,0,0,500,43.3,-82.87,0,0,2,33,1,1,151,0,0,0,FALSE,0,FALSE,0.0375,TRUE,2,Weak,Midwest,2.6989700043360187,0,0,0.7894736842105263,Evening
220,1991,4,9,1991-04-09,17:30:00,America/Chicago,1991-04-09T22:30:00Z,OR,41,0,0,0,500,45.5,-122.43,0,0,0.2,10,1,1,51,0,0,0,FALSE,0,FALSE,0.0011363636363636365,TRUE,2,Weak,West,2.6989700043360187,0,0,0.4,Evening
234,1995,5,7,1995-05-07,12:05:00,America/Chicago,1995-05-07T17:05:00Z,TX,48,0,0,0,10000,33.6,-98.47,0,0,0.1,23,1,1,9,0,0,0,FALSE,0,FALSE,0.0013068181818181818,TRUE,2,Weak,South,4,0,6,0.354978354978355,Afternoon
246,1979,5,8,1979-05-08,05:10:00,America/Chicago,1979-05-08T10:10:00Z,FL,12,1,1,0,500000,28.03,-82.45,0,0,0.3,30,1,1,57,0,0,0,FALSE,1,FALSE,0.005113636363636363,TRUE,2,Weak,South,5.698970004336019,1,1,0.6741573033707865,Morning
618743,2020,3,31,2020-03-31,09:33:00,America/Chicago,2020-03-31T14:33:00Z,AL,1,0,0,0,10000,31.9371,-86.0665,31.9379,-86.0643,0.14,80,1,1,109,0,0,0,FALSE,0,FALSE,0.006363636363636365,TRUE,2,Weak,South,4,0,5,0.8571428571428571,Afternoon
355,2002,12,24,2002-12-24,09:55:00,America/Chicago,2002-12-24T15:55:00Z,GA,13,0,0,0,40000,31.45,-82.47,31.45,-82.47,2,100,1,1,5,0,0,0,FALSE,0,FALSE,0.11363636363636363,TRUE,1,Weak,South,4.6020599913279625,0,0,0.391304347826087,Afternoon
620426,2021,8,17,2021-08-17,13:33:00,America/Chicago,2021-08-17T18:33:00Z,SC,45,0,0,0,10000,33.9713,-81.4971,34.0338,-81.4956,4.32,50,1,1,63,0,0,0,FALSE,0,FALSE,0.12272727272727273,TRUE,3,Weak,South,4,0,0,0.5833333333333334,Evening
572889,2015,6,5,2015-06-05,16:54:00,America/Chicago,2015-06-05T21:54:00Z,CO,8,0,0,0,10000,39.69,-103.06,39.69,-103.06,0.1,100,1,1,121,0,0,0,FALSE,0,FALSE,0.005681818181818182,TRUE,3,Weak,West,4,0,0,0.2962962962962963,Evening
583,1988,11,5,1988-11-05,00:05:00,America/Chicago,1988-11-05T06:05:00Z,FL,12,1,0,0,500000,30.18,-85.8,0,0,1,30,1,1,5,0,0,0,FALSE,0,FALSE,0.017045454545454544,TRUE,4,Weak,South,5.698970004336019,1,5,0.5652173913043478,Morning
196,1986,5,7,1986-05-07,15:25:00,America/Chicago,1986-05-07T20:25:00Z,TX,48,0,0,0,10000,31.35,-100.32,0,0,0.2,30,1,1,451,0,0,0,FALSE,0,FALSE,0.003409090909090909,TRUE,2,Weak,South,4,0,3,0.3409090909090909,Evening
130,2007,3,23,2007-03-23,17:36:00,America/Chicago,2007-03-23T22:36:00Z,NM,35,0,0,0,10000,33.4,-103.33,33.41,-103.33,1,100,1,1,25,0,0,0,FALSE,0,FALSE,0.056818181818181816,TRUE,2,Weak,West,4,0,2,0.22727272727272727,Evening
606163,2015,11,6,2015-11-06,05:46:00,America/Chicago,2015-11-06T11:46:00Z,MI,26,0,0,0,15000,43.8,-83.021,43.802,-83.009,0.61,25,1,1,63,0,0,0,FALSE,0,FALSE,0.008664772727272728,TRUE,4,Weak,Midwest,4.176091259055681,0,0,0.6428571428571429,Morning
678,1981,8,7,1981-08-07,16:15:00,America/Chicago,1981-08-07T21:15:00Z,PA,42,2,0,0,500000,41.4,-79.85,0,0,0.1,10,1,1,121,0,0,0,FALSE,0,FALSE,5.681818181818183e-4,TRUE,3,Strong,Northeast,5.698970004336019,2,0,1.588235294117647,Evening
279,1968,5,31,1968-05-31,16:30:00,America/Chicago,1968-05-31T21:30:00Z,TX,48,0,0,0,10000,34.77,-102.38,0,0,0.2,17,1,1,117,0,0,0,FALSE,0,FALSE,0.001931818181818182,TRUE,2,Weak,South,4,0,0,0.7647058823529411,Evening
1142,2008,6,7,2008-06-07,16:37:00,America/Chicago,2008-06-07T21:37:00Z,WI,55,0,0,0,10000,42.86,-88.48,42.86,-88.47,0.12,20,1,1,133,0,0,0,FALSE,0,FALSE,0.0013636363636363635,TRUE,3,Weak,Midwest,4,0,0,0.47368421052631576,Evening
918,2000,5,26,2000-05-26,16:56:00,America/Chicago,2000-05-26T21:56:00Z,MO,29,1,0,0,50000,40.33,-94.87,40.35,-94.87,1,50,1,1,147,0,0,0,FALSE,0,FALSE,0.028409090909090908,TRUE,2,Weak,Midwest,4.698970004336019,1,0,0.4074074074074074,Evening
1189,2003,6,11,2003-06-11,18:40:00,America/Chicago,2003-06-11T23:40:00Z,NE,31,0,0,0,10000,42.13,-99.98,42.13,-99.98,0.1,10,1,1,9,0,0,0,FALSE,0,FALSE,5.681818181818183e-4,TRUE,3,Weak,Midwest,4,0,2,0.2345679012345679,Evening
620901,2021,12,15,2021-12-15,19:42:00,America/Chicago,2021-12-16T01:42:00Z,MN,27,0,0,0,265000,43.7763,-92.37,43.8355,-92.3277,4.6,80,1,1,45,0,0,0,FALSE,0,FALSE,0.20909090909090908,TRUE,1,Weak,Midwest,5.423245873936808,0,0,0.4838709677419355,Night
414,1979,6,28,1979-06-28,14:30:00,America/Chicago,1979-06-28T19:30:00Z,MN,27,1,0,0,500000,45.87,-96.2,45.8,-96.12,5.4,10,1,1,51,0,0,0,FALSE,0,FALSE,0.030681818181818185,TRUE,3,Weak,Midwest,5.698970004336019,1,0,0.72,Evening
504,1985,8,3,1985-08-03,16:05:00,America/Chicago,1985-08-03T21:05:00Z,SD,46,0,0,0,10000,44.52,-99.33,0,0,0.1,10,1,1,59,0,0,0,FALSE,0,FALSE,5.681818181818183e-4,TRUE,3,Weak,Midwest,4,0,0,0.2909090909090909,Evening
366423,2012,3,21,2012-03-21,04:53:00,America/Chicago,2012-03-21T09:53:00Z,LA,22,0,0,0,75000,29.8816,-92.1028,29.8945,-92.1004,0.9,20,1,1,113,0,0,0,FALSE,0,FALSE,0.010227272727272727,TRUE,2,Weak,South,4.8750612633917,0,0,0.4222222222222222,Morning
192,1952,7,2,1952-07-02,17:50:00,America/Chicago,1952-07-02T22:50:00Z,IA,19,1,0,0,50000,43.4,-96.1,0,0,0.1,10,1,1,119,0,0,0,FALSE,0,FALSE,5.681818181818183e-4,TRUE,3,Weak,Midwest,4.698970004336019,1,0,1.6666666666666667,Evening
488,1990,5,30,1990-05-30,19:50:00,America/Chicago,1990-05-31T00:50:00Z,TX,48,2,0,0,315000,32.75,-94.18,0,0,0.2,10,1,1,315,0,0,0,FALSE,0,FALSE,0.0011363636363636365,TRUE,2,Strong,South,5.498310553789601,2,2,1.0632911392405062,Night
614146,2016,7,2,2016-07-02,18:31:00,America/Chicago,2016-07-02T23:31:00Z,CO,8,0,0,0,10000,39.74,-104.42,39.74,-104.42,0.01,25,1,1,1,0,0,0,FALSE,0,FALSE,1.4204545454545454e-4,TRUE,3,Weak,West,4,0,0,0.41025641025641024,Evening
108,1996,4,20,1996-04-20,00:08:00,America/Chicago,1996-04-20T05:08:00Z,IN,18,2,1,0,250000,38.38,-86.02,38.38,-86,1,100,1,1,43,0,0,0,FALSE,1,FALSE,0.056818181818181816,TRUE,2,Strong,Midwest,5.3979400086720375,2,0,0.8,Night
1132,1990,12,23,1990-12-23,03:11:00,America/Chicago,1990-12-23T09:11:00Z,OH,39,1,0,0,500000,39.88,-81.55,39.92,-81.3,13,50,1,1,59,121,0,0,FALSE,0,FALSE,0.3693181818181818,TRUE,1,Weak,Midwest,5.698970004336019,1,1,0.6086956521739131,Morning
615808,2017,10,8,2017-10-08,16:45:00,America/Chicago,2017-10-08T21:45:00Z,NC,37,1,0,0,110000,36.1999,-81.4368,36.3018,-81.446,7.08,300,1,1,193,9,0,0,FALSE,0,FALSE,1.2068181818181818,TRUE,4,Weak,South,5.041392685158225,1,0,0.7857142857142857,Evening
505,1962,7,9,1962-07-09,08:10:00,America/Chicago,1962-07-09T13:10:00Z,NH,33,0,0,0,50000,43.53,-72.2,0,0,1,40,1,1,19,0,0,0,FALSE,0,FALSE,0.022727272727272728,TRUE,3,Weak,Northeast,4.698970004336019,0,0,0,Afternoon
511,1970,8,23,1970-08-23,20:40:00,America/Chicago,1970-08-24T01:40:00Z,TX,48,0,0,0,10000,28.37,-97.77,0,0,0.1,10,1,1,25,0,0,0,FALSE,0,FALSE,5.681818181818183e-4,TRUE,3,Weak,South,4,0,51,1.256198347107438,Night
111,2004,11,16,2004-11-16,19:23:00,America/Chicago,2004-11-17T01:23:00Z,TX,48,0,0,0,10000,29.35,-98.7,29.35,-98.7,0.1,20,1,1,29,0,0,0,FALSE,0,FALSE,0.0011363636363636365,TRUE,4,Weak,South,4,0,2,0.25280898876404495,Night
482,1999,6,27,1999-06-27,17:51:00,America/Chicago,1999-06-27T22:51:00Z,NE,31,0,0,0,10000,41.87,-103.65,41.87,-103.65,0.2,30,1,1,157,0,0,0,FALSE,0,FALSE,0.003409090909090909,TRUE,3,Weak,Midwest,4,0,0,0.35294117647058826,Evening
230,2002,7,28,2002-07-28,12:55:00,America/Chicago,2002-07-28T17:55:00Z,SD,46,0,0,0,10000,44.3,-97.37,44.3,-97.37,0.1,100,1,1,77,0,0,0,FALSE,0,FALSE,0.005681818181818182,TRUE,3,Weak,Midwest,4,0,0,0.8333333333333334,Afternoon
1294,2003,7,9,2003-07-09,17:55:00,America/Chicago,2003-07-09T22:55:00Z,KS,20,0,0,0,10000,37.97,-98.08,37.97,-98.08,0.5,50,1,1,155,0,0,0,FALSE,0,FALSE,0.014204545454545454,TRUE,3,Weak,Midwest,4,0,11,0.5434782608695652,Evening
644,1998,9,25,1998-09-25,09:30:00,America/Chicago,1998-09-25T14:30:00Z,FL,12,0,0,0,40000,28.1,-82.03,28.12,-82.05,0.5,30,1,1,105,0,0,0,FALSE,0,FALSE,0.008522727272727272,TRUE,4,Weak,South,4.6020599913279625,0,42,0.4954128440366973,Afternoon
1179,2004,5,22,2004-05-22,17:11:00,America/Chicago,2004-05-22T22:11:00Z,NE,31,0,0,0,10000,40.1,-99.32,40.1,-99.32,0.2,75,1,1,83,0,0,0,FALSE,0,FALSE,0.008522727272727272,TRUE,2,Weak,Midwest,4,0,1,0.3153153153153153,Evening
875,1967,12,10,1967-12-10,03:30:00,America/Chicago,1967-12-10T09:30:00Z,FL,12,3,0,0,50000,30.6,-86.2,0,0,0.1,10,1,1,131,0,0,0,FALSE,0,FALSE,5.681818181818183e-4,TRUE,1,Strong,South,4.698970004336019,3,2,1.608695652173913,Morning
19,1992,2,5,1992-02-05,14:48:00,America/Chicago,1992-02-05T20:48:00Z,FL,12,0,0,0,500,27.77,-82.67,0,0,0.2,10,1,1,103,0,0,0,FALSE,0,FALSE,0.0011363636363636365,TRUE,1,Weak,South,2.6989700043360187,0,4,0.3,Evening
430,2005,9,24,2005-09-24,11:54:00,America/Chicago,2005-09-24T16:54:00Z,AR,5,1,0,0,50000,33.4,-91.87,33.45,-91.97,4.8,40,1,1,43,0,0,0,FALSE,0,FALSE,0.10909090909090909,TRUE,4,Weak,South,4.698970004336019,1,3,1.144927536231884,Afternoon
615696,2017,8,30,2017-08-30,00:00:00,America/Chicago,2017-08-30T05:00:00Z,MS,28,0,0,0,10000,30.3962,-88.9121,30.3983,-88.9118,0.15,30,1,1,47,0,0,0,FALSE,0,FALSE,0.0025568181818181814,TRUE,3,Weak,South,4,0,5,0.8529411764705882,Night
679,1994,6,30,1994-06-30,20:13:00,America/Chicago,1994-07-01T01:13:00Z,MN,27,1,1,0,500000,44.05,-93.85,0,0,1,73,1,1,13,0,0,0,FALSE,1,FALSE,0.04147727272727273,TRUE,3,Weak,Midwest,5.698970004336019,1,0,0.3235294117647059,Night
349602,2011,9,17,2011-09-17,16:55:00,America/Chicago,2011-09-17T21:55:00Z,OK,40,0,0,0,10000,36.784,-97.897,36.784,-97.897,0.5,30,1,1,53,0,0,0,FALSE,0,FALSE,0.008522727272727272,TRUE,4,Weak,South,4,0,14,0.7627118644067796,Evening
532,2001,11,24,2001-11-24,17:08:00,America/Chicago,2001-11-24T23:08:00Z,AL,1,0,0,0,30000,31.63,-86.75,31.63,-86.75,3,100,1,1,13,0,0,0,FALSE,0,FALSE,0.17045454545454544,TRUE,4,Weak,South,4.477121254719663,0,6,0.8727272727272727,Evening
571486,2015,4,22,2015-04-22,17:20:00,America/Chicago,2015-04-22T22:20:00Z,TX,48,0,0,0,10000,32.5232,-100.663,32.523,-100.657,0.09,30,1,1,353,0,0,0,FALSE,0,FALSE,0.001534090909090909,TRUE,2,Weak,South,4,0,17,0.49377593360995853,Evening
495,1958,9,7,1958-09-07,16:00:00,America/Chicago,1958-09-07T21:00:00Z,OK,40,1,0,0,50,36.6,-101.67,36.6,-101.73,3.6,100,1,1,139,0,0,0,FALSE,0,FALSE,0.20454545454545453,TRUE,4,Weak,South,1.6989700043360187,1,0,1.119047619047619,Evening
24,1968,3,12,1968-03-12,11:30:00,America/Chicago,1968-03-12T17:30:00Z,FL,12,0,0,0,10000,29.32,-82.5,0,0,0.1,10,1,1,75,0,0,0,TRUE,0,FALSE,5.681818181818183e-4,TRUE,2,Weak,South,4,0,4,0.9473684210526315,Afternoon
434,1986,6,16,1986-06-16,10:50:00,America/Chicago,1986-06-16T15:50:00Z,NH,33,1,0,0,500000,42.9,-72.22,42.97,-71.97,12,30,1,1,5,11,0,0,FALSE,0,FALSE,0.20454545454545453,TRUE,3,Weak,Northeast,5.698970004336019,1,0,1,Afternoon
318,2002,11,12,2002-11-12,06:45:00,America/Chicago,2002-11-12T12:45:00Z,GA,13,2,2,0,510000,31.33,-83.08,31.45,-82.85,3.1,200,1,1,3,69,0,0,FALSE,2,FALSE,0.3522727272727273,TRUE,4,Strong,South,5.707570176097937,2,0,0.391304347826087,Afternoon
198,1989,5,5,1989-05-05,17:28:00,America/Chicago,1989-05-05T22:28:00Z,NC,37,2,0,0,500000,35.95,-81.68,36.02,-81.42,15,73,1,1,27,0,0,0,FALSE,0,FALSE,0.6221590909090909,TRUE,2,Strong,South,5.698970004336019,2,5,1.565217391304348,Evening
261,1972,5,13,1972-05-13,12:15:00,America/Chicago,1972-05-13T17:15:00Z,TX,48,1,0,0,50000,36.33,-102.12,0,0,0.5,100,1,1,421,0,0,0,FALSE,0,FALSE,0.028409090909090908,TRUE,2,Weak,South,4.698970004336019,1,2,0.965034965034965,Afternoon
613770,2016,4,26,2016-04-26,21:00:00,America/Chicago,2016-04-27T02:00:00Z,OK,40,1,0,0,20000,35.9751,-96.2571,36.0071,-96.1651,5.6,550,1,1,37,0,0,0,FALSE,0,FALSE,1.75,TRUE,2,Weak,South,4.301029995663981,1,2,1.0175438596491229,Night
1261,2004,6,4,2004-06-04,16:15:00,America/Chicago,2004-06-04T21:15:00Z,NC,37,1,1,0,70000,35.92,-76.25,35.92,-76.25,0.1,50,1,1,177,0,0,0,FALSE,1,FALSE,0.002840909090909091,TRUE,3,Weak,South,4.845098040014257,1,3,0.2878787878787879,Evening
308161,2011,6,22,2011-06-22,19:29:00,America/Chicago,2011-06-23T00:29:00Z,KY,21,1,0,0,150000,38.1906,-85.6192,38.193600000000004,-85.581,1.9,150,1,1,111,0,0,0,FALSE,0,FALSE,0.16193181818181815,TRUE,3,Weak,South,5.176091259055681,1,0,0.9473684210526315,Night
618165,2019,7,8,2019-07-08,13:46:00,America/Chicago,2019-07-08T18:46:00Z,ND,38,0,0,0,10000,47.7666,-100.3466,47.7699,-100.3362,0.53,50,1,1,83,0,0,0,FALSE,0,FALSE,0.015056818181818182,TRUE,3,Weak,Midwest,4,0,0,0.26666666666666666,Evening
507,1994,6,9,1994-06-09,12:10:00,America/Chicago,1994-06-09T17:10:00Z,MS,28,0,0,0,500,34.2,-90.58,0,0,0.3,23,1,1,27,0,0,0,FALSE,0,FALSE,0.003920454545454545,TRUE,3,Weak,South,2.6989700043360187,0,4,0.5,Afternoon
954,1990,8,6,1990-08-06,17:00:00,America/Chicago,1990-08-06T22:00:00Z,SC,45,0,0,0,5000,34.7,-79.58,34.68,-79.57,1,20,1,1,69,0,0,0,FALSE,0,FALSE,0.011363636363636364,TRUE,3,Weak,South,3.6989700043360187,0,1,0.5833333333333334,Evening
219,1987,6,2,1987-06-02,13:30:00,America/Chicago,1987-06-02T18:30:00Z,IL,17,0,0,0,10000,40.52,-89.27,0,0,0.1,10,1,1,179,0,0,0,FALSE,0,FALSE,5.681818181818183e-4,TRUE,3,Weak,Midwest,4,0,0,0.6363636363636364,Evening
593,1985,8,25,1985-08-25,14:00:00,America/Chicago,1985-08-25T19:00:00Z,MS,28,0,0,0,5000,33.58,-88.62,0,0,0.2,20,1,1,25,0,0,0,FALSE,0,FALSE,0.002272727272727273,TRUE,3,Weak,South,3.6989700043360187,0,0,0.9047619047619048,Evening
90,1969,5,3,1969-05-03,14:00:00,America/Chicago,1969-05-03T19:00:00Z,OK,40,1,0,0,50000,35.1,-98.1,0,0,0.1,10,1,1,51,0,0,0,FALSE,0,FALSE,5.681818181818183e-4,TRUE,2,Weak,South,4.698970004336019,1,0,0.9354838709677419,Evening
197,1961,4,20,1961-04-20,23:35:00,America/Chicago,1961-04-21T05:35:00Z,OK,40,0,0,0,500,36.85,-95.63,0,0,0.1,100,1,1,105,0,0,0,FALSE,0,FALSE,0.005681818181818182,TRUE,2,Weak,South,2.6989700043360187,0,17,1.382716049382716,Night
1390,2004,7,7,2004-07-07,20:13:00,America/Chicago,2004-07-08T01:13:00Z,KS,20,0,0,0,10000,38.53,-98.93,38.53,-98.93,0.5,75,1,1,9,0,0,0,FALSE,0,FALSE,0.02130681818181818,TRUE,3,Weak,Midwest,4,0,0,0.4032258064516129,Night
721,2002,5,7,2002-05-07,23:11:00,America/Chicago,2002-05-08T04:11:00Z,KS,20,0,0,0,10000,37.65,-98.18,37.65,-98.18,0.3,110,1,1,95,0,0,0,FALSE,0,FALSE,0.01875,TRUE,2,Weak,Midwest,4,0,0,0.3229166666666667,Night
618,1965,6,21,1965-06-21,16:05:00,America/Chicago,1965-06-21T21:05:00Z,KS,20,1,0,0,50000,39.23,-96.5,0,0,0.1,10,1,1,149,0,0,0,FALSE,0,FALSE,5.681818181818183e-4,TRUE,3,Weak,Midwest,4.698970004336019,1,0,0.8823529411764706,Evening
585517,2015,8,2,2015-08-02,17:21:00,America/Chicago,2015-08-02T22:21:00Z,IA,19,1,0,0,200000,41.1807,-94.5778,41.1334,-94.5212,4.97,300,1,1,1,3,0,0,FALSE,0,FALSE,0.8471590909090908,TRUE,3,Weak,Midwest,5.301029995663981,1,0,0.6101694915254238,Evening
643,1988,11,19,1988-11-19,13:28:00,America/Chicago,1988-11-19T19:28:00Z,TX,48,1,0,0,50000,32.8,-94.67,0,0,0.2,10,1,1,315,0,0,0,FALSE,0,FALSE,0.0011363636363636365,TRUE,4,Weak,South,4.698970004336019,1,1,0.48314606741573035,Evening
487,1962,7,1,1962-07-01,16:15:00,America/Chicago,1962-07-01T21:15:00Z,MT,30,1,0,0,500,48.5,-109.8,48.5,-109.7,3.8,10,1,1,41,0,0,0,TRUE,0,FALSE,0.02159090909090909,TRUE,3,Weak,West,2.6989700043360187,1,0,1.3,Evening
578502,2015,6,19,2015-06-19,15:51:00,America/Chicago,2015-06-19T20:51:00Z,IL,17,1,0,0,500000,37.8798,-88.9586,37.8885,-88.9714,0.92,150,1,1,55,0,0,0,FALSE,0,FALSE,0.0784090909090909,TRUE,3,Weak,Midwest,5.698970004336019,1,2,0.7313432835820896,Evening
644,1988,11,19,1988-11-19,13:40:00,America/Chicago,1988-11-19T19:40:00Z,TX,48,1,0,0,50000,32.97,-94.55,0,0,0.2,10,1,1,67,0,0,0,FALSE,0,FALSE,0.0011363636363636365,TRUE,4,Weak,South,4.698970004336019,1,1,0.48314606741573035,Evening
855,2009,7,1,2009-07-01,05:48:00,America/Chicago,2009-07-01T10:48:00Z,FL,12,0,0,0,5000,27.8908,-82.3306,27.8981,-82.2836,2.92,30,1,1,57,0,0,0,FALSE,0,FALSE,0.04977272727272727,TRUE,3,Weak,South,3.6989700043360187,0,0,0.10810810810810811,Morning
739,1971,9,6,1971-09-06,11:30:00,America/Chicago,1971-09-06T16:30:00Z,IN,18,1,1,0,5000,41.03,-86.58,0,0,0.1,17,1,1,131,0,0,0,FALSE,1,FALSE,9.65909090909091e-4,TRUE,4,Weak,Midwest,3.6989700043360187,1,1,1.2142857142857142,Afternoon
249,1953,6,7,1953-06-07,17:00:00,America/Chicago,1953-06-07T22:00:00Z,NE,31,1,0,0,5000,40.1,-98.85,40.32,-98.9,15,33,1,1,61,0,0,0,FALSE,0,FALSE,0.28125,TRUE,3,Weak,Midwest,3.6989700043360187,1,16,1.25,Evening
590,2007,5,10,2007-05-10,13:05:00,America/Chicago,2007-05-10T18:05:00Z,PA,42,0,0,0,15000,41.77,-75.98,41.79,-75.93,2.9,75,1,1,115,0,0,0,FALSE,0,FALSE,0.12357954545454544,TRUE,2,Weak,Northeast,4.176091259055681,0,0,0.42857142857142855,Evening
200,1956,5,13,1956-05-13,00:15:00,America/Chicago,1956-05-13T05:15:00Z,PA,42,2,5,0,500000,40.37,-79.87,0,0,0.7,200,1,1,3,0,0,0,FALSE,5,FALSE,0.07954545454545454,TRUE,2,Strong,Northeast,5.698970004336019,2,0,1.8333333333333333,Night
485,1991,5,10,1991-05-10,19:20:00,America/Chicago,1991-05-11T00:20:00Z,TX,48,1,0,0,5000,36.13,-102.45,36.25,-102.42,7,160,1,1,111,0,0,0,FALSE,0,FALSE,0.6363636363636364,TRUE,2,Weak,South,3.6989700043360187,1,1,0.5677083333333334,Night
112,1955,4,22,1955-04-22,17:00:00,America/Chicago,1955-04-22T23:00:00Z,AR,5,2,0,0,50000,36.35,-90.82,0,0,1,200,1,1,121,0,0,0,FALSE,0,FALSE,0.11363636363636363,TRUE,2,Strong,South,4.698970004336019,2,2,2,Evening
510,1968,8,13,1968-08-13,15:30:00,America/Chicago,1968-08-13T20:30:00Z,FL,12,1,0,0,5000,28.18,-82.17,0,0,0.1,10,1,1,101,0,0,0,TRUE,0,FALSE,5.681818181818183e-4,TRUE,3,Weak,South,3.6989700043360187,1,4,0.9473684210526315,Evening
38,1966,3,21,1966-03-21,14:40:00,America/Chicago,1966-03-21T20:40:00Z,IL,17,2,0,0,50000,41.8,-90,0,0,0.1,300,1,1,195,0,0,0,FALSE,0,FALSE,0.017045454545454544,TRUE,2,Strong,Midwest,4.698970004336019,2,1,1.1818181818181819,Evening
187,1972,4,27,1972-04-27,12:20:00,America/Chicago,1972-04-27T18:20:00Z,TX,48,1,0,0,50000,27.77,-97.38,0,0,1.5,50,1,1,355,0,0,0,FALSE,0,FALSE,0.04261363636363636,TRUE,2,Weak,South,4.698970004336019,1,2,0.965034965034965,Evening
450003,2013,5,27,2013-05-27,15:49:00,America/Chicago,2013-05-27T20:49:00Z,CO,8,0,0,0,10000,38.9441,-102.166,38.9441,-102.166,0.25,50,1,1,17,0,0,0,FALSE,0,FALSE,0.007102272727272727,TRUE,2,Weak,West,4,0,0,0.038461538461538464,Evening
23,1956,2,20,1956-02-20,06:20:00,America/Chicago,1956-02-20T12:20:00Z,SC,45,1,1,0,5000,33.43,-80.03,0,0,0.5,10,1,1,15,0,0,0,FALSE,1,FALSE,0.002840909090909091,TRUE,1,Weak,South,3.6989700043360187,1,0,1,Afternoon
308,1973,5,7,1973-05-07,14:25:00,America/Chicago,1973-05-07T19:25:00Z,MO,29,2,1,0,50000,36.73,-92.07,36.75,-91.93,7.4,100,1,1,91,0,0,0,FALSE,1,FALSE,0.42045454545454547,TRUE,2,Strong,Midwest,4.698970004336019,2,8,1.518987341772152,Evening
988,1991,7,13,1991-07-13,19:35:00,America/Chicago,1991-07-14T00:35:00Z,NM,35,0,0,0,10000,32.23,-104.07,0,0,0.2,10,1,1,15,0,0,0,FALSE,0,FALSE,0.0011363636363636365,TRUE,3,Weak,West,4,0,0,0.3548387096774194,Night
461832,2013,5,31,2013-05-31,19:27:00,America/Chicago,2013-06-01T00:27:00Z,MO,29,3,0,0,500000,38.8009,-90.1493,38.8442,-89.9602,10.64,150,2,0,0,0,0,0,FALSE,0,FALSE,0.9068181818181817,TRUE,2,Strong,Midwest,5.698970004336019,3,0,0.8333333333333334,Night
988,1997,7,1,1997-07-01,19:15:00,America/Chicago,1997-07-02T00:15:00Z,MN,27,1,0,0,50000,45.27,-92.95,45.28,-92.92,1,200,1,1,163,0,0,0,FALSE,0,FALSE,0.11363636363636363,TRUE,3,Weak,Midwest,4.698970004336019,1,1,0.5957446808510638,Night
1009,1995,8,4,1995-08-04,17:35:00,America/Chicago,1995-08-04T22:35:00Z,IA,19,0,0,0,10000,43.38,-95.95,0,0,0.1,10,1,1,119,0,0,0,FALSE,0,FALSE,5.681818181818183e-4,TRUE,3,Weak,Midwest,4,0,0,0.8809523809523809,Evening
714,1994,7,6,1994-07-06,15:43:00,America/Chicago,1994-07-06T20:43:00Z,IA,19,0,0,0,500,42.93,-91.93,0,0,0.2,20,1,1,65,0,0,0,FALSE,0,FALSE,0.002272727272727273,TRUE,3,Weak,Midwest,2.6989700043360187,0,0,0.8163265306122449,Evening
326,1995,5,10,1995-05-10,16:05:00,America/Chicago,1995-05-10T21:05:00Z,KY,21,0,0,0,10000,36.77,-83.7,0,0,0.1,10,1,1,13,0,0,0,FALSE,0,FALSE,5.681818181818183e-4,TRUE,2,Weak,South,4,0,0,1.2413793103448276,Evening
1250,1999,6,1,1999-06-01,20:36:00,America/Chicago,1999-06-02T01:36:00Z,IL,17,0,0,0,10000,39.1,-88.25,39.1,-88.23,0.5,20,1,1,79,0,0,0,FALSE,0,FALSE,0.005681818181818182,TRUE,3,Weak,Midwest,4,0,3,0.46774193548387094,Night
740,2008,5,14,2008-05-14,04:10:00,America/Chicago,2008-05-14T09:10:00Z,TX,48,0,0,0,10000,30.72,-98.2,30.73,-98.2,0.25,30,1,1,53,0,0,0,FALSE,0,FALSE,0.004261363636363636,TRUE,2,Weak,South,4,0,0,0.23333333333333334,Morning
1106,1998,6,27,1998-06-27,18:46:00,America/Chicago,1998-06-27T23:46:00Z,IA,19,2,0,0,50000,42.98,-93.43,43.07,-93.38,7.5,50,1,1,33,0,0,0,FALSE,0,FALSE,0.21306818181818182,TRUE,3,Strong,Midwest,4.698970004336019,2,0,0.4305555555555556,Evening
421,1976,5,25,1976-05-25,14:53:00,America/Chicago,1976-05-25T19:53:00Z,TX,48,3,1,0,5000000,32.57,-99.68,32.47,-99.4,20.3,300,1,1,253,441,59,0,FALSE,1,FALSE,3.4602272727272725,TRUE,2,Strong,South,6.698970004336019,3,2,1.0786516853932584,Evening
693,1983,7,21,1983-07-21,09:22:00,America/Chicago,1983-07-21T14:22:00Z,MI,26,1,0,0,500,44.28,-85.22,44.22,-85.05,9.2,30,1,1,113,0,0,0,FALSE,0,FALSE,0.1568181818181818,TRUE,3,Weak,Midwest,2.6989700043360187,1,1,1.1578947368421053,Afternoon
336,1955,6,4,1955-06-04,18:30:00,America/Chicago,1955-06-04T23:30:00Z,KS,20,0,0,0,10000,38.07,-98.6,0,0,0.1,10,1,1,185,0,0,0,TRUE,0,FALSE,5.681818181818183e-4,TRUE,3,Weak,Midwest,4,0,1,0.59375,Evening
773,1982,7,6,1982-07-06,19:20:00,America/Chicago,1982-07-07T00:20:00Z,IA,19,1,0,0,50000,42.48,-92,0,0,0.2,10,1,1,19,0,0,0,FALSE,0,FALSE,0.0011363636363636365,TRUE,3,Weak,Midwest,4.698970004336019,1,0,0.6470588235294118,Night
661,1957,7,3,1957-07-03,21:00:00,America/Chicago,1957-07-04T02:00:00Z,NE,31,1,0,0,5000,41.05,-101.55,0,0,0.8,10,1,1,101,0,0,0,FALSE,0,FALSE,0.004545454545454546,TRUE,3,Weak,Midwest,3.6989700043360187,1,1,1.169811320754717,Night
941,2008,5,26,2008-05-26,18:09:00,America/Chicago,2008-05-26T23:09:00Z,KS,20,1,0,0,50000,37.63,-98.68,37.65,-98.65,2.2,100,1,1,151,0,0,0,FALSE,0,FALSE,0.125,TRUE,2,Weak,Midwest,4.698970004336019,1,4,0.518918918918919,Evening
331,2010,5,13,2010-05-13,04:37:00,America/Chicago,2010-05-13T09:37:00Z,OK,40,1,0,0,10000,35.93,-95.1321,35.9761,-95.0931,4,200,1,1,21,0,0,0,FALSE,0,FALSE,0.45454545454545453,TRUE,2,Weak,South,4,1,7,0.8333333333333334,Morning
133,1985,4,23,1985-04-23,12:55:00,America/Chicago,1985-04-23T18:55:00Z,TX,48,0,0,0,10000,32.6,-94.4,0,0,0.5,30,1,1,203,0,0,0,FALSE,0,FALSE,0.008522727272727272,TRUE,2,Weak,South,4,0,4,0.3111111111111111,Evening
40,2004,12,7,2004-12-07,02:32:00,America/Chicago,2004-12-07T08:32:00Z,MS,28,1,0,0,30000,34.07,-88.73,34.07,-88.73,0.8,25,1,1,95,0,0,0,FALSE,0,FALSE,0.011363636363636364,TRUE,1,Weak,South,4.477121254719663,1,1,0.7592592592592593,Morning
351,2005,8,12,2005-08-12,12:24:00,America/Chicago,2005-08-12T17:24:00Z,NY,36,0,0,0,10000,42.17,-77.95,42.17,-77.95,0.5,10,1,1,3,0,0,0,FALSE,0,FALSE,0.002840909090909091,TRUE,3,Weak,Northeast,4,0,0,0.75,Afternoon
1229,2003,6,4,2003-06-04,18:10:00,America/Chicago,2003-06-04T23:10:00Z,NM,35,0,0,0,10000,34.58,-103.62,34.58,-103.62,0.1,30,1,1,9,0,0,0,FALSE,0,FALSE,0.0017045454545454545,TRUE,3,Weak,West,4,0,0,0,Evening
617867,2019,5,27,2019-05-27,17:34:00,America/Chicago,2019-05-27T22:34:00Z,IN,18,1,0,0,50000,40.685,-86.042,40.686,-86.031,0.58,50,1,1,103,0,0,0,FALSE,0,FALSE,0.016477272727272726,TRUE,2,Weak,Midwest,4.698970004336019,1,0,0.967741935483871,Evening
616906,2018,11,1,2018-11-01,11:12:00,America/Chicago,2018-11-01T16:12:00Z,AL,1,0,0,0,10000,32.739,-85.2892,32.7529,-85.2485,2.65,50,1,1,17,81,17,0,FALSE,0,FALSE,0.0752840909090909,TRUE,4,Weak,South,4,0,0,0.5909090909090909,Afternoon
261,2003,5,24,2003-05-24,16:50:00,America/Chicago,2003-05-24T21:50:00Z,FL,12,0,0,0,10000,27.88,-82,27.88,-82,0.2,30,1,1,105,0,0,0,FALSE,0,FALSE,0.003409090909090909,TRUE,2,Weak,South,4,0,1,0.2727272727272727,Evening
225,1972,5,7,1972-05-07,14:45:00,America/Chicago,1972-05-07T19:45:00Z,MS,28,1,2,0,5000,30.37,-89.08,0,0,0.8,33,1,1,47,0,0,0,FALSE,2,FALSE,0.015,TRUE,2,Weak,South,3.6989700043360187,1,0,1.7096774193548387,Evening
218,1989,5,12,1989-05-12,15:31:00,America/Chicago,1989-05-12T20:31:00Z,CO,8,1,0,0,50000,40.47,-102.82,0,0,0.5,23,1,1,121,0,0,0,FALSE,0,FALSE,0.006534090909090909,TRUE,2,Weak,West,4.698970004336019,1,0,0.8181818181818182,Evening
257,1957,4,26,1957-04-26,02:30:00,America/Chicago,1957-04-26T08:30:00Z,TX,48,2,0,0,5000,30.02,-97.17,30.5,-96.78,40.5,10,1,1,21,287,51,0,TRUE,0,FALSE,0.23011363636363638,TRUE,2,Strong,South,3.6989700043360187,2,38,1.4137931034482758,Morning
97,2006,3,12,2006-03-12,16:25:00,America/Chicago,2006-03-12T22:25:00Z,MO,29,1,0,0,10000,38.67,-93.05,38.67,-93.03,1,250,1,1,141,0,0,0,FALSE,0,FALSE,0.14204545454545456,TRUE,2,Weak,Midwest,4,1,11,0.90625,Evening
619214,2020,6,24,2020-06-24,05:25:00,America/Chicago,2020-06-24T10:25:00Z,LA,22,1,0,0,50000,30.6017,-91.005,30.6039,-91.0001,0.33,125,1,1,33,0,0,0,FALSE,0,FALSE,0.023437500000000003,TRUE,3,Weak,South,4.698970004336019,1,5,1.1666666666666667,Morning
10,1995,1,6,1995-01-06,23:45:00,America/Chicago,1995-01-07T05:45:00Z,NC,37,1,22,0,5000000,35.23,-77.85,0,0,0.5,50,1,1,191,0,0,0,FALSE,22,FALSE,0.014204545454545454,TRUE,1,Weak,South,6.698970004336019,1,1,0.7307692307692307,Night
299,1980,5,25,1980-05-25,15:00:00,America/Chicago,1980-05-25T20:00:00Z,MT,30,1,0,0,500000,48.53,-110.42,0,0,0.1,10,1,1,41,0,0,0,FALSE,0,FALSE,5.681818181818183e-4,TRUE,2,Weak,West,5.698970004336019,1,0,0.8571428571428571,Evening
248,1983,5,5,1983-05-05,18:15:00,America/Chicago,1983-05-05T23:15:00Z,SD,46,0,0,0,500,44.02,-96.65,0,0,0.1,10,1,1,101,0,0,0,FALSE,0,FALSE,5.681818181818183e-4,TRUE,2,Weak,Midwest,2.6989700043360187,0,0,0.9230769230769231,Evening
410,1964,6,14,1964-06-14,01:35:00,America/Chicago,1964-06-14T06:35:00Z,NE,31,0,0,0,10000,40.82,-98.6,0,0,0.1,10,1,1,79,0,0,0,FALSE,0,FALSE,5.681818181818183e-4,TRUE,3,Weak,Midwest,4,0,4,1.024390243902439,Morning
615718,2017,8,31,2017-08-31,22:47:00,America/Chicago,2017-09-01T03:47:00Z,TN,47,0,0,0,15000,36.1597,-86.7079,36.1716,-86.7161,0.94,50,1,1,37,0,0,0,FALSE,0,FALSE,0.026704545454545453,TRUE,3,Weak,South,4.176091259055681,0,0,0.42424242424242425,Night
589,1980,6,24,1980-06-24,00:15:00,America/Chicago,1980-06-24T05:15:00Z,MS,28,2,0,0,500000,33.95,-90.17,33.9,-90.12,4.9,300,1,1,135,0,0,0,FALSE,0,FALSE,0.8352272727272727,TRUE,3,Strong,South,5.698970004336019,2,2,1.875,Night
395,1986,6,8,1986-06-08,17:20:00,America/Chicago,1986-06-08T22:20:00Z,CO,8,1,0,0,50000,39.83,-104.6,0,0,2,100,1,1,1,0,0,0,FALSE,0,FALSE,0.11363636363636363,TRUE,3,Weak,West,4.698970004336019,1,0,1.1,Evening
496,1979,7,11,1979-07-11,14:20:00,America/Chicago,1979-07-11T19:20:00Z,FL,12,1,0,0,50000,28.98,-81.92,0,0,0.1,30,1,1,83,0,0,0,FALSE,0,FALSE,0.0017045454545454545,TRUE,3,Weak,South,4.698970004336019,1,1,0.6741573033707865,Evening
1125,1993,10,18,1993-10-18,21:20:00,America/Chicago,1993-10-19T02:20:00Z,TX,48,0,0,0,10000,32.73,-101,0,0,0.1,10,1,1,415,0,0,0,FALSE,0,FALSE,5.681818181818183e-4,TRUE,4,Weak,South,4,0,2,0.42735042735042733,Night
378472,2012,4,13,2012-04-13,18:25:00,America/Chicago,2012-04-13T23:25:00Z,OK,40,0,0,0,10000,34.8598,-98.8575,34.8598,-98.8575,0.5,300,1,1,75,0,0,0,FALSE,0,FALSE,0.08522727272727272,TRUE,2,Weak,South,4,0,6,0.4444444444444444,Evening
296,2006,4,7,2006-04-07,12:40:00,America/Chicago,2006-04-07T17:40:00Z,TN,47,1,0,0,40000,35.43,-88.33,35.43,-88.28,3.5,100,1,1,77,0,0,0,FALSE,0,FALSE,0.19886363636363635,TRUE,2,Weak,South,4.6020599913279625,1,34,1.2,Afternoon
181,1999,3,27,1999-03-27,22:40:00,America/Chicago,1999-03-28T04:40:00Z,TX,48,0,0,0,10000,26.62,-98.4,26.62,-98.4,0.2,30,1,1,215,0,0,0,FALSE,0,FALSE,0.003409090909090909,TRUE,2,Weak,South,4,0,6,0.47878787878787876,Night
615442,2017,6,14,2017-06-14,14:53:00,America/Chicago,2017-06-14T19:53:00Z,WI,55,0,0,0,10000,44.29,-88,44.3,-87.98,1.21,50,1,1,9,0,0,0,FALSE,0,FALSE,0.034374999999999996,TRUE,3,Weak,Midwest,4,0,1,0.6521739130434783,Evening
616387,2018,6,19,2018-06-19,14:54:00,America/Chicago,2018-06-19T19:54:00Z,WY,56,0,0,0,10000,41.4758,-104.9032,41.4758,-104.9032,0.1,25,1,1,21,0,0,0,FALSE,0,FALSE,0.0014204545454545455,TRUE,3,Weak,West,4,0,0,1.0869565217391304,Evening
620217,2021,6,26,2021-06-26,12:26:00,America/Chicago,2021-06-26T17:26:00Z,IL,17,1,0,0,50000,39.5123,-90.3957,39.5128,-90.393,0.15,25,1,1,61,0,0,0,FALSE,0,FALSE,0.002130681818181818,TRUE,3,Weak,Midwest,4.698970004336019,1,6,0.821917808219178,Afternoon
529,2007,5,5,2007-05-05,18:55:00,America/Chicago,2007-05-05T23:55:00Z,KS,20,0,0,0,10000,37.99,-98.84,38.01,-98.83,1.26,50,1,1,185,0,0,0,FALSE,0,FALSE,0.03579545454545455,TRUE,2,Weak,Midwest,4,0,14,0.4642857142857143,Evening
860,1994,8,7,1994-08-07,19:30:00,America/Chicago,1994-08-08T00:30:00Z,MN,27,1,0,0,50000,44.15,-93.65,0,0,1,20,1,1,161,0,0,0,FALSE,0,FALSE,0.011363636363636364,TRUE,3,Weak,Midwest,4.698970004336019,1,0,0.3235294117647059,Night
15,1959,1,21,1959-01-21,19:45:00,America/Chicago,1959-01-22T01:45:00Z,NC,37,1,0,0,50000,35.95,-80.9,35.98,-80.82,5.2,300,1,1,97,0,0,0,FALSE,0,FALSE,0.8863636363636364,TRUE,1,Weak,South,4.698970004336019,1,0,0.8181818181818182,Night
581292,2015,5,23,2015-05-23,20:37:00,America/Chicago,2015-05-24T01:37:00Z,TX,48,0,0,0,10000,30.5155,-97.8883,30.5241,-97.8716,1.16,125,1,1,453,0,0,0,FALSE,0,FALSE,0.08238636363636363,TRUE,2,Weak,South,4,0,17,0.49377593360995853,Night
681,1990,6,12,1990-06-12,16:35:00,America/Chicago,1990-06-12T21:35:00Z,WI,55,1,1,0,500000,44.7,-92.55,0,0,0.5,73,1,1,93,0,0,0,FALSE,1,FALSE,0.020738636363636365,TRUE,3,Weak,Midwest,5.698970004336019,1,0,1.3333333333333333,Evening
758,1991,6,2,1991-06-02,15:00:00,America/Chicago,1991-06-02T20:00:00Z,OH,39,0,0,0,50000,40.05,-82.88,0,0,0.5,20,1,1,49,0,0,0,FALSE,0,FALSE,0.005681818181818182,TRUE,3,Weak,Midwest,4.698970004336019,0,0,0.14285714285714285,Evening
688,2006,6,22,2006-06-22,19:00:00,America/Chicago,2006-06-23T00:00:00Z,KS,20,0,0,0,10000,37.23,-100.93,37.23,-100.93,0.3,20,1,1,175,0,0,0,FALSE,0,FALSE,0.003409090909090909,TRUE,3,Weak,Midwest,4,0,0,0.25555555555555554,Night
366,1974,5,9,1974-05-09,16:00:00,America/Chicago,1974-05-09T21:00:00Z,TX,48,1,0,0,50000,32.5,-101.17,0,0,1,20,1,1,415,0,0,0,FALSE,0,FALSE,0.011363636363636364,TRUE,2,Weak,South,4.698970004336019,1,3,1.146551724137931,Evening
617043,2019,1,19,2019-01-19,18:22:00,America/Chicago,2019-01-20T00:22:00Z,FL,12,1,0,0,20000,30.0716,-85.6074,30.0794,-85.5974,0.8,50,1,1,5,0,0,0,FALSE,0,FALSE,0.022727272727272728,TRUE,1,Weak,South,4.301029995663981,1,0,0.44,Night
691,1976,7,8,1976-07-08,17:30:00,America/Chicago,1976-07-08T22:30:00Z,TX,48,0,0,0,10000,27.7,-97.28,0,0,0.1,10,1,1,355,0,0,0,FALSE,0,FALSE,5.681818181818183e-4,TRUE,3,Weak,South,4,0,2,1.0786516853932584,Evening
616963,2018,12,1,2018-12-01,00:47:00,America/Chicago,2018-12-01T06:47:00Z,MO,29,1,0,0,175000,37.11,-93.53,37.1218,-93.4875,2.48,60,1,1,77,0,0,0,FALSE,0,FALSE,0.08454545454545453,TRUE,1,Weak,Midwest,5.243038048686294,1,1,0.4782608695652174,Morning
325,1992,6,6,1992-06-06,15:58:00,America/Chicago,1992-06-06T20:58:00Z,TX,48,0,0,0,10000,32.13,-102.77,0,0,0.3,30,1,1,3,0,0,0,FALSE,0,FALSE,0.005113636363636363,TRUE,3,Weak,South,4,0,0,0.5185185185185185,Evening
315932,2011,5,21,2011-05-21,18:39:00,America/Chicago,2011-05-21T23:39:00Z,OK,40,1,0,0,8000,34.56,-96.8336,34.6291,-96.7202,7.2,880,1,1,99,123,0,0,FALSE,0,FALSE,3.6,TRUE,2,Weak,South,3.9030899869919438,1,14,0.7627118644067796,Evening
384,2000,7,18,2000-07-18,18:35:00,America/Chicago,2000-07-18T23:35:00Z,MO,29,0,0,0,10000,38.95,-90.92,38.95,-90.92,0.1,40,1,1,113,0,0,0,FALSE,0,FALSE,0.002272727272727273,TRUE,3,Weak,Midwest,4,0,0,0.4074074074074074,Evening
259,1989,5,16,1989-05-16,18:00:00,America/Chicago,1989-05-16T23:00:00Z,TX,48,1,0,0,50000,32.32,-97.73,0,0,0.5,73,1,1,221,0,0,0,FALSE,0,FALSE,0.020738636363636365,TRUE,2,Weak,South,4.698970004336019,1,1,0.7,Evening
719,1994,7,6,1994-07-06,16:20:00,America/Chicago,1994-07-06T21:20:00Z,NE,31,0,0,0,10000,41.75,-101.63,0,0,0.5,23,1,1,75,0,0,0,FALSE,0,FALSE,0.006534090909090909,TRUE,3,Weak,Midwest,4,0,0,0.41818181818181815,Evening
572,1976,6,12,1976-06-12,13:00:00,America/Chicago,1976-06-12T18:00:00Z,MN,27,1,0,0,50000,48.67,-95.73,0,0,1,200,1,1,135,0,0,0,FALSE,0,FALSE,0.11363636363636363,TRUE,3,Weak,Midwest,4.698970004336019,1,1,1.1818181818181819,Evening
1192,2003,6,24,2003-06-24,17:44:00,America/Chicago,2003-06-24T22:44:00Z,NE,31,0,0,0,10000,41.17,-100.48,41.17,-100.48,0.1,10,1,1,111,0,0,0,FALSE,0,FALSE,5.681818181818183e-4,TRUE,3,Weak,Midwest,4,0,2,0.2345679012345679,Evening
1159,2001,10,11,2001-10-11,15:00:00,America/Chicago,2001-10-11T20:00:00Z,MS,28,0,0,0,1000,32.95,-89.77,32.95,-89.77,1,40,1,1,7,0,0,0,FALSE,0,FALSE,0.022727272727272728,TRUE,4,Weak,South,3,0,12,0.6440677966101694,Evening
1087,2004,5,12,2004-05-12,18:01:00,America/Chicago,2004-05-12T23:01:00Z,KS,20,0,0,0,10000,37.47,-98.8,37.47,-98.8,0.5,20,1,1,151,0,0,0,FALSE,0,FALSE,0.005681818181818182,TRUE,2,Weak,Midwest,4,0,0,0.4032258064516129,Evening
354105,2012,1,17,2012-01-17,10:00:00,America/Chicago,2012-01-17T16:00:00Z,IN,18,1,0,0,10000,38.3075,-85.8888,38.315,-85.8507,2.13,50,1,1,43,0,0,0,FALSE,0,FALSE,0.060511363636363634,TRUE,1,Weak,Midwest,4,1,14,0.8888888888888888,Afternoon
40,1996,3,30,1996-03-30,17:11:00,America/Chicago,1996-03-30T23:11:00Z,AR,5,0,0,0,10000,33.35,-93.72,33.35,-93.72,0.5,25,1,1,91,0,0,0,FALSE,0,FALSE,0.007102272727272727,TRUE,2,Weak,South,4,0,9,1.1785714285714286,Evening
841,1990,7,2,1990-07-02,18:25:00,America/Chicago,1990-07-02T23:25:00Z,ND,38,0,0,0,50000,48.42,-101.55,0,0,0.1,10,1,1,101,0,0,0,FALSE,0,FALSE,5.681818181818183e-4,TRUE,3,Weak,Midwest,4.698970004336019,0,0,0.24,Evening
1069,1994,11,27,1994-11-27,16:35:00,America/Chicago,1994-11-27T22:35:00Z,TN,47,0,0,0,50000,36.6,-87.82,0,0,2,50,1,1,161,0,0,0,FALSE,0,FALSE,0.056818181818181816,TRUE,4,Weak,South,4.698970004336019,0,5,0.8928571428571429,Evening
461,1958,8,12,1958-08-12,14:35:00,America/Chicago,1958-08-12T19:35:00Z,TX,48,2,0,0,5000,32.92,-96.63,32.92,-96.58,3,300,1,1,113,0,0,0,FALSE,0,FALSE,0.5113636363636364,TRUE,3,Strong,South,3.6989700043360187,2,1,1.0135135135135136,Evening
303642,2011,4,28,2011-04-28,08:15:00,America/Chicago,2011-04-28T13:15:00Z,VA,51,1,0,0,25000,37.8661,-77.6292,37.8837,-77.5883,2.54,150,1,1,85,0,0,0,FALSE,0,FALSE,0.2164772727272727,TRUE,2,Weak,South,4.3979400086720375,1,6,0.75,Afternoon
153,1967,4,20,1967-04-20,13:40:00,America/Chicago,1967-04-20T19:40:00Z,OK,40,3,0,0,500000,34.97,-98.23,0,0,1,200,1,1,15,0,0,0,FALSE,0,FALSE,0.11363636363636363,TRUE,2,Strong,South,5.698970004336019,3,4,0.9183673469387755,Evening
294142,2011,5,22,2011-05-22,15:00:00,America/Chicago,2011-05-22T20:00:00Z,WI,55,1,0,0,200000,45.6088,-91.6253,45.6379,-91.6087,1.98,300,1,1,5,0,0,0,FALSE,0,FALSE,0.33749999999999997,TRUE,2,Weak,Midwest,5.301029995663981,1,1,0.8461538461538461,Evening
145,1986,4,12,1986-04-12,04:20:00,America/Chicago,1986-04-12T10:20:00Z,MS,28,2,0,0,5000000,31.52,-90.37,31.38,-90.05,21.8,100,1,1,85,77,0,0,FALSE,0,FALSE,1.2386363636363635,TRUE,2,Strong,South,6.698970004336019,2,0,1.2,Morning
159,2005,6,26,2005-06-26,16:50:00,America/Chicago,2005-06-26T21:50:00Z,ND,38,0,0,0,10000,46.3,-100.73,46.32,-100.7,2,20,1,1,85,0,0,0,FALSE,0,FALSE,0.022727272727272728,TRUE,3,Weak,Midwest,4,0,0,0.5094339622641509,Evening
617667,2019,5,20,2019-05-20,20:05:00,America/Chicago,2019-05-21T01:05:00Z,OK,40,0,0,0,2000,36.1543,-95.8549,36.1565,-95.8492,0.5,100,1,1,143,0,0,0,FALSE,0,FALSE,0.028409090909090908,TRUE,2,Weak,South,3.3010299956639813,0,4,0.8040540540540541,Night
202,1967,4,22,1967-04-22,15:50:00,America/Chicago,1967-04-22T21:50:00Z,HI,15,0,0,0,5000,20.83,-156.5,20.83,-156.5,0.1,10,1,1,9,0,0,0,TRUE,0,FALSE,5.681818181818183e-4,TRUE,2,Weak,West,3.6989700043360187,0,0,0.5,Evening
424,1974,5,15,1974-05-15,13:10:00,America/Chicago,1974-05-15T18:10:00Z,FL,12,1,1,0,500000,27.17,-80.27,0,0,1,333,1,1,85,0,0,0,FALSE,1,FALSE,0.18920454545454546,TRUE,2,Weak,South,5.698970004336019,1,1,0.6481481481481481,Evening
177,1978,5,4,1978-05-04,09:45:00,America/Chicago,1978-05-04T14:45:00Z,FL,12,0,0,0,5000,28.33,-82.27,0,0,0.1,13,1,1,101,0,0,0,FALSE,0,FALSE,7.386363636363636e-4,TRUE,2,Weak,South,3.6989700043360187,0,3,0.43956043956043955,Afternoon
613814,2016,4,27,2016-04-27,17:58:00,America/Chicago,2016-04-27T22:58:00Z,IL,17,0,0,0,10000,39.0114,-88.7644,39.0117,-88.7635,0.05,10,1,1,49,0,0,0,FALSE,0,FALSE,2.8409090909090913e-4,TRUE,2,Weak,Midwest,4,0,0,0.6,Evening
258,1966,6,8,1966-06-08,19:20:00,America/Chicago,1966-06-09T00:20:00Z,OK,40,0,0,0,10000,35.17,-98.2,0,0,0.1,10,1,1,15,0,0,0,FALSE,0,FALSE,5.681818181818183e-4,TRUE,3,Weak,South,4,0,0,0.9444444444444444,Night
660,1994,6,28,1994-06-28,16:30:00,America/Chicago,1994-06-28T21:30:00Z,GA,13,1,0,0,50000,34.77,-83.95,0,0,1.2,23,1,1,291,0,0,0,FALSE,0,FALSE,0.01568181818181818,TRUE,3,Weak,South,4.698970004336019,1,20,0.9230769230769231,Evening
601568,2015,10,25,2015-10-25,09:25:00,America/Chicago,2015-10-25T14:25:00Z,LA,22,0,1,0,10000,29.9603,-90.3033,29.9696,-90.3098,0.75,50,1,1,89,0,0,0,FALSE,1,FALSE,0.02130681818181818,TRUE,4,Weak,South,4,0,0,0.7586206896551724,Afternoon
613717,2016,4,7,2016-04-07,00:27:00,America/Chicago,2016-04-07T05:27:00Z,GA,13,0,0,0,30000,31.9895,-84.5977,31.9727,-84.5131,5.09,300,1,1,307,0,0,0,FALSE,0,FALSE,0.8676136363636363,TRUE,2,Weak,South,4.477121254719663,0,0,0.6428571428571429,Night
621557,2022,5,17,2022-05-17,16:14:00,America/Chicago,2022-05-17T21:14:00Z,NE,31,1,0,0,50000,40.03,-99.88,40.03,-99.88,0.01,20,1,1,65,0,0,0,FALSE,0,FALSE,1.1363636363636364e-4,TRUE,2,Weak,Midwest,4.698970004336019,1,0,0.9615384615384616,Evening
364438,2012,4,3,2012-04-03,18:08:00,America/Chicago,2012-04-03T23:08:00Z,LA,22,0,0,0,5000,32.965,-93.991,32.967,-93.938,3.08,50,1,1,17,0,0,0,FALSE,0,FALSE,0.0875,TRUE,2,Weak,South,3.6989700043360187,0,0,0.4222222222222222,Evening
1152,2004,5,31,2004-05-31,00:17:00,America/Chicago,2004-05-31T05:17:00Z,TN,47,1,0,0,10000,35.3,-86.35,35.32,-86.23,6,150,1,1,127,51,0,0,FALSE,0,FALSE,0.5113636363636364,TRUE,2,Weak,South,4,1,0,0.6666666666666666,Night
615922,2018,2,7,2018-02-07,07:16:00,America/Chicago,2018-02-07T13:16:00Z,AL,1,0,0,0,10000,32.0121,-87.9099,32.0095,-87.897,0.78,100,1,1,91,0,0,0,FALSE,0,FALSE,0.04431818181818182,TRUE,1,Weak,South,4,0,0,0.5909090909090909,Afternoon
839,1983,11,19,1983-11-19,16:30:00,America/Chicago,1983-11-19T22:30:00Z,LA,22,2,0,0,500000,32.5,-91.52,32.55,-91.5,3,100,1,1,83,0,0,0,FALSE,0,FALSE,0.17045454545454544,TRUE,4,Strong,South,5.698970004336019,2,5,1.78125,Evening
618099,2019,6,21,2019-06-21,18:39:00,America/Chicago,2019-06-21T23:39:00Z,KY,21,1,0,0,50000,36.7726,-86.3893,36.7455,-86.3157,4.6,125,1,1,3,0,0,0,FALSE,0,FALSE,0.32670454545454547,TRUE,3,Weak,South,4.698970004336019,1,0,0.8,Evening
600,1974,6,12,1974-06-12,15:20:00,America/Chicago,1974-06-12T20:20:00Z,TX,48,1,0,0,50000,31.97,-105.63,31.92,-105.58,4.5,30,1,1,229,0,0,0,FALSE,0,FALSE,0.07670454545454544,TRUE,3,Weak,South,4.698970004336019,1,3,1.146551724137931,Evening
595,1983,6,28,1983-06-28,00:45:00,America/Chicago,1983-06-28T05:45:00Z,OK,40,0,0,0,50,34.55,-97.95,0,0,0.1,10,1,1,51,0,0,0,FALSE,0,FALSE,5.681818181818183e-4,TRUE,3,Weak,South,1.6989700043360187,0,1,0.7777777777777778,Night
16,2004,4,17,2004-04-17,18:00:00,America/Chicago,2004-04-17T23:00:00Z,OR,41,0,0,0,10000,42.15,-121.73,42.15,-121.73,0.2,0,1,1,35,0,0,0,FALSE,0,FALSE,0,TRUE,2,Weak,West,4,0,0,0.16666666666666666,Evening
216,1977,5,4,1977-05-04,19:26:00,America/Chicago,1977-05-05T00:26:00Z,IA,19,1,0,0,50000,41.85,-94.57,0,0,1,30,1,1,77,0,0,0,TRUE,0,FALSE,0.017045454545454544,TRUE,2,Weak,Midwest,4.698970004336019,1,0,1.1388888888888888,Night
151,1985,4,28,1985-04-28,08:23:00,America/Chicago,1985-04-28T13:23:00Z,TX,48,0,0,0,10000,32.22,-95.4,0,0,0.5,30,1,1,423,0,0,0,FALSE,0,FALSE,0.008522727272727272,TRUE,2,Weak,South,4,0,4,0.3111111111111111,Afternoon
16,1975,1,10,1975-01-10,07:15:00,America/Chicago,1975-01-10T13:15:00Z,LA,22,1,1,0,50000,32.87,-91.38,0,0,0.5,27,1,1,123,0,0,0,FALSE,1,FALSE,0.007670454545454545,TRUE,1,Weak,South,4.698970004336019,1,3,1.2592592592592593,Afternoon
599361,2015,7,8,2015-07-08,17:43:00,America/Chicago,2015-07-08T22:43:00Z,MO,29,0,0,0,10000,37.7826,-90.7522,37.783,-90.7491,0.18,100,1,1,221,0,0,0,FALSE,0,FALSE,0.010227272727272727,TRUE,3,Weak,Midwest,4,0,0,0.5106382978723404,Evening
246,1962,5,26,1962-05-26,19:25:00,America/Chicago,1962-05-27T00:25:00Z,KS,20,2,0,0,5000,38.57,-96.18,0,0,2,200,1,1,111,0,0,0,FALSE,0,FALSE,0.22727272727272727,TRUE,2,Strong,Midwest,3.6989700043360187,2,0,1.2622950819672132,Night
785,1991,6,5,1991-06-05,17:55:00,America/Chicago,1991-06-05T22:55:00Z,TX,48,0,0,0,10000,31.87,-101.37,0,0,0.1,20,1,1,173,0,0,0,FALSE,0,FALSE,0.0011363636363636365,TRUE,3,Weak,South,4,0,1,0.5677083333333334,Evening
635,1970,11,19,1970-11-19,17:45:00,America/Chicago,1970-11-19T23:45:00Z,AR,5,3,27,0,500000,34.78,-90.97,34.82,-90.83,8,400,1,1,77,0,0,0,FALSE,27,FALSE,1.8181818181818181,TRUE,4,Strong,South,5.698970004336019,3,0,2,Evening
440,1973,5,26,1973-05-26,21:00:00,America/Chicago,1973-05-27T02:00:00Z,OK,40,2,0,0,50000,34.95,-94.7,0,0,1.5,33,1,1,79,0,0,0,FALSE,0,FALSE,0.028124999999999997,TRUE,2,Strong,South,4.698970004336019,2,12,1.44,Night
115,1999,1,21,1999-01-21,19:59:00,America/Chicago,1999-01-22T01:59:00Z,AR,5,0,0,0,10000,34.82,-92.1,34.83,-92.07,1,0,1,1,119,0,0,0,FALSE,0,FALSE,0,TRUE,1,Weak,South,4,0,8,1.145631067961165,Night
189,1976,3,26,1976-03-26,22:30:00,America/Chicago,1976-03-27T04:30:00Z,MS,28,2,0,0,50000,34.37,-89.43,0,0,1,100,1,1,71,0,0,0,FALSE,0,FALSE,0.056818181818181816,TRUE,2,Strong,South,4.698970004336019,2,5,2.0588235294117645,Night
770,1973,7,4,1973-07-04,09:59:00,America/Chicago,1973-07-04T14:59:00Z,IN,18,0,0,0,50000,39.42,-85.9,0,0,0.3,50,1,1,81,0,0,0,FALSE,0,FALSE,0.008522727272727272,TRUE,3,Weak,Midwest,4.698970004336019,0,0,1,Afternoon
617401,2019,4,30,2019-04-30,12:18:00,America/Chicago,2019-04-30T17:18:00Z,KS,20,1,0,0,50000,37.0802,-95.2059,37.0817,-95.2021,0.23,50,1,1,99,0,0,0,FALSE,0,FALSE,0.0065340909090909095,TRUE,2,Weak,Midwest,4.698970004336019,1,0,0.8850574712643678,Afternoon
192,2007,3,28,2007-03-28,19:06:00,America/Chicago,2007-03-29T00:06:00Z,KS,20,0,0,0,10000,39.36,-101.55,39.4,-101.55,3,25,1,1,181,0,0,0,FALSE,0,FALSE,0.04261363636363636,TRUE,2,Weak,Midwest,4,0,14,0.4642857142857143,Night
218,1983,5,1,1983-05-01,22:30:00,America/Chicago,1983-05-02T03:30:00Z,IL,17,1,0,0,500000,38.45,-88.43,0,0,0.2,30,1,1,191,0,0,0,FALSE,0,FALSE,0.003409090909090909,TRUE,2,Weak,Midwest,5.698970004336019,1,2,1.0769230769230769,Night
620483,2021,8,28,2021-08-28,19:12:00,America/Chicago,2021-08-29T00:12:00Z,MN,27,0,0,0,10000,43.8756,-93.5422,43.8789,-93.5294,0.68,25,1,1,161,0,0,0,FALSE,0,FALSE,0.009659090909090909,TRUE,3,Weak,Midwest,4,0,0,0.4838709677419355,Night
162,1965,4,11,1965-04-11,19:30:00,America/Chicago,1965-04-12T01:30:00Z,MI,26,2,0,0,50000,43.37,-84.6,0,0,1,50,1,1,57,0,0,0,FALSE,0,FALSE,0.028409090909090908,TRUE,2,Strong,Midwest,4.698970004336019,2,28,2.466666666666667,Night
618833,2020,4,12,2020-04-12,17:14:00,America/Chicago,2020-04-12T22:14:00Z,AL,1,2,0,0,315000,34.0419,-86.0704,34.1752,-85.9321,12.19,875,1,1,55,0,0,0,FALSE,0,FALSE,6.0603693181818175,TRUE,2,Strong,South,5.498310553789601,2,5,0.8571428571428571,Evening
582244,2015,5,16,2015-05-16,16:05:00,America/Chicago,2015-05-16T21:05:00Z,OK,40,1,0,0,50000,35.93,-99.309,35.93,-99.309,0.5,50,1,1,43,0,0,0,FALSE,0,FALSE,0.014204545454545454,TRUE,2,Weak,South,4.698970004336019,1,2,0.6018518518518519,Evening
412,1997,4,23,1997-04-23,07:40:00,America/Chicago,1997-04-23T12:40:00Z,FL,12,0,1,0,150000,28.55,-82.45,28.55,-82.45,1,10,1,1,53,0,0,0,FALSE,1,FALSE,0.005681818181818182,TRUE,2,Weak,South,5.176091259055681,0,0,0.2782608695652174,Afternoon
818,1975,9,4,1975-09-04,18:05:00,America/Chicago,1975-09-04T23:05:00Z,TX,48,0,0,0,500,28.85,-97.08,0,0,0.1,10,1,1,469,0,0,0,FALSE,0,FALSE,5.681818181818183e-4,TRUE,4,Weak,South,2.6989700043360187,0,10,0.5982905982905983,Evening
515,1962,7,11,1962-07-11,22:20:00,America/Chicago,1962-07-12T03:20:00Z,KS,20,2,0,0,5000,39.03,-95.38,0,0,0.1,10,1,1,45,0,0,0,FALSE,0,FALSE,5.681818181818183e-4,TRUE,3,Strong,Midwest,3.6989700043360187,2,0,1.2622950819672132,Night
415,1967,6,10,1967-06-10,11:00:00,America/Chicago,1967-06-10T16:00:00Z,MO,29,0,0,0,50,39.02,-93.58,0,0,0.2,17,1,1,107,0,0,0,FALSE,0,FALSE,0.001931818181818182,TRUE,3,Weak,Midwest,1.6989700043360187,0,8,1.2571428571428571,Afternoon
1379,2008,7,24,2008-07-24,08:20:00,America/Chicago,2008-07-24T13:20:00Z,TX,48,0,0,0,800000,29.39,-98.48,29.39,-98.49,0.29,30,1,1,29,0,0,0,FALSE,0,FALSE,0.004943181818181817,TRUE,3,Weak,South,5.903089986991944,0,0,0.23333333333333334,Afternoon
399,1978,6,7,1978-06-07,20:00:00,America/Chicago,1978-06-08T01:00:00Z,PA,42,0,0,0,10000,40.82,-78.98,0,0,0.1,10,1,1,63,0,0,0,TRUE,0,FALSE,5.681818181818183e-4,TRUE,3,Weak,Northeast,4,0,1,0.8666666666666667,Night
340,1990,5,15,1990-05-15,17:40:00,America/Chicago,1990-05-15T22:40:00Z,CO,8,1,0,0,50000,40.45,-102.72,0,0,0.7,50,1,1,125,0,0,0,FALSE,0,FALSE,0.019886363636363636,TRUE,2,Weak,West,4.698970004336019,1,0,0.38181818181818183,Evening
754,1974,8,2,1974-08-02,14:30:00,America/Chicago,1974-08-02T19:30:00Z,FL,12,0,0,0,50000,26.45,-81.95,0,0,0.1,10,1,1,71,0,0,0,FALSE,0,FALSE,5.681818181818183e-4,TRUE,3,Weak,South,4.698970004336019,0,1,0.6481481481481481,Evening
96,1980,4,7,1980-04-07,20:00:00,America/Chicago,1980-04-08T02:00:00Z,AR,5,2,5,0,5000000,34.75,-92.58,34.78,-92.27,18.1,880,1,1,119,0,0,0,FALSE,5,FALSE,9.05,TRUE,2,Strong,South,6.698970004336019,2,1,1.4090909090909092,Night
608,1992,6,22,1992-06-22,18:32:00,America/Chicago,1992-06-22T23:32:00Z,ND,38,1,0,0,500000,47.03,-97.5,0,0,0.2,73,1,1,17,0,0,0,FALSE,0,FALSE,0.008295454545454547,TRUE,3,Weak,Midwest,5.698970004336019,1,0,0.26666666666666666,Evening
1130,1993,10,19,1993-10-19,22:00:00,America/Chicago,1993-10-20T03:00:00Z,TX,48,0,0,0,10000,30.48,-98.17,0,0,0.1,10,1,1,53,0,0,0,FALSE,0,FALSE,5.681818181818183e-4,TRUE,4,Weak,South,4,0,2,0.42735042735042733,Night
933,1996,10,1,1996-10-01,12:55:00,America/Chicago,1996-10-01T17:55:00Z,FL,12,1,1,0,10000,29.73,-84.98,29.73,-84.98,0.1,30,1,1,37,0,0,0,FALSE,1,FALSE,0.0017045454545454545,TRUE,4,Weak,South,4,1,3,0.25757575757575757,Afternoon
550,1985,8,16,1985-08-16,12:45:00,America/Chicago,1985-08-16T17:45:00Z,AL,1,1,0,0,50000,33.57,-86.67,0,0,0.2,40,1,1,73,0,0,0,FALSE,0,FALSE,0.004545454545454546,TRUE,3,Weak,South,4.698970004336019,1,1,1.2380952380952381,Afternoon
334526,2011,9,19,2011-09-19,12:15:00,America/Chicago,2011-09-19T17:15:00Z,FL,12,0,0,0,10000,28.569,-81.2689,28.569,-81.2689,0.1,15,1,1,95,0,0,0,FALSE,0,FALSE,8.522727272727272e-4,TRUE,4,Weak,South,4,0,0,0.3076923076923077,Afternoon
237,2006,4,2,2006-04-02,16:50:00,America/Chicago,2006-04-02T21:50:00Z,IL,17,2,0,0,315000,39.15,-89.48,39.37,-89.1,20,200,1,1,135,0,0,0,FALSE,0,FALSE,2.2727272727272725,TRUE,2,Strong,Midwest,5.498310553789601,2,1,0.5126050420168067,Evening
428690,2013,1,30,2013-01-30,03:05:00,America/Chicago,2013-01-30T09:05:00Z,TN,47,1,0,0,250000,36.4798,-86.8111,36.495,-86.7093,5.75,150,1,1,147,0,0,0,FALSE,0,FALSE,0.4900568181818181,TRUE,1,Weak,South,5.3979400086720375,1,0,0.5365853658536586,Morning
480,1978,6,25,1978-06-25,13:08:00,America/Chicago,1978-06-25T18:08:00Z,IL,17,2,0,0,500000,40.77,-88.57,40.77,-88.25,16.4,400,1,1,105,0,0,0,FALSE,0,FALSE,3.7272727272727266,TRUE,3,Strong,Midwest,5.698970004336019,2,1,1.6153846153846154,Evening
617578,2019,5,17,2019-05-17,18:12:00,America/Chicago,2019-05-17T23:12:00Z,NE,31,0,0,0,10000,40.6733,-100.1913,40.6764,-100.1872,0.3,40,1,1,63,0,0,0,FALSE,0,FALSE,0.006818181818181818,TRUE,2,Weak,Midwest,4,0,0,0.7058823529411765,Evening
130,1992,4,17,1992-04-17,13:15:00,America/Chicago,1992-04-17T18:15:00Z,TX,48,0,0,0,50000,27.78,-97.42,0,0,0.2,30,1,1,355,0,0,0,FALSE,0,FALSE,0.003409090909090909,TRUE,2,Weak,South,4.698970004336019,0,0,0.5185185185185185,Evening
388,1992,6,15,1992-06-15,15:15:00,America/Chicago,1992-06-15T20:15:00Z,KS,20,0,0,0,10000,39.25,-99.27,0,0,1,100,1,1,163,0,0,0,FALSE,0,FALSE,0.056818181818181816,TRUE,3,Weak,Midwest,4,0,0,0.6847826086956522,Evening
615917,2018,2,7,2018-02-07,05:44:00,America/Chicago,2018-02-07T11:44:00Z,AL,1,1,0,0,50000,32.4636,-87.7895,32.4851,-87.5952,11.43,1100,1,1,91,65,0,0,FALSE,0,FALSE,7.14375,TRUE,1,Weak,South,4.698970004336019,1,0,0.5909090909090909,Morning
1145,2009,12,24,2009-12-24,07:37:00,America/Chicago,2009-12-24T13:37:00Z,LA,22,0,0,0,5000,30.9143,-92.0981,30.9838,-92.0769,4.96,25,1,1,9,0,0,0,FALSE,0,FALSE,0.07045454545454545,TRUE,1,Weak,South,3.6989700043360187,0,0,0.4,Afternoon
1011,2001,7,17,2001-07-17,18:55:00,America/Chicago,2001-07-17T23:55:00Z,NE,31,0,0,0,10000,41.85,-99.05,41.85,-99.05,1,20,1,1,71,0,0,0,FALSE,0,FALSE,0.011363636363636364,TRUE,3,Weak,Midwest,4,0,0,0.46774193548387094,Evening
620767,2021,12,11,2021-12-11,01:52:00,America/Chicago,2021-12-11T07:52:00Z,KY,21,2,1,0,315000,37.222,-85.927,37.342,-85.521,23.82,528,1,1,99,87,0,0,FALSE,1,FALSE,7.146,TRUE,1,Strong,South,5.498310553789601,2,17,1.1111111111111112,Morning
620000,2021,5,17,2021-05-17,12:17:00,America/Chicago,2021-05-17T17:17:00Z,LA,22,0,0,0,10000,30.1157,-93.199700000000007,30.1317,-93.1981,1.11,10,1,1,19,0,0,0,FALSE,0,FALSE,0.0063068181818181825,TRUE,2,Weak,South,4,0,1,0.625,Afternoon
618207,2019,7,19,2019-07-19,18:17:00,America/Chicago,2019-07-19T23:17:00Z,WI,55,0,0,0,30000,44.9599,-90.6797,44.9621,-90.6762,0.23,30,1,1,19,0,0,0,FALSE,0,FALSE,0.0039204545454545455,TRUE,3,Weak,Midwest,4.477121254719663,0,0,0.41379310344827586,Evening
317431,2011,5,30,2011-05-30,17:52:00,America/Chicago,2011-05-30T22:52:00Z,NE,31,0,0,0,10000,42.4675,-98.5984,42.4676,-98.5983,0.01,20,1,1,89,0,0,0,FALSE,0,FALSE,1.1363636363636364e-4,TRUE,2,Weak,Midwest,4,0,0,0.4727272727272727,Evening
620499,2021,8,30,2021-08-30,06:56:00,America/Chicago,2021-08-30T11:56:00Z,MS,28,0,0,0,150000,30.3974,-88.9737,30.4119,-88.9792,1.05,150,1,1,47,0,0,0,FALSE,0,FALSE,0.08948863636363637,TRUE,3,Weak,South,5.176091259055681,0,1,0.52,Morning
597,1992,6,21,1992-06-21,17:53:00,America/Chicago,1992-06-21T22:53:00Z,CO,8,0,0,0,10000,39.53,-104.03,0,0,0.1,10,1,1,39,0,0,0,FALSE,0,FALSE,5.681818181818183e-4,TRUE,3,Weak,West,4,0,0,0.06172839506172839,Evening
615,1972,8,17,1972-08-17,10:30:00,America/Chicago,1972-08-17T15:30:00Z,OH,39,1,0,0,50000,40.77,-82.37,0,0,2,50,1,1,5,0,0,0,FALSE,0,FALSE,0.056818181818181816,TRUE,3,Weak,Midwest,4.698970004336019,1,1,1.1,Afternoon
201,1990,4,24,1990-04-24,17:11:00,America/Chicago,1990-04-24T22:11:00Z,TX,48,0,0,0,500,35.17,-100.6,0,0,1.4,80,1,1,179,0,0,0,FALSE,0,FALSE,0.06363636363636363,TRUE,2,Weak,South,2.6989700043360187,0,2,1.0632911392405062,Evening
191,2001,6,16,2001-06-16,15:45:00,America/Chicago,2001-06-16T20:45:00Z,FL,12,0,0,0,2000,26.13,-81.8,26.13,-81.8,0.5,15,1,1,21,0,0,0,FALSE,0,FALSE,0.004261363636363636,TRUE,3,Weak,South,3.3010299956639813,0,2,0.37142857142857144,Evening
295,1993,5,8,1993-05-08,17:42:00,America/Chicago,1993-05-08T22:42:00Z,TX,48,1,0,0,500000,33.67,-98.43,33.67,-98.35,8,90,1,1,9,77,0,0,FALSE,0,FALSE,0.4090909090909091,TRUE,2,Weak,South,5.698970004336019,1,2,0.42735042735042733,Evening
483,1987,7,23,1987-07-23,17:47:00,America/Chicago,1987-07-23T22:47:00Z,MN,27,3,0,0,50000000,45.15,-93.48,45.12,-93.33,5,170,1,1,53,0,0,0,FALSE,0,FALSE,0.4829545454545454,TRUE,3,Strong,Midwest,7.698970004336019,3,1,0.6666666666666666,Evening
80,1991,3,20,1991-03-20,16:30:00,America/Chicago,1991-03-20T22:30:00Z,CA,6,0,0,0,10000,37.05,-120.35,0,0,0.1,10,1,1,39,0,0,0,FALSE,0,FALSE,5.681818181818183e-4,TRUE,2,Weak,West,4,0,0,0.3125,Evening
135,1960,4,30,1960-04-30,13:00:00,America/Chicago,1960-04-30T18:00:00Z,IN,18,1,1,0,50,41.6,-87.05,0,0,0.1,10,1,1,127,0,0,0,FALSE,1,FALSE,5.681818181818183e-4,TRUE,2,Weak,Midwest,1.6989700043360187,1,0,1.5384615384615385,Evening
750,1989,9,8,1989-09-08,17:35:00,America/Chicago,1989-09-08T22:35:00Z,IA,19,1,3,0,500000,40.77,-95.77,40.87,-95.57,14,40,1,1,71,0,0,0,FALSE,3,FALSE,0.3181818181818182,TRUE,4,Weak,Midwest,5.698970004336019,1,0,0.7931034482758621,Evening
518,1992,6,17,1992-06-17,15:40:00,America/Chicago,1992-06-17T20:40:00Z,IL,17,2,1,0,500000,40.88,-87.95,0,0,0.1,20,1,1,75,0,0,0,FALSE,1,FALSE,0.0011363636363636365,TRUE,3,Strong,Midwest,5.698970004336019,2,0,0.17391304347826086,Evening
256,1962,5,27,1962-05-27,16:00:00,America/Chicago,1962-05-27T21:00:00Z,CO,8,0,0,0,50,40.02,-104.05,0,0,0.1,10,1,1,87,0,0,0,FALSE,0,FALSE,5.681818181818183e-4,TRUE,2,Weak,West,1.6989700043360187,0,0,0.44,Evening
994,1995,8,2,1995-08-02,03:04:00,America/Chicago,1995-08-02T08:04:00Z,FL,12,1,0,0,500000,28.25,-81.23,0,0,0.3,40,1,1,97,0,0,0,FALSE,0,FALSE,0.006818181818181818,TRUE,3,Weak,South,5.698970004336019,1,3,0.24210526315789474,Morning
541,1995,5,25,1995-05-25,17:40:00,America/Chicago,1995-05-25T22:40:00Z,WY,56,0,0,0,10000,42,-107.25,0,0,0.5,40,1,1,7,0,0,0,FALSE,0,FALSE,0.011363636363636364,TRUE,2,Weak,West,4,0,0,0,Evening
210,1982,4,25,1982-04-25,18:35:00,America/Chicago,1982-04-25T23:35:00Z,AR,5,3,0,0,500000,34.17,-92.98,34.25,-92.88,9,880,1,1,59,0,0,0,FALSE,0,FALSE,4.5,TRUE,2,Strong,South,5.698970004336019,3,18,1.513157894736842,Evening
233,2003,11,27,2003-11-27,04:11:00,America/Chicago,2003-11-27T10:11:00Z,MS,28,1,0,0,10000,31.47,-89.8,31.45,-89.75,2,400,1,1,65,0,0,0,FALSE,0,FALSE,0.45454545454545453,TRUE,4,Weak,South,4,1,0,0.42,Morning
788,2005,5,7,2005-05-07,16:39:00,America/Chicago,2005-05-07T21:39:00Z,NE,31,0,0,0,10000,40.67,-99.08,40.67,-99.08,0.1,30,1,1,19,0,0,0,FALSE,0,FALSE,0.0017045454545454545,TRUE,2,Weak,Midwest,4,0,0,0.1,Evening
161,1965,4,11,1965-04-11,19:30:00,America/Chicago,1965-04-12T01:30:00Z,MI,26,2,0,0,50000,43.38,-84.62,0,0,0.5,50,1,1,57,0,0,0,FALSE,0,FALSE,0.014204545454545454,TRUE,2,Strong,Midwest,4.698970004336019,2,28,2.466666666666667,Night
1453,2004,8,3,2004-08-03,16:20:00,America/Chicago,2004-08-03T21:20:00Z,IA,19,1,0,0,100000,42.12,-93,42.12,-92.9,5,100,1,1,127,0,0,0,FALSE,0,FALSE,0.28409090909090906,TRUE,3,Weak,Midwest,5,1,0,0.425,Evening
621709,2022,6,8,2022-06-08,15:42:00,America/Chicago,2022-06-08T20:42:00Z,OH,39,1,0,0,100000,39.9384,-84.4772,39.9372,-84.431,2.45,125,1,1,37,0,0,0,FALSE,0,FALSE,0.17400568181818185,TRUE,3,Weak,Midwest,5,1,0,0.7037037037037037,Evening
178,1993,4,30,1993-04-30,20:14:00,America/Chicago,1993-05-01T01:14:00Z,OK,40,0,0,0,10000,36.68,-99.73,0,0,0.1,20,1,1,59,0,0,0,FALSE,0,FALSE,0.0011363636363636365,TRUE,2,Weak,South,4,0,7,0.421875,Night
460,1990,5,29,1990-05-29,02:33:00,America/Chicago,1990-05-29T07:33:00Z,NC,37,1,1,0,50000,35.23,-75.63,0,0,0.5,50,1,1,55,0,0,0,FALSE,1,FALSE,0.014204545454545454,TRUE,2,Weak,South,4.698970004336019,1,0,1,Morning
237,1958,6,11,1958-06-11,21:00:00,America/Chicago,1958-06-12T02:00:00Z,NE,31,1,0,0,5000,40.32,-101.02,0,0,0.1,10,1,1,87,0,0,0,TRUE,0,FALSE,5.681818181818183e-4,TRUE,3,Weak,Midwest,3.6989700043360187,1,0,0.7222222222222222,Night
668,1995,6,5,1995-06-05,09:05:00,America/Chicago,1995-06-05T14:05:00Z,SC,45,1,0,0,500000,32.22,-80.75,32.22,-80.68,3,40,1,1,13,0,0,0,FALSE,0,FALSE,0.06818181818181818,TRUE,3,Weak,South,5.698970004336019,1,0,0.6111111111111112,Afternoon
294,1955,5,30,1955-05-30,13:30:00,America/Chicago,1955-05-30T18:30:00Z,NC,37,1,0,0,5000,34.75,-77.42,0,0,0.1,27,1,1,133,0,0,0,FALSE,0,FALSE,0.0015340909090909092,TRUE,2,Weak,South,3.6989700043360187,1,1,1.3333333333333333,Evening
405,2007,4,29,2007-04-29,11:07:00,America/Chicago,2007-04-29T16:07:00Z,TX,48,0,0,0,10000,30.56,-104.52,30.56,-104.55,1.38,50,1,1,243,0,0,0,FALSE,0,FALSE,0.03920454545454545,TRUE,2,Weak,South,4,0,11,0.41919191919191917,Afternoon
187,2010,4,30,2010-04-30,18:05:00,America/Chicago,2010-04-30T23:05:00Z,MO,29,1,0,0,750000,36.9447,-91.9653,36.9751,-91.9334,2.74,1320,1,1,91,0,0,0,FALSE,0,FALSE,2.055,TRUE,2,Weak,Midwest,5.8750612633917,1,5,0.532258064516129,Evening
894,2000,5,17,2000-05-17,15:47:00,America/Chicago,2000-05-17T20:47:00Z,CO,8,0,0,0,10000,40.63,-102.72,40.63,-102.72,0.1,20,1,1,75,0,0,0,FALSE,0,FALSE,0.0011363636363636365,TRUE,2,Weak,West,4,0,0,0.18333333333333332,Evening
617295,2019,4,18,2019-04-18,14:19:00,America/Chicago,2019-04-18T19:19:00Z,MS,28,1,0,0,200000,32.1865,-89.7211,32.2131,-89.6708,3.47,950,1,1,129,0,0,0,FALSE,0,FALSE,1.873011363636364,TRUE,2,Weak,South,5.301029995663981,1,2,1.008849557522124,Evening
407315,2012,9,27,2012-09-27,15:28:00,America/Chicago,2012-09-27T20:28:00Z,CO,8,0,0,0,10000,39.74,-104.22,39.74,-104.22,0.1,50,1,1,1,0,0,0,FALSE,0,FALSE,0.002840909090909091,TRUE,4,Weak,West,4,0,0,0.3333333333333333,Evening
911,1998,4,15,1998-04-15,20:00:00,America/Chicago,1998-04-16T01:00:00Z,IL,17,2,0,0,100000,38.72,-88.38,38.8,-88.08,16,130,1,1,25,159,0,0,FALSE,0,FALSE,1.1818181818181819,TRUE,2,Strong,Midwest,5,2,0,0.3939393939393939,Night
577,1977,7,10,1977-07-10,23:15:00,America/Chicago,1977-07-11T04:15:00Z,IA,19,1,0,0,500,42.78,-96.18,0,0,0.5,10,1,1,149,0,0,0,TRUE,0,FALSE,0.002840909090909091,TRUE,3,Weak,Midwest,2.6989700043360187,1,0,1.1388888888888888,Night
297,2002,9,25,2002-09-25,18:10:00,America/Chicago,2002-09-25T23:10:00Z,FL,12,0,0,0,30000,30.43,-86.58,30.43,-86.58,0.1,20,1,1,91,0,0,0,FALSE,0,FALSE,0.0011363636363636365,TRUE,4,Weak,South,4.477121254719663,0,0,0.18604651162790697,Evening
619042,2020,5,16,2020-05-16,13:35:00,America/Chicago,2020-05-16T18:35:00Z,AR,5,1,0,0,50000,33.673,-94.4697,33.6885,-94.5039,2.24,20,2,0,0,0,0,0,FALSE,0,FALSE,0.02545454545454546,TRUE,2,Weak,South,4.698970004336019,1,0,1,Evening
1118,2009,12,24,2009-12-24,15:50:00,America/Chicago,2009-12-24T21:50:00Z,MS,28,0,0,0,2000,30.64,-88.81,30.64,-88.81,0.3,20,1,1,59,0,0,0,FALSE,0,FALSE,0.003409090909090909,TRUE,1,Weak,South,3.3010299956639813,0,1,0.6590909090909091,Evening
1083,2003,5,15,2003-05-15,20:44:00,America/Chicago,2003-05-16T01:44:00Z,TX,48,0,0,0,10000,35.35,-101.35,35.35,-101.35,0.1,20,1,1,65,0,0,0,FALSE,0,FALSE,0.0011363636363636365,TRUE,2,Weak,South,4,0,0,0.3419354838709677,Night
1224,1995,12,17,1995-12-17,08:05:00,America/Chicago,1995-12-17T14:05:00Z,TX,48,0,0,0,500000,28.72,-96.18,0,0,0.1,10,1,1,321,0,0,0,FALSE,0,FALSE,5.681818181818183e-4,TRUE,1,Weak,South,5.698970004336019,0,6,0.354978354978355,Afternoon
620287,2021,7,14,2021-07-14,18:50:00,America/Chicago,2021-07-14T23:50:00Z,IA,19,1,0,0,50000,42.457,-91.527,42.454,-91.5,1.39,40,1,1,55,0,0,0,FALSE,0,FALSE,0.031590909090909086,TRUE,3,Weak,Midwest,4.698970004336019,1,0,0.957983193277311,Evening
579409,2015,5,16,2015-05-16,22:43:00,America/Chicago,2015-05-17T03:43:00Z,OK,40,2,0,0,1000000,36.1719,-95.57,36.2872,-95.4681,9.8,1500,1,1,131,0,0,0,FALSE,0,FALSE,8.352272727272728,TRUE,2,Strong,South,6,2,2,0.6018518518518519,Night
286191,2011,2,27,2011-02-27,22:33:00,America/Chicago,2011-02-28T04:33:00Z,MO,29,1,0,0,50000,38.5009,-91.4039,38.5001,-91.3902,0.74,175,1,1,73,0,0,0,FALSE,0,FALSE,0.07357954545454545,TRUE,1,Weak,Midwest,4.698970004336019,1,158,0.6883116883116883,Night
173,1974,4,3,1974-04-03,17:35:00,America/Chicago,1974-04-03T22:35:00Z,IN,18,1,0,0,50000,40.97,-85.73,41.03,-85.62,7.1,90,1,1,169,69,0,0,FALSE,0,FALSE,0.36306818181818185,TRUE,2,Weak,Midwest,4.698970004336019,1,50,2.5172413793103448,Evening
304,1980,5,25,1980-05-25,19:00:00,America/Chicago,1980-05-26T00:00:00Z,TX,48,0,0,0,10000,33.22,-99.23,0,0,0.1,10,1,1,447,0,0,0,FALSE,0,FALSE,5.681818181818183e-4,TRUE,2,Weak,South,4,0,1,0.8223684210526315,Night
343,1977,5,20,1977-05-20,19:20:00,America/Chicago,1977-05-21T00:20:00Z,OK,40,2,0,0,500000,36.15,-97.63,36.17,-97.6,1.9,100,1,1,83,0,0,0,FALSE,0,FALSE,0.10795454545454544,TRUE,2,Strong,South,5.698970004336019,2,1,1.5555555555555556,Night
536,1962,7,20,1962-07-20,15:00:00,America/Chicago,1962-07-20T20:00:00Z,IN,18,2,0,0,50000,41.53,-87.42,41.58,-87.13,14.9,10,1,1,89,127,0,0,FALSE,0,FALSE,0.08465909090909092,TRUE,3,Strong,Midwest,4.698970004336019,2,0,1.8571428571428572,Evening
621479,2022,5,5,2022-05-05,12:53:00,America/Chicago,2022-05-05T17:53:00Z,OK,40,0,0,0,10000,34.012,-96.417,34.012,-96.417,0.1,10,1,1,13,0,0,0,FALSE,0,FALSE,5.681818181818183e-4,TRUE,2,Weak,South,4,0,1,0.7407407407407407,Afternoon
782,1977,10,1,1977-10-01,04:55:00,America/Chicago,1977-10-01T09:55:00Z,OH,39,0,0,0,500000,39.58,-84.32,0,0,0.3,50,1,1,165,0,0,0,FALSE,0,FALSE,0.008522727272727272,TRUE,4,Weak,Midwest,5.698970004336019,0,0,1,Morning
328,1971,5,23,1971-05-23,19:30:00,America/Chicago,1971-05-24T00:30:00Z,AR,5,2,0,0,500000,34.62,-94.43,34.58,-93.97,26.7,600,1,1,113,0,0,0,FALSE,0,FALSE,9.102272727272727,TRUE,2,Strong,South,5.698970004336019,2,0,1.6,Night
751,1978,11,8,1978-11-08,05:30:00,America/Chicago,1978-11-08T11:30:00Z,FL,12,1,0,0,500000,26.27,-80.12,0,0,0.4,40,1,1,11,0,0,0,FALSE,0,FALSE,0.009090909090909092,TRUE,4,Weak,South,5.698970004336019,1,3,0.43956043956043955,Morning
1147,1995,11,7,1995-11-07,14:16:00,America/Chicago,1995-11-07T20:16:00Z,SC,45,0,0,0,10000,33.57,-81.3,0,0,0.5,50,1,1,3,0,0,0,FALSE,0,FALSE,0.014204545454545454,TRUE,4,Weak,South,4,0,0,0.6111111111111112,Evening
568,2007,5,6,2007-05-06,16:10:00,America/Chicago,2007-05-06T21:10:00Z,TX,48,0,0,0,10000,31.9,-100.4,31.9,-100.37,1.89,30,1,1,81,0,0,0,FALSE,0,FALSE,0.03221590909090909,TRUE,2,Weak,South,4,0,11,0.41919191919191917,Evening
321,2000,11,9,2000-11-09,13:06:00,America/Chicago,2000-11-09T19:06:00Z,KY,21,1,0,0,70000,37.33,-86.13,37.37,-86.13,2,70,1,1,99,0,0,0,FALSE,0,FALSE,0.07954545454545454,TRUE,4,Weak,South,4.845098040014257,1,0,0.9565217391304348,Evening
293,2008,3,15,2008-03-15,15:41:00,America/Chicago,2008-03-15T20:41:00Z,SC,45,1,0,0,50000,33.8,-81.39,33.8,-81.24,8.33,440,1,1,63,0,0,0,FALSE,0,FALSE,2.0825,TRUE,2,Weak,South,4.698970004336019,1,0,0.6964285714285714,Evening
407,1983,5,22,1983-05-22,12:15:00,America/Chicago,1983-05-22T17:15:00Z,PA,42,2,10,0,5000000,40.28,-79.88,40.5,-79.18,38,200,1,1,3,129,63,0,FALSE,10,FALSE,4.318181818181818,TRUE,2,Strong,Northeast,6.698970004336019,2,0,1.0625,Afternoon
486098,2013,11,17,2013-11-17,16:35:00,America/Chicago,2013-11-17T22:35:00Z,OH,39,2,0,0,2600000,41.539,-83.568,41.659,-83.421,11.28,100,1,1,173,95,0,0,FALSE,0,FALSE,0.6409090909090909,TRUE,4,Strong,Midwest,6.414973347970818,2,0,0.5,Evening
221,1982,4,25,1982-04-25,22:11:00,America/Chicago,1982-04-26T03:11:00Z,AR,5,0,0,0,50,34.55,-91.95,0,0,0.1,10,1,1,85,0,0,0,FALSE,0,FALSE,5.681818181818183e-4,TRUE,2,Weak,South,1.6989700043360187,0,18,1.513157894736842,Night
231,1958,6,10,1958-06-10,20:10:00,America/Chicago,1958-06-11T01:10:00Z,MO,29,2,0,0,500000,38.8,-90.7,0,0,0.5,33,1,1,183,0,0,0,FALSE,0,FALSE,0.009375,TRUE,3,Strong,Midwest,5.698970004336019,2,2,1.3225806451612903,Night
539222,2014,10,7,2014-10-07,13:48:00,America/Chicago,2014-10-07T18:48:00Z,KY,21,1,0,0,50000,38.2846,-84.6896,38.2981,-84.6411,2.79,150,1,1,209,0,0,0,FALSE,0,FALSE,0.2377840909090909,TRUE,4,Weak,South,4.698970004336019,1,0,0.8076923076923077,Evening
642,2003,10,29,2003-10-29,00:20:00,America/Chicago,2003-10-29T06:20:00Z,FL,12,0,0,0,10000,25.8,-81.05,25.8,-81.05,0.5,15,1,1,21,0,0,0,FALSE,0,FALSE,0.004261363636363636,TRUE,4,Weak,South,4,0,1,0.2727272727272727,Morning
203,1979,5,2,1979-05-02,15:50:00,America/Chicago,1979-05-02T20:50:00Z,OK,40,0,0,0,10000,36.43,-98.5,0,0,0.3,13,1,1,151,0,0,0,FALSE,0,FALSE,0.002215909090909091,TRUE,2,Weak,South,4,0,7,1.2291666666666667,Evening
620639,2021,10,21,2021-10-21,16:56:00,America/Chicago,2021-10-21T21:56:00Z,PA,42,1,0,0,50000,40.8442,-80.3791,40.8422,-80.3479,1.64,40,1,1,7,0,0,0,FALSE,0,FALSE,0.03727272727272727,TRUE,4,Weak,Northeast,4.698970004336019,1,2,0.7674418604651163,Evening
176,1987,5,27,1987-05-27,17:40:00,America/Chicago,1987-05-27T22:40:00Z,TX,48,0,0,0,10000,31.48,-98.15,0,0,0.2,10,1,1,193,0,0,0,FALSE,0,FALSE,0.0011363636363636365,TRUE,2,Weak,South,4,0,43,0.7301587301587301,Evening
140,2001,5,31,2001-05-31,15:15:00,America/Chicago,2001-05-31T20:15:00Z,CO,8,0,0,0,10000,38.88,-102.9,38.88,-102.9,0.5,75,1,1,17,0,0,0,FALSE,0,FALSE,0.02130681818181818,TRUE,2,Weak,West,4,0,0,0.1956521739130435,Evening
368,1956,7,17,1956-07-17,15:36:00,America/Chicago,1956-07-17T20:36:00Z,CO,8,0,0,0,10000,39.2,-103.63,0,0,0.1,10,1,1,73,0,0,0,FALSE,0,FALSE,5.681818181818183e-4,TRUE,3,Weak,West,4,0,0,0.8,Evening
502,1988,9,17,1988-09-17,06:30:00,America/Chicago,1988-09-17T11:30:00Z,TX,48,1,3,0,50000000,29.43,-98.52,29.5,-98.6,6,50,1,1,29,0,0,0,FALSE,3,FALSE,0.17045454545454544,TRUE,4,Weak,South,7.698970004336019,1,1,0.48314606741573035,Morning
830,2007,7,15,2007-07-15,20:19:00,America/Chicago,2007-07-16T01:19:00Z,ND,38,1,0,0,1000000,46.93,-97.67,46.91,-97.68,1.5,150,1,1,17,0,0,0,FALSE,0,FALSE,0.1278409090909091,TRUE,3,Weak,Midwest,6,1,1,0.6578947368421053,Night
233,1974,4,3,1974-04-03,23:30:00,America/Chicago,1974-04-04T04:30:00Z,TN,47,2,28,0,50000,35.93,-85.33,36.02,-85.07,16.2,300,1,1,185,35,0,0,FALSE,28,FALSE,2.7613636363636362,TRUE,2,Strong,South,4.698970004336019,2,47,1.813953488372093,Night
620728,2021,12,10,2021-12-10,18:40:00,America/Chicago,2021-12-11T00:40:00Z,AR,5,0,0,0,25000,35.6067,-90.9342,35.6222,-90.8849,2.97,50,1,1,111,0,0,0,FALSE,0,FALSE,0.084375,TRUE,1,Weak,South,4.3979400086720375,0,8,0.75,Night
519,2005,11,28,2005-11-28,16:53:00,America/Chicago,2005-11-28T22:53:00Z,AL,1,0,0,0,30000,32.52,-87.07,32.57,-87.02,5.8,50,1,1,47,0,0,0,FALSE,0,FALSE,0.16477272727272727,TRUE,4,Weak,South,4.477121254719663,0,0,0.2716049382716049,Evening
843,1991,6,13,1991-06-13,15:15:00,America/Chicago,1991-06-13T20:15:00Z,ND,38,0,0,0,10000,48.1,-98.6,0,0,0.1,10,1,1,71,0,0,0,FALSE,0,FALSE,5.681818181818183e-4,TRUE,3,Weak,Midwest,4,0,0,0.35294117647058826,Evening
118,2004,5,19,2004-05-19,15:50:00,America/Chicago,2004-05-19T20:50:00Z,IL,17,0,0,0,10000,38.68,-89.45,38.68,-89.45,0.1,20,1,1,27,0,0,0,FALSE,0,FALSE,0.0011363636363636365,TRUE,2,Weak,Midwest,4,0,9,0.5375,Evening
335,1954,6,11,1954-06-11,00:55:00,America/Chicago,1954-06-11T05:55:00Z,SD,46,1,0,0,500,44.63,-98.1,0,0,1,10,1,1,5,115,0,0,FALSE,0,FALSE,0.005681818181818182,TRUE,3,Weak,Midwest,2.6989700043360187,1,0,1.9375,Night
480458,2013,11,17,2013-11-17,14:55:00,America/Chicago,2013-11-17T20:55:00Z,IN,18,0,0,0,10000,40.509,-85.7249,40.5094,-85.7244,0.04,20,1,1,53,0,0,0,FALSE,0,FALSE,4.5454545454545455e-4,TRUE,4,Weak,Midwest,4,0,0,1.1,Evening
356,1990,5,16,1990-05-16,14:50:00,America/Chicago,1990-05-16T19:50:00Z,MO,29,1,0,0,500000,38.2,-92.7,0,0,1,73,1,1,29,0,0,0,FALSE,0,FALSE,0.04147727272727273,TRUE,2,Weak,Midwest,5.698970004336019,1,0,1.1290322580645162,Evening
1147,2004,5,30,2004-05-30,23:09:00,America/Chicago,2004-05-31T04:09:00Z,AL,1,1,0,0,30000,34.85,-87.52,34.82,-87.38,4,100,1,1,77,0,0,0,FALSE,0,FALSE,0.22727272727272727,TRUE,2,Weak,South,4.477121254719663,1,1,0.45454545454545453,Night
566,1987,8,30,1987-08-30,14:10:00,America/Chicago,1987-08-30T19:10:00Z,NM,35,0,0,0,10000,33.83,-103.77,0,0,0.2,10,1,1,41,0,0,0,FALSE,0,FALSE,0.0011363636363636365,TRUE,3,Weak,West,4,0,0,0.06666666666666667,Evening
118,1955,4,23,1955-04-23,02:00:00,America/Chicago,1955-04-23T08:00:00Z,IL,17,2,0,0,500000,40.05,-90.93,39.95,-90.68,14.8,10,1,1,1,9,0,0,FALSE,0,FALSE,0.08409090909090909,TRUE,2,Strong,Midwest,5.698970004336019,2,0,1.2,Morning
981,2004,5,26,2004-05-26,19:59:00,America/Chicago,2004-05-27T00:59:00Z,OK,40,1,0,0,10000,36.3,-96.28,36.32,-96.28,1,100,1,1,113,0,0,0,FALSE,0,FALSE,0.056818181818181816,TRUE,2,Weak,South,4,1,0,0.43548387096774194,Night
579378,2015,5,10,2015-05-10,18:46:00,America/Chicago,2015-05-10T23:46:00Z,OK,40,0,0,0,10000,34.9692,-95.0984,35.0031,-95.0469,3.7,75,1,1,77,0,0,0,FALSE,0,FALSE,0.15767045454545453,TRUE,2,Weak,South,4,0,2,0.6018518518518519,Evening
207,1959,5,10,1959-05-10,15:20:00,America/Chicago,1959-05-10T20:20:00Z,TX,48,3,0,0,500000,30.28,-97.72,30.42,-97.62,11,667,1,1,453,0,0,0,FALSE,0,FALSE,4.16875,TRUE,2,Strong,South,5.698970004336019,3,6,1.069767441860465,Evening
601577,2015,10,31,2015-10-31,12:22:00,America/Chicago,2015-10-31T17:22:00Z,LA,22,1,0,0,50000,30.5032,-90.6409,30.5344,-90.6227,2.41,75,1,1,63,0,0,0,FALSE,0,FALSE,0.10269886363636363,TRUE,4,Weak,South,4.698970004336019,1,0,0.7586206896551724,Afternoon
621509,2022,5,11,2022-05-11,17:10:00,America/Chicago,2022-05-11T22:10:00Z,MN,27,1,0,0,50000,44.0792,-94.9709,44.0796,-94.9703,0.04,25,1,1,33,0,0,0,FALSE,0,FALSE,5.681818181818182e-4,TRUE,2,Weak,Midwest,4.698970004336019,1,0,0.704225352112676,Evening
128,1993,4,14,1993-04-14,15:50:00,America/Chicago,1993-04-14T20:50:00Z,LA,22,2,3,0,500000,31.62,-93.43,31.63,-93.25,10,120,1,1,85,69,0,0,FALSE,3,FALSE,0.6818181818181818,TRUE,2,Strong,South,5.698970004336019,2,3,0.9166666666666666,Evening
341,2007,4,23,2007-04-23,18:43:00,America/Chicago,2007-04-23T23:43:00Z,TX,48,0,0,0,8000,32.4,-100.78,32.4,-100.71,4,50,1,1,335,0,0,0,FALSE,0,FALSE,0.11363636363636363,TRUE,2,Weak,South,3.9030899869919438,0,11,0.41919191919191917,Evening
242,1966,6,6,1966-06-06,12:00:00,America/Chicago,1966-06-06T17:00:00Z,KY,21,2,2,0,50000,36.97,-88.62,37,-88.28,18.5,67,1,1,145,151,0,0,FALSE,2,FALSE,0.7042613636363637,TRUE,3,Strong,South,4.698970004336019,2,0,1.6666666666666667,Afternoon
115,1971,3,3,1971-03-03,15:20:00,America/Chicago,1971-03-03T21:20:00Z,FL,12,1,0,0,5000,27.3,-82.5,0,0,1,17,1,1,115,0,0,0,FALSE,0,FALSE,0.009659090909090909,TRUE,2,Weak,South,3.6989700043360187,1,0,1.0677966101694916,Evening
105,1958,4,23,1958-04-23,23:10:00,America/Chicago,1958-04-24T05:10:00Z,MO,29,1,0,0,5000,38.78,-90.42,0,0,0.5,150,1,1,189,0,0,0,FALSE,0,FALSE,0.04261363636363636,TRUE,2,Weak,Midwest,3.6989700043360187,1,2,1.3225806451612903,Night
793,1999,2,27,1999-02-27,15:25:00,America/Chicago,1999-02-27T21:25:00Z,MS,28,3,0,0,200000,31.62,-90.23,31.72,-89.98,17,440,1,1,77,0,0,0,FALSE,0,FALSE,4.25,TRUE,1,Strong,South,5.301029995663981,3,1,0.37209302325581395,Evening
542,2005,11,15,2005-11-15,14:30:00,America/Chicago,2005-11-15T20:30:00Z,MO,29,0,0,0,10000,36.57,-89.67,36.57,-89.67,0.2,50,1,1,143,0,0,0,FALSE,0,FALSE,0.005681818181818182,TRUE,4,Weak,Midwest,4,0,1,0.48717948717948717,Evening
1239,2004,6,26,2004-06-26,15:45:00,America/Chicago,2004-06-26T20:45:00Z,KS,20,0,0,0,10000,39.7,-101.72,39.7,-101.72,0.3,50,1,1,23,0,0,0,FALSE,0,FALSE,0.008522727272727272,TRUE,3,Weak,Midwest,4,0,0,0.4032258064516129,Evening
443,1954,7,29,1954-07-29,17:00:00,America/Chicago,1954-07-29T22:00:00Z,PA,42,1,0,0,500,42.12,-80.08,0,0,0.1,10,1,1,49,0,0,0,FALSE,0,FALSE,5.681818181818183e-4,TRUE,3,Weak,Northeast,2.6989700043360187,1,0,1.2380952380952381,Evening
1593,2004,8,30,2004-08-30,13:55:00,America/Chicago,2004-08-30T18:55:00Z,VA,51,0,0,0,10000,37.12,-76.4,37.13,-76.43,1.7,40,1,1,199,0,0,0,FALSE,0,FALSE,0.038636363636363635,TRUE,3,Weak,South,4,0,0,0.6626506024096386,Evening
628,1983,7,3,1983-07-03,04:39:00,America/Chicago,1983-07-03T09:39:00Z,WI,55,1,0,0,500000,45.93,-89.27,0,0,0.5,17,1,1,125,0,0,0,FALSE,0,FALSE,0.004829545454545454,TRUE,3,Weak,Midwest,5.698970004336019,1,0,0.7419354838709677,Morning
210,1993,5,5,1993-05-05,19:27:00,America/Chicago,1993-05-06T00:27:00Z,KS,20,4,0,0,5000000,37.12,-101.27,37.45,-101.22,23,880,1,1,189,67,0,0,FALSE,0,FALSE,11.5,TRUE,2,Violent,Midwest,6.698970004336019,4,1,0.5405405405405406,Night
336,2002,10,3,2002-10-03,16:30:00,America/Chicago,2002-10-03T21:30:00Z,LA,22,0,0,0,10000,31.15,-92.5,31.15,-92.5,1,10,1,1,79,0,0,0,FALSE,0,FALSE,0.005681818181818182,TRUE,4,Weak,South,4,0,2,0.6060606060606061,Evening
146,1994,4,20,1994-04-20,14:30:00,America/Chicago,1994-04-20T19:30:00Z,FL,12,0,0,0,5000,26.6,-81.97,0,0,0.1,10,1,1,71,0,0,0,FALSE,0,FALSE,5.681818181818183e-4,TRUE,2,Weak,South,3.6989700043360187,0,1,0.12987012987012986,Evening
277,1968,5,29,1968-05-29,22:00:00,America/Chicago,1968-05-30T03:00:00Z,TX,48,0,0,0,10000,33.42,-99.6,0,0,0.5,17,1,1,275,0,0,0,FALSE,0,FALSE,0.004829545454545454,TRUE,2,Weak,South,4,0,0,0.7647058823529411,Night
752,1984,7,22,1984-07-22,17:50:00,America/Chicago,1984-07-22T22:50:00Z,NV,32,0,0,0,10000,36.33,-114.68,0,0,0.1,10,1,1,3,0,0,0,FALSE,0,FALSE,5.681818181818183e-4,TRUE,3,Weak,West,4,0,0,0,Evening
529029,2014,7,7,2014-07-07,17:40:00,America/Chicago,2014-07-07T22:40:00Z,KY,21,0,0,0,150000,38.7711,-84.9331,38.766,-84.9294,0.47,200,1,1,77,0,0,0,FALSE,0,FALSE,0.053409090909090906,TRUE,3,Weak,South,5.176091259055681,0,0,0.8076923076923077,Evening
588,1994,6,25,1994-06-25,07:30:00,America/Chicago,1994-06-25T12:30:00Z,FL,12,0,0,0,5000,30.73,-85.48,0,0,0.1,10,1,1,133,0,0,0,FALSE,0,FALSE,5.681818181818183e-4,TRUE,3,Weak,South,3.6989700043360187,0,1,0.12987012987012986,Afternoon
739,1974,7,25,1974-07-25,11:15:00,America/Chicago,1974-07-25T16:15:00Z,FL,12,0,0,0,50000,27.83,-82.6,0,0,0.1,10,1,1,103,0,0,0,FALSE,0,FALSE,5.681818181818183e-4,TRUE,3,Weak,South,4.698970004336019,0,1,0.6481481481481481,Afternoon
653,1989,7,10,1989-07-10,13:10:00,America/Chicago,1989-07-10T18:10:00Z,MA,25,1,0,0,500000,42.43,-71.75,0,0,0.3,50,1,1,27,0,0,0,FALSE,0,FALSE,0.008522727272727272,TRUE,3,Weak,Northeast,5.698970004336019,1,0,0.7142857142857143,Evening
819,1996,3,30,1996-03-30,14:35:00,America/Chicago,1996-03-30T20:35:00Z,FL,12,0,0,0,10000,28.2,-81.95,28.2,-81.95,2.5,10,1,1,105,0,0,0,FALSE,0,FALSE,0.014204545454545456,TRUE,2,Weak,South,4,0,3,0.25757575757575757,Evening
438,1993,6,8,1993-06-08,12:08:00,America/Chicago,1993-06-08T17:08:00Z,IA,19,1,0,0,50000,43.23,-93.63,0,0,0.3,30,1,1,189,0,0,0,FALSE,0,FALSE,0.005113636363636363,TRUE,3,Weak,Midwest,4.698970004336019,1,0,0.6666666666666666,Afternoon
695,1986,9,26,1986-09-26,17:45:00,America/Chicago,1986-09-26T22:45:00Z,OK,40,2,0,0,500000,35.9,-95.65,36,-95.52,8,73,1,1,145,0,0,0,FALSE,0,FALSE,0.33181818181818185,TRUE,4,Strong,South,5.698970004336019,2,0,0.8085106382978723,Evening
348680,2011,11,8,2011-11-08,18:29:00,America/Chicago,2011-11-09T00:29:00Z,LA,22,0,0,0,10000,32.508,-93.246,32.534,-93.206,2.94,75,1,1,119,0,0,0,FALSE,0,FALSE,0.1252840909090909,TRUE,4,Weak,South,4,0,1,0.7192982456140351,Night
619157,2020,6,6,2020-06-06,15:53:00,America/Chicago,2020-06-06T20:53:00Z,FL,12,0,0,0,10000,28.57,-82.01,28.5667,-82.0085,0.25,75,1,1,119,0,0,0,FALSE,0,FALSE,0.01065340909090909,TRUE,3,Weak,South,4,0,0,0.43103448275862066,Evening
236,2009,4,10,2009-04-10,18:30:00,America/Chicago,2009-04-10T23:30:00Z,AL,1,1,0,0,150000,32.6114,-85.6293,32.5936,-85.5372,5.5,300,1,1,81,0,0,0,FALSE,0,FALSE,0.9374999999999999,TRUE,2,Weak,South,5.176091259055681,1,2,0.620253164556962,Evening
685,1996,8,1,1996-08-01,16:35:00,America/Chicago,1996-08-01T21:35:00Z,CO,8,0,0,0,10000,40.12,-103.07,40.12,-103.07,0.1,50,1,1,121,0,0,0,FALSE,0,FALSE,0.002840909090909091,TRUE,3,Weak,West,4,0,0,0.19387755102040816,Evening
460,1958,8,11,1958-08-11,19:25:00,America/Chicago,1958-08-12T00:25:00Z,MN,27,1,3,0,50000,46.77,-96.73,0,0,0.8,100,1,1,27,0,0,0,FALSE,3,FALSE,0.045454545454545456,TRUE,3,Weak,Midwest,4.698970004336019,1,2,0.9285714285714286,Night
621411,2022,4,29,2022-04-29,15:00:00,America/Chicago,2022-04-29T20:00:00Z,FL,12,0,0,0,25000,26.5285,-81.894,26.5295,-81.8929,0.1,25,1,1,71,0,0,0,FALSE,0,FALSE,0.0014204545454545455,TRUE,2,Weak,South,4.3979400086720375,0,2,0.5652173913043478,Evening
279,1986,5,15,1986-05-15,14:50:00,America/Chicago,1986-05-15T19:50:00Z,IN,18,0,0,0,10000,37.98,-87.72,0,0,0.2,10,1,1,129,0,0,0,FALSE,0,FALSE,0.0011363636363636365,TRUE,2,Weak,Midwest,4,0,1,1.368421052631579,Evening
252,2007,4,3,2007-04-03,20:16:00,America/Chicago,2007-04-04T01:16:00Z,TN,47,1,0,0,145000,35.84,-85.22,35.85,-85.14,4.83,100,1,1,35,0,0,0,FALSE,0,FALSE,0.27443181818181817,TRUE,2,Weak,South,5.161368002234975,1,0,0.8,Night
1034,1973,11,26,1973-11-26,17:45:00,America/Chicago,1973-11-26T23:45:00Z,TN,47,1,0,0,50000,36.43,-85.33,0,0,2,10,1,1,133,0,0,0,FALSE,0,FALSE,0.011363636363636364,TRUE,4,Weak,South,4.698970004336019,1,1,1.2916666666666667,Evening
870,1997,6,2,1997-06-02,18:35:00,America/Chicago,1997-06-02T23:35:00Z,CO,8,0,0,0,10000,40.35,-103.95,40.33,-103.95,0.1,50,1,1,87,0,0,0,FALSE,0,FALSE,0.002840909090909091,TRUE,3,Weak,West,4,0,0,0.3191489361702128,Evening
323,1995,5,10,1995-05-10,13:07:00,America/Chicago,1995-05-10T18:07:00Z,IL,17,0,0,0,10000,41.17,-87.67,0,0,0.5,10,1,1,91,0,0,0,FALSE,0,FALSE,0.002840909090909091,TRUE,2,Weak,Midwest,4,0,0,0.5526315789473685,Evening
1117,2003,5,8,2003-05-08,11:10:00,America/Chicago,2003-05-08T16:10:00Z,CO,8,0,0,0,10000,39.97,-104.78,39.97,-104.78,0.1,50,1,1,1,0,0,0,FALSE,0,FALSE,0.002840909090909091,TRUE,2,Weak,West,4,0,0,0.10344827586206896,Afternoon
485,1965,6,1,1965-06-01,17:21:00,America/Chicago,1965-06-01T22:21:00Z,SD,46,0,0,0,10000,43.1,-98.4,0,0,0.3,10,1,1,23,0,0,0,FALSE,0,FALSE,0.0017045454545454545,TRUE,3,Weak,Midwest,4,0,2,1.2258064516129032,Evening
616822,2018,10,11,2018-10-11,15:27:00,America/Chicago,2018-10-11T20:27:00Z,VA,51,2,0,0,250000,37.2382,-77.8593,37.2553,-77.8794,1.62,150,1,1,7,0,0,0,FALSE,0,FALSE,0.1380681818181818,TRUE,4,Strong,South,5.3979400086720375,2,1,0.6785714285714286,Evening
617399,2019,4,30,2019-04-30,11:13:00,America/Chicago,2019-04-30T16:13:00Z,OK,40,1,0,0,20000,35.99,-96.746,35.994,-96.74,0.5,20,1,1,119,0,0,0,FALSE,0,FALSE,0.005681818181818182,TRUE,2,Weak,South,4.301029995663981,1,4,0.8040540540540541,Afternoon
725,1974,7,14,1974-07-14,17:10:00,America/Chicago,1974-07-14T22:10:00Z,LA,22,1,0,0,5000,32.87,-93.73,0,0,0.1,10,1,1,15,0,0,0,FALSE,0,FALSE,5.681818181818183e-4,TRUE,3,Weak,South,3.6989700043360187,1,2,1.0566037735849056,Evening
706,1995,6,7,1995-06-07,22:06:00,America/Chicago,1995-06-08T03:06:00Z,CO,8,0,0,0,50000,38.28,-102.95,0,0,0.1,10,1,1,11,0,0,0,FALSE,0,FALSE,5.681818181818183e-4,TRUE,3,Weak,West,4.698970004336019,0,0,0.08333333333333333,Night
1105,1996,10,7,1996-10-07,13:04:00,America/Chicago,1996-10-07T18:04:00Z,FL,12,0,0,0,2000,28.15,-82.05,28.22,-82.03,6,10,1,1,57,105,0,0,FALSE,0,FALSE,0.03409090909090909,TRUE,4,Weak,South,3.3010299956639813,0,3,0.25757575757575757,Evening
373,2005,9,25,2005-09-25,13:54:00,America/Chicago,2005-09-25T18:54:00Z,AL,1,0,0,0,30000,34.08,-87.33,34.1,-87.33,0.8,50,1,1,133,0,0,0,FALSE,0,FALSE,0.022727272727272728,TRUE,4,Weak,South,4.477121254719663,0,0,0.2716049382716049,Evening
621863,2022,7,29,2022-07-29,16:36:00,America/Chicago,2022-07-29T21:36:00Z,CO,8,1,0,0,50000,39.84,-104.82,39.84,-104.82,0.01,50,1,1,1,0,0,0,FALSE,0,FALSE,2.840909090909091e-4,TRUE,3,Weak,West,4.698970004336019,1,0,0.7741935483870968,Evening
620013,2021,5,18,2021-05-18,01:50:00,America/Chicago,2021-05-18T06:50:00Z,LA,22,0,0,0,10000,30.3884,-90.1932,30.4073,-90.2026,1.42,75,1,1,103,0,0,0,FALSE,0,FALSE,0.06051136363636363,TRUE,2,Weak,South,4,0,1,0.625,Morning
470,1986,6,26,1986-06-26,16:45:00,America/Chicago,1986-06-26T21:45:00Z,MN,27,1,0,0,50000,46.52,-96.3,0,0,1,20,1,1,167,0,0,0,FALSE,0,FALSE,0.011363636363636364,TRUE,3,Weak,Midwest,4.698970004336019,1,0,0.5882352941176471,Evening
330,1986,5,16,1986-05-16,23:10:00,America/Chicago,1986-05-17T04:10:00Z,OK,40,1,0,0,500000,34.65,-97.17,0,0,0.5,73,1,1,49,0,0,0,FALSE,0,FALSE,0.020738636363636365,TRUE,2,Weak,South,5.698970004336019,1,0,0.8085106382978723,Night
335,1955,6,4,1955-06-04,18:30:00,America/Chicago,1955-06-04T23:30:00Z,KS,20,1,0,0,50000,38.07,-98.6,0,0,0.1,10,1,1,185,0,0,0,FALSE,0,FALSE,5.681818181818183e-4,TRUE,3,Weak,Midwest,4.698970004336019,1,1,0.59375,Evening
414693,2012,9,13,2012-09-13,13:10:00,America/Chicago,2012-09-13T18:10:00Z,PR,72,0,0,0,30000,18.28,-66.879,18.2804,-66.8789,0.02,35,1,1,81,0,0,0,FALSE,0,FALSE,3.9772727272727274e-4,TRUE,4,Weak,West,4.477121254719663,0,0,0,Evening
608,1994,6,26,1994-06-26,16:15:00,America/Chicago,1994-06-26T21:15:00Z,KY,21,1,0,0,500000,37.03,-84.38,0,0,1,100,1,1,199,0,0,0,FALSE,0,FALSE,0.056818181818181816,TRUE,3,Weak,South,5.698970004336019,1,0,0.23076923076923078,Evening
220,1981,5,16,1981-05-16,17:30:00,America/Chicago,1981-05-16T22:30:00Z,LA,22,1,0,0,50000,32.82,-92.65,32.98,-92.37,20.1,50,1,1,111,0,0,0,FALSE,0,FALSE,0.5710227272727273,TRUE,2,Weak,South,4.698970004336019,1,0,1.1428571428571428,Evening
14,1977,2,23,1977-02-23,16:10:00,America/Chicago,1977-02-23T22:10:00Z,MS,28,2,0,0,50000,31.15,-88.7,31.17,-88.47,13.9,50,1,1,41,0,0,0,FALSE,0,FALSE,0.39488636363636365,TRUE,1,Strong,South,4.698970004336019,2,2,1.7428571428571429,Evening
131,1962,5,14,1962-05-14,16:00:00,America/Chicago,1962-05-14T21:00:00Z,NE,31,1,0,0,50000,40.02,-101.95,0,0,0.1,10,1,1,57,0,0,0,FALSE,0,FALSE,5.681818181818183e-4,TRUE,2,Weak,Midwest,4.698970004336019,1,0,1.2195121951219512,Evening
75,1962,4,8,1962-04-08,06:05:00,America/Chicago,1962-04-08T12:05:00Z,SC,45,0,0,0,5000,34.2,-79.65,0,0,0.2,50,1,1,41,0,0,0,FALSE,0,FALSE,0.005681818181818182,TRUE,2,Weak,South,3.6989700043360187,0,0,0.9,Afternoon
346,1972,6,1,1972-06-01,19:45:00,America/Chicago,1972-06-02T00:45:00Z,ND,38,0,0,0,10000,48.4,-98.45,0,0,0.5,20,1,1,71,0,0,0,FALSE,0,FALSE,0.005681818181818182,TRUE,3,Weak,Midwest,4,0,0,0.7777777777777778,Night
1023,2003,5,4,2003-05-04,16:24:00,America/Chicago,2003-05-04T21:24:00Z,OK,40,0,0,0,10000,36.72,-95.35,36.75,-95.27,3,200,1,1,35,0,0,0,FALSE,0,FALSE,0.3409090909090909,TRUE,2,Weak,South,4,0,0,0.6578947368421053,Evening
17,1996,1,17,1996-01-17,21:55:00,America/Chicago,1996-01-18T03:55:00Z,TX,48,2,5,0,150000,33.72,-96.15,33.72,-96.15,2.5,150,1,1,147,0,0,0,FALSE,5,FALSE,0.2130681818181818,TRUE,1,Strong,South,5.176091259055681,2,0,0.2971014492753623,Night
470,1981,6,20,1981-06-20,19:34:00,America/Chicago,1981-06-21T00:34:00Z,IL,17,0,0,0,10000,40.6,-88.93,0,0,0.1,10,1,1,113,0,0,0,FALSE,0,FALSE,5.681818181818183e-4,TRUE,3,Weak,Midwest,4,0,1,0.8484848484848485,Night
432784,2013,4,1,2013-04-01,15:40:00,America/Chicago,2013-04-01T20:40:00Z,TX,48,1,0,0,5000,34.4319,-101.225,34.4241,-101.187,1.84,100,1,1,45,0,0,0,FALSE,0,FALSE,0.10454545454545455,TRUE,2,Weak,South,3.6989700043360187,1,7,0.34523809523809523,Evening
301876,2011,4,9,2011-04-09,19:42:00,America/Chicago,2011-04-10T00:42:00Z,IA,19,1,0,0,100000,42.4364,-95.4499,42.485,-95.4001,4.21,200,1,1,93,0,0,0,FALSE,0,FALSE,0.4784090909090909,TRUE,2,Weak,Midwest,5,1,0,0.9019607843137255,Night
766,1997,6,28,1997-06-28,22:18:00,America/Chicago,1997-06-29T03:18:00Z,ND,38,0,0,0,30000,48.4,-101.05,48.43,-100.98,4,20,1,1,49,0,0,0,FALSE,0,FALSE,0.045454545454545456,TRUE,3,Weak,Midwest,4.477121254719663,0,1,0.12903225806451613,Night
453,2002,12,18,2002-12-18,22:20:00,America/Chicago,2002-12-19T04:20:00Z,AR,5,0,0,0,10000,34.05,-91.5,34.05,-91.48,0.5,25,1,1,79,0,0,0,FALSE,0,FALSE,0.007102272727272727,TRUE,1,Weak,South,4,0,1,0.3333333333333333,Night
235,1962,5,26,1962-05-26,00:40:00,America/Chicago,1962-05-26T05:40:00Z,OK,40,0,0,0,10000,35.37,-97.1,0,0,0.1,10,1,1,125,0,0,0,TRUE,0,FALSE,5.681818181818183e-4,TRUE,2,Weak,South,4,0,0,0.7761194029850746,Night
352,1968,6,16,1968-06-16,21:46:00,America/Chicago,1968-06-17T02:46:00Z,TX,48,0,0,0,10000,32.22,-101.73,0,0,1,33,1,1,317,0,0,0,FALSE,0,FALSE,0.01875,TRUE,3,Weak,South,4,0,0,0.7647058823529411,Night
201,1974,4,3,1974-04-03,19:00:00,America/Chicago,1974-04-04T00:00:00Z,OH,39,1,0,0,50000,41.08,-84.7,41.13,-84.58,6.4,90,1,1,125,0,0,0,FALSE,0,FALSE,0.3272727272727273,TRUE,2,Weak,Midwest,4.698970004336019,1,39,1.5454545454545454,Night
324,1982,5,12,1982-05-12,17:50:00,America/Chicago,1982-05-12T22:50:00Z,TX,48,0,0,0,50,32.22,-101.75,0,0,0.1,10,1,1,317,0,0,0,FALSE,0,FALSE,5.681818181818183e-4,TRUE,2,Weak,South,1.6989700043360187,0,14,0.8514851485148515,Evening
510,1975,6,5,1975-06-05,17:15:00,America/Chicago,1975-06-05T22:15:00Z,VA,51,0,0,0,10000,36.8,-81.53,0,0,0.1,10,1,1,173,0,0,0,FALSE,0,FALSE,5.681818181818183e-4,TRUE,3,Weak,South,4,0,0,0.8636363636363636,Evening
213,1991,4,9,1991-04-09,12:45:00,America/Chicago,1991-04-09T17:45:00Z,KY,21,2,3,0,5000000,36.97,-85.87,0,0,0.5,400,1,1,9,0,0,0,FALSE,3,FALSE,0.11363636363636363,TRUE,2,Strong,South,6.698970004336019,2,1,1.25,Afternoon
1398,1998,12,5,1998-12-05,17:57:00,America/Chicago,1998-12-05T23:57:00Z,CA,6,1,0,0,50000,39.42,-123.82,39.42,-123.8,1.7,50,1,1,45,0,0,0,FALSE,0,FALSE,0.048295454545454544,TRUE,1,Weak,West,4.698970004336019,1,0,0.32,Evening
616590,2018,8,16,2018-08-16,18:30:00,America/Chicago,2018-08-16T23:30:00Z,KS,20,0,0,0,10000,38.44,-99.01,38.4434,-99.0039,0.4,50,1,1,9,0,0,0,FALSE,0,FALSE,0.011363636363636364,TRUE,3,Weak,Midwest,4,0,0,0.3111111111111111,Evening
326,1982,5,12,1982-05-12,18:05:00,America/Chicago,1982-05-12T23:05:00Z,TX,48,1,0,0,500,31.87,-98.68,31.93,-98.68,4,50,1,1,93,0,0,0,FALSE,0,FALSE,0.11363636363636363,TRUE,2,Weak,South,2.6989700043360187,1,14,0.8514851485148515,Evening
122,1951,6,6,1951-06-06,22:00:00,America/Chicago,1951-06-07T03:00:00Z,KS,20,1,0,0,5000,37.68,-97.12,0,0,0.1,10,1,1,15,0,0,0,FALSE,0,FALSE,5.681818181818183e-4,TRUE,3,Weak,Midwest,3.6989700043360187,1,8,1.0649350649350648,Night
441,1993,6,8,1993-06-08,12:55:00,America/Chicago,1993-06-08T17:55:00Z,MN,27,0,0,0,10000,43.67,-92.58,0,0,0.1,10,1,1,99,0,0,0,FALSE,0,FALSE,5.681818181818183e-4,TRUE,3,Weak,Midwest,4,0,2,0.3191489361702128,Afternoon
112,2007,3,1,2007-03-01,23:42:00,America/Chicago,2007-03-02T05:42:00Z,GA,13,1,0,0,1350000,31.55,-83.62,31.58,-83.52,7.9,150,1,1,277,287,0,0,FALSE,0,FALSE,0.6732954545454545,TRUE,2,Weak,South,6.1303337684950066,1,10,1.075,Night
222,1973,4,21,1973-04-21,21:35:00,America/Chicago,1973-04-22T03:35:00Z,MO,29,2,2,0,50000,37.18,-94.28,0,0,5,100,1,1,97,0,0,0,FALSE,2,FALSE,0.28409090909090906,TRUE,2,Strong,Midwest,4.698970004336019,2,8,1.518987341772152,Night
456,1961,6,22,1961-06-22,12:30:00,America/Chicago,1961-06-22T17:30:00Z,FL,12,0,0,0,10000,27.33,-80.8,0,0,0.1,10,1,1,93,0,0,0,TRUE,0,FALSE,5.681818181818183e-4,TRUE,3,Weak,South,4,0,0,1,Afternoon
2,2006,1,2,2006-01-02,03:00:00,America/Chicago,2006-01-02T09:00:00Z,MO,29,0,0,0,10000,38.68,-90.92,38.7,-90.92,0.5,40,1,1,183,0,0,0,FALSE,0,FALSE,0.011363636363636364,TRUE,1,Weak,Midwest,4,0,11,0.90625,Morning
354,1993,5,28,1993-05-28,13:31:00,America/Chicago,1993-05-28T18:31:00Z,IN,18,0,0,0,5000,40.5,-87.15,0,0,0.6,40,1,1,7,0,0,0,FALSE,0,FALSE,0.013636363636363636,TRUE,2,Weak,Midwest,3.6989700043360187,0,0,0.6,Evening
252,1954,5,23,1954-05-23,18:00:00,America/Chicago,1954-05-23T23:00:00Z,IA,19,2,0,0,315000,43.28,-92.8,0,0,0.1,50,1,1,131,0,0,0,FALSE,0,FALSE,0.002840909090909091,TRUE,2,Strong,Midwest,5.498310553789601,2,1,2.1176470588235294,Evening
617795,2019,5,25,2019-05-25,22:19:00,America/Chicago,2019-05-26T03:19:00Z,IL,17,1,0,0,50000,40.4198,-89.6378,40.424,-89.6253,0.72,150,1,1,179,0,0,0,FALSE,0,FALSE,0.061363636363636356,TRUE,2,Weak,Midwest,4.698970004336019,1,0,0.4375,Night
615624,2017,8,12,2017-08-12,17:10:00,America/Chicago,2017-08-12T22:10:00Z,CO,8,0,0,0,10000,39.78,-103.15,39.78,-103.15,0.01,25,1,1,121,0,0,0,FALSE,0,FALSE,1.4204545454545454e-4,TRUE,3,Weak,West,4,0,0,0.3684210526315789,Evening
76,1964,4,7,1964-04-07,09:10:00,America/Chicago,1964-04-07T15:10:00Z,AL,1,2,1,0,500000,34.32,-86.08,34.33,-86.03,3.3,10,1,1,49,0,0,0,FALSE,1,FALSE,0.01875,TRUE,2,Strong,South,5.698970004336019,2,12,1.8461538461538463,Afternoon
748,1983,8,17,1983-08-17,21:59:00,America/Chicago,1983-08-18T02:59:00Z,TX,48,0,0,0,50,29.98,-95.32,0,0,0.3,20,1,1,201,0,0,0,FALSE,0,FALSE,0.003409090909090909,TRUE,3,Weak,South,1.6989700043360187,0,8,0.5268817204301075,Night
783,1993,7,9,1993-07-09,23:14:00,America/Chicago,1993-07-10T04:14:00Z,KS,20,1,0,0,500000,39.02,-95.22,0,0,1,23,1,1,45,0,0,0,FALSE,0,FALSE,0.013068181818181817,TRUE,3,Weak,Midwest,5.698970004336019,1,1,0.5405405405405406,Night
431,1989,6,4,1989-06-04,01:56:00,America/Chicago,1989-06-04T06:56:00Z,TX,48,0,0,0,10000,32.3,-101.93,32.3,-101.87,3,100,1,1,317,0,0,0,FALSE,0,FALSE,0.17045454545454544,TRUE,3,Weak,South,4,0,1,0.7,Morning
615443,2017,6,14,2017-06-14,14:53:00,America/Chicago,2017-06-14T19:53:00Z,WI,55,0,0,0,25000,44.646,-88.363,44.6765,-88.318,3.05,50,1,1,115,0,0,0,FALSE,0,FALSE,0.08664772727272727,TRUE,3,Weak,Midwest,4.3979400086720375,0,1,0.6521739130434783,Evening
776,1965,8,31,1965-08-31,16:00:00,America/Chicago,1965-08-31T21:00:00Z,TX,48,2,0,0,315000,32.75,-100.37,0,0,2,20,1,1,151,0,0,0,FALSE,0,FALSE,0.022727272727272728,TRUE,3,Strong,South,5.498310553789601,2,6,1.3703703703703705,Evening
313,1995,5,9,1995-05-09,18:15:00,America/Chicago,1995-05-09T23:15:00Z,IL,17,1,0,0,50000,39.3,-89.2,0,0,0.7,70,1,1,135,0,0,0,FALSE,0,FALSE,0.02784090909090909,TRUE,2,Weak,Midwest,4.698970004336019,1,0,0.5526315789473685,Evening
170,1969,5,15,1969-05-15,10:10:00,America/Chicago,1969-05-15T15:10:00Z,TX,48,0,0,0,10000,28.7,-96.27,0,0,0.1,33,1,1,321,0,0,0,FALSE,0,FALSE,0.001875,TRUE,2,Weak,South,4,0,3,0.968503937007874,Afternoon
206,1990,4,24,1990-04-24,21:40:00,America/Chicago,1990-04-25T02:40:00Z,TX,48,0,0,0,10000,35.13,-100.55,0,0,1.5,90,1,1,129,0,0,0,FALSE,0,FALSE,0.07670454545454546,TRUE,2,Weak,South,4,0,2,1.0632911392405062,Night
246,1955,5,26,1955-05-26,14:49:00,America/Chicago,1955-05-26T19:49:00Z,IL,17,2,1,0,500000,40.55,-89.62,0,0,1.5,100,1,1,179,0,0,0,FALSE,1,FALSE,0.08522727272727272,TRUE,2,Strong,Midwest,5.698970004336019,2,0,1.2,Evening
133,1957,4,5,1957-04-05,19:35:00,America/Chicago,1957-04-06T01:35:00Z,NC,37,1,1,0,500000,36,-80.08,36.02,-80,4.7,50,1,1,81,0,0,0,FALSE,1,FALSE,0.13352272727272727,TRUE,2,Weak,South,5.698970004336019,1,0,2,Night
453496,2013,6,6,2013-06-06,14:48:00,America/Chicago,2013-06-06T19:48:00Z,FL,12,1,0,0,50000,30.39,-81.4,30.66,-81.45,18.89,704,1,1,31,0,0,0,FALSE,0,FALSE,7.556000000000001,TRUE,3,Weak,South,4.698970004336019,1,0,0.13513513513513514,Evening
592,1971,7,3,1971-07-03,16:45:00,America/Chicago,1971-07-03T21:45:00Z,KS,20,1,0,0,50000,39.77,-101.4,0,0,2,10,1,1,153,0,0,0,FALSE,0,FALSE,0.011363636363636364,TRUE,3,Weak,Midwest,4.698970004336019,1,0,1.4102564102564104,Evening
334,1959,5,30,1959-05-30,21:40:00,America/Chicago,1959-05-31T02:40:00Z,IA,19,1,0,0,5000,43.4,-94.72,0,0,2,200,1,1,63,0,0,0,FALSE,0,FALSE,0.22727272727272727,TRUE,2,Weak,Midwest,3.6989700043360187,1,0,1.88,Night
11,2005,1,9,2005-01-09,19:11:00,America/Chicago,2005-01-10T01:11:00Z,CA,6,0,0,0,10000,33.72,-116.97,33.72,-116.97,0.1,25,1,1,65,0,0,0,FALSE,0,FALSE,0.0014204545454545455,TRUE,1,Weak,West,4,0,0,0.13333333333333333,Night
621288,2022,4,5,2022-04-05,16:20:00,America/Chicago,2022-04-05T21:20:00Z,SC,45,0,0,0,10000,32.8435,-81.0761,32.8561,-81.0502,1.74,250,1,1,49,0,0,0,FALSE,0,FALSE,0.24715909090909094,TRUE,2,Weak,South,4,0,0,0.72,Evening
568,1959,10,2,1959-10-02,10:00:00,America/Chicago,1959-10-02T15:00:00Z,OK,40,1,0,0,50000,36.77,-95.77,0,0,2,10,1,1,105,0,0,0,FALSE,0,FALSE,0.011363636363636364,TRUE,4,Weak,South,4.698970004336019,1,8,1.3857142857142857,Afternoon
52,1950,4,3,1950-04-03,16:15:00,America/Chicago,1950-04-03T22:15:00Z,OK,40,1,0,0,5000,36.13,-95.83,0,0,1,33,1,1,143,0,0,0,FALSE,0,FALSE,0.01875,TRUE,2,Weak,South,3.6989700043360187,1,6,1.565217391304348,Evening
538,1982,5,29,1982-05-29,19:32:00,America/Chicago,1982-05-30T00:32:00Z,NE,31,1,0,0,50,41.98,-103.32,0,0,0.3,30,1,1,123,0,0,0,FALSE,0,FALSE,0.005113636363636363,TRUE,2,Weak,Midwest,1.6989700043360187,1,0,0.8529411764705882,Night
575,1986,7,28,1986-07-28,18:38:00,America/Chicago,1986-07-28T23:38:00Z,IA,19,1,0,0,50000,43.18,-95.87,0,0,0.1,13,1,1,141,0,0,0,FALSE,0,FALSE,7.386363636363636e-4,TRUE,3,Weak,Midwest,4.698970004336019,1,1,0.7560975609756098,Evening
447,1995,5,18,1995-05-18,12:05:00,America/Chicago,1995-05-18T17:05:00Z,IL,17,0,0,0,5000,38.32,-89.8,38.32,-89.65,8,120,1,1,163,189,0,0,FALSE,0,FALSE,0.5454545454545454,TRUE,2,Weak,Midwest,3.6989700043360187,0,0,0.5526315789473685,Afternoon
552,1957,6,13,1957-06-13,18:25:00,America/Chicago,1957-06-13T23:25:00Z,AR,5,2,0,0,5000,35.37,-92.4,0,0,1,27,1,1,45,0,0,0,FALSE,0,FALSE,0.01534090909090909,TRUE,3,Strong,South,3.6989700043360187,2,3,1.962962962962963,Evening
288,1965,5,8,1965-05-08,21:10:00,America/Chicago,1965-05-09T02:10:00Z,OK,40,0,0,0,10000,33.9,-97.1,0,0,0.1,10,1,1,85,0,0,0,FALSE,0,FALSE,5.681818181818183e-4,TRUE,2,Weak,South,4,0,0,0.8378378378378378,Night
243,1965,5,6,1965-05-06,21:00:00,America/Chicago,1965-05-07T02:00:00Z,OK,40,1,0,0,50000,36.8,-95.93,0,0,0.1,10,1,1,147,0,0,0,FALSE,0,FALSE,5.681818181818183e-4,TRUE,2,Weak,South,4.698970004336019,1,0,0.8378378378378378,Night
182,1994,4,25,1994-04-25,20:58:00,America/Chicago,1994-04-26T01:58:00Z,TX,48,0,0,0,10000,32.48,-97.07,0,0,0.1,10,1,1,139,0,0,0,FALSE,0,FALSE,5.681818181818183e-4,TRUE,2,Weak,South,4,0,4,0.33689839572192515,Night
184,1962,5,20,1962-05-20,11:45:00,America/Chicago,1962-05-20T16:45:00Z,VT,50,1,1,0,50000,44.75,-72.37,44.87,-72.25,9.4,100,1,1,19,0,0,0,FALSE,1,FALSE,0.5340909090909091,TRUE,2,Weak,Northeast,4.698970004336019,1,0,1.6,Afternoon
492,1976,5,31,1976-05-31,15:55:00,America/Chicago,1976-05-31T20:55:00Z,TX,48,2,0,0,315000,32.37,-98.33,32.32,-98.32,4.1,10,1,1,143,0,0,0,FALSE,0,FALSE,0.023295454545454543,TRUE,2,Strong,South,5.498310553789601,2,2,1.0786516853932584,Evening
615517,2017,6,30,2017-06-30,14:45:00,America/Chicago,2017-06-30T19:45:00Z,NY,36,0,0,0,20000,43.0994,-75.6188,43.0972,-75.5898,1.47,125,1,1,65,0,0,0,FALSE,0,FALSE,0.1044034090909091,TRUE,3,Weak,Northeast,4.301029995663981,0,0,0.6666666666666666,Evening
1186,2003,6,11,2003-06-11,19:37:00,America/Chicago,2003-06-12T00:37:00Z,NE,31,0,0,0,10000,42.15,-99.28,42.15,-99.28,0.2,10,1,1,149,0,0,0,FALSE,0,FALSE,0.0011363636363636365,TRUE,3,Weak,Midwest,4,0,2,0.2345679012345679,Night
319162,2011,7,8,2011-07-08,16:35:00,America/Chicago,2011-07-08T21:35:00Z,ND,38,0,0,0,10000,47.11,-102.77,47.1117,-102.729,1.93,25,1,1,25,0,0,0,FALSE,0,FALSE,0.027414772727272725,TRUE,3,Weak,Midwest,4,0,0,0.4915254237288136,Evening
270,1964,5,7,1964-05-07,17:30:00,America/Chicago,1964-05-07T22:30:00Z,TX,48,1,0,0,5000,32.25,-101.45,0,0,0.7,20,1,1,227,0,0,0,FALSE,0,FALSE,0.007954545454545454,TRUE,2,Weak,South,3.6989700043360187,1,8,1.025974025974026,Evening
30,1987,3,14,1987-03-14,20:05:00,America/Chicago,1987-03-15T02:05:00Z,CA,6,0,0,0,500000,39.92,-122.4,0,0,0.2,70,1,1,103,0,0,0,FALSE,0,FALSE,0.007954545454545455,TRUE,2,Weak,West,5.698970004336019,0,0,0,Night
309,1971,5,18,1971-05-18,17:23:00,America/Chicago,1971-05-18T22:23:00Z,IA,19,1,0,0,50000,41.03,-92.6,0,0,0.1,10,1,1,179,0,0,0,FALSE,0,FALSE,5.681818181818183e-4,TRUE,2,Weak,Midwest,4.698970004336019,1,1,1.878787878787879,Evening
1159,1999,5,3,1999-05-03,18:34:00,America/Chicago,1999-05-03T23:34:00Z,OK,40,0,0,0,10000,35.18,-98.1,35.23,-98.1,0.5,0,1,1,15,0,0,0,FALSE,0,FALSE,0,TRUE,2,Weak,South,4,0,42,0.7163120567375887,Evening
387012,2012,5,11,2012-05-11,02:15:00,America/Chicago,2012-05-11T07:15:00Z,TX,48,0,0,0,15000,26.1367,-97.6165,26.1367,-97.6165,0.1,50,1,1,61,0,0,0,FALSE,0,FALSE,0.002840909090909091,TRUE,2,Weak,South,4.176091259055681,0,0,0.30434782608695654,Morning
337,1967,5,30,1967-05-30,16:00:00,America/Chicago,1967-05-30T21:00:00Z,CO,8,1,0,0,5000,39.8,-104.97,0,0,0.5,17,1,1,1,0,0,0,FALSE,0,FALSE,0.004829545454545454,TRUE,2,Weak,West,3.6989700043360187,1,0,0.3333333333333333,Evening
555,2010,6,5,2010-06-05,21:08:00,America/Chicago,2010-06-06T02:08:00Z,IL,17,0,0,0,2000,40.8176,-88.4182,40.8178,-88.416,0.39,50,1,1,105,0,0,0,FALSE,0,FALSE,0.011079545454545455,TRUE,3,Weak,Midwest,3.3010299956639813,0,1,0.7083333333333334,Night
619379,2020,8,4,2020-08-04,17:29:00,America/Chicago,2020-08-04T22:29:00Z,SD,46,0,0,0,10000,43.4734,-100.08,43.4734,-100.08,0.02,10,1,1,123,0,0,0,FALSE,0,FALSE,1.1363636363636364e-4,TRUE,3,Weak,Midwest,4,0,1,0.6521739130434783,Evening
620794,2021,12,11,2021-12-11,07:39:00,America/Chicago,2021-12-11T13:39:00Z,TN,47,0,0,0,50000,35.3472,-85.712,35.3917,-85.5646,8.92,100,1,1,61,0,0,0,FALSE,0,FALSE,0.5068181818181818,TRUE,1,Weak,South,4.698970004336019,0,57,0.5230769230769231,Afternoon
1476,2008,8,26,2008-08-26,10:18:00,America/Chicago,2008-08-26T15:18:00Z,SC,45,0,0,0,10000,34.72,-80.92,0,0,0.1,20,1,1,23,0,0,0,FALSE,0,FALSE,0.0011363636363636365,TRUE,3,Weak,South,4,0,0,0.6964285714285714,Afternoon
492,1956,11,20,1956-11-20,10:35:00,America/Chicago,1956-11-20T16:35:00Z,OK,40,2,0,0,5000,35.7,-95.2,35.73,-95.15,3.6,150,1,1,101,0,0,0,FALSE,0,FALSE,0.3068181818181818,TRUE,4,Strong,South,3.6989700043360187,2,7,1.3877551020408163,Afternoon
617723,2019,5,22,2019-05-22,19:05:00,America/Chicago,2019-05-23T00:05:00Z,KS,20,3,0,0,5275000,37.1096,-94.6244,37.1928,-94.4935,9.22,440,2,0,0,0,0,0,FALSE,0,FALSE,2.305,TRUE,2,Strong,Midwest,6.7222224639697306,3,0,0.8850574712643678,Night
857,1994,8,7,1994-08-07,19:00:00,America/Chicago,1994-08-08T00:00:00Z,MN,27,1,0,0,500000,43.62,-95.72,43.72,-95.73,6,500,1,1,105,0,0,0,FALSE,0,FALSE,1.7045454545454546,TRUE,3,Weak,Midwest,5.698970004336019,1,0,0.3235294117647059,Night
977,1991,7,9,1991-07-09,20:30:00,America/Chicago,1991-07-10T01:30:00Z,MT,30,1,0,0,50000,45.73,-107.6,0,0,0.1,10,1,1,3,0,0,0,FALSE,0,FALSE,5.681818181818183e-4,TRUE,3,Weak,West,4.698970004336019,1,0,0.2,Night
1191,2005,10,23,2005-10-23,19:30:00,America/Chicago,2005-10-24T00:30:00Z,FL,12,0,0,0,50000,28.33,-80.72,28.35,-80.72,3,40,1,1,9,0,0,0,FALSE,0,FALSE,0.06818181818181818,TRUE,4,Weak,South,4.698970004336019,0,0,0.23214285714285715,Night
603787,2015,11,2,2015-11-02,15:32:00,America/Chicago,2015-11-02T21:32:00Z,GA,13,1,0,0,25000,31.9366,-82.8165,31.9383,-82.8035,0.77,50,1,1,271,0,0,0,FALSE,0,FALSE,0.021875,TRUE,4,Weak,South,4.3979400086720375,1,0,0.6521739130434783,Evening
155,1986,4,17,1986-04-17,15:35:00,America/Chicago,1986-04-17T21:35:00Z,NE,31,0,0,0,50,41.15,-101.7,41.15,-101.7,0.1,17,1,1,101,0,0,0,FALSE,0,FALSE,9.65909090909091e-4,TRUE,2,Weak,Midwest,1.6989700043360187,0,0,0.7358490566037735,Evening
415,2001,8,2,2001-08-02,09:30:00,America/Chicago,2001-08-02T14:30:00Z,FL,12,0,0,0,10000,27.45,-80.47,27.45,-80.47,2,50,1,1,111,0,0,0,FALSE,0,FALSE,0.056818181818181816,TRUE,3,Weak,South,4,0,2,0.37142857142857144,Afternoon
23,1957,3,4,1957-03-04,11:20:00,America/Chicago,1957-03-04T17:20:00Z,FL,12,0,0,0,50,28.07,-81.95,0,0,0.5,20,1,1,105,0,0,0,FALSE,0,FALSE,0.005681818181818182,TRUE,2,Weak,South,1.6989700043360187,0,0,0.9411764705882353,Afternoon
65,1970,4,2,1970-04-02,05:40:00,America/Chicago,1970-04-02T11:40:00Z,GA,13,2,2,0,50000,34.3,-82.93,34.35,-82.87,5.2,100,1,1,147,0,0,0,FALSE,2,FALSE,0.29545454545454547,TRUE,2,Strong,South,4.698970004336019,2,1,1.7,Morning
58,1995,3,7,1995-03-07,11:08:00,America/Chicago,1995-03-07T17:08:00Z,MS,28,1,1,0,500000,31.97,-89.45,32,-89.42,3,500,1,1,129,0,0,0,FALSE,1,FALSE,0.8522727272727273,TRUE,2,Weak,South,5.698970004336019,1,1,0.6,Afternoon
265,1958,6,13,1958-06-13,19:00:00,America/Chicago,1958-06-14T00:00:00Z,MO,29,0,0,0,50,38.75,-90.85,0,0,0.2,10,1,1,183,0,0,0,FALSE,0,FALSE,0.0011363636363636365,TRUE,3,Weak,Midwest,1.6989700043360187,0,2,1.3225806451612903,Night
616799,2018,10,9,2018-10-09,14:34:00,America/Chicago,2018-10-09T19:34:00Z,IA,19,0,0,0,10000,40.7712,-92.879,40.7777,-92.8778,0.45,20,1,1,7,0,0,0,FALSE,0,FALSE,0.005113636363636364,TRUE,4,Weak,Midwest,4,0,0,0.36231884057971014,Evening
655,1988,11,19,1988-11-19,19:50:00,America/Chicago,1988-11-20T01:50:00Z,MS,28,1,0,0,50000,32.78,-90.98,0,0,1.5,50,1,1,55,0,0,0,FALSE,0,FALSE,0.04261363636363636,TRUE,4,Weak,South,4.698970004336019,1,2,1.3548387096774193,Night
125,1988,5,8,1988-05-08,10:56:00,America/Chicago,1988-05-08T15:56:00Z,IA,19,1,0,0,500000,41.47,-93.37,41.57,-93.23,11,30,1,1,181,125,99,0,FALSE,0,FALSE,0.1875,TRUE,2,Weak,Midwest,5.698970004336019,1,0,0.9387755102040817,Afternoon
719,1995,6,8,1995-06-08,16:15:00,America/Chicago,1995-06-08T21:15:00Z,ID,16,0,0,0,10000,43.6,-111.87,0,0,0.1,10,1,1,19,0,0,0,FALSE,0,FALSE,5.681818181818183e-4,TRUE,3,Weak,West,4,0,0,0,Evening
234,1986,5,10,1986-05-10,16:10:00,America/Chicago,1986-05-10T21:10:00Z,NE,31,0,0,0,50,40.55,-99.02,0,0,0.1,20,1,1,99,0,0,0,FALSE,0,FALSE,0.0011363636363636365,TRUE,2,Weak,Midwest,1.6989700043360187,0,0,0.7358490566037735,Evening
512392,2014,5,28,2014-05-28,04:32:00,America/Chicago,2014-05-28T09:32:00Z,LA,22,1,0,0,50000,30.0389,-90.5975,30.0758,-90.5997,2.55,75,1,1,95,0,0,0,FALSE,0,FALSE,0.10866477272727271,TRUE,2,Weak,South,4.698970004336019,1,0,0.9333333333333333,Morning
120,1980,4,8,1980-04-08,14:15:00,America/Chicago,1980-04-08T20:15:00Z,KY,21,1,0,0,500000,37.07,-84.1,37.07,-84.05,2.7,60,1,1,125,0,0,0,FALSE,0,FALSE,0.09204545454545454,TRUE,2,Weak,South,5.698970004336019,1,2,1.1666666666666667,Evening
546,1992,6,18,1992-06-18,15:30:00,America/Chicago,1992-06-18T20:30:00Z,OH,39,0,0,0,10000,39.97,-84.12,0,0,0.1,10,1,1,109,0,0,0,FALSE,0,FALSE,5.681818181818183e-4,TRUE,3,Weak,Midwest,4,0,0,0.9016393442622951,Evening
313,1970,6,13,1970-06-13,17:00:00,America/Chicago,1970-06-13T22:00:00Z,KS,20,0,0,0,10000,38.4,-99.7,0,0,1,10,1,1,135,0,0,0,FALSE,0,FALSE,0.005681818181818182,TRUE,3,Weak,Midwest,4,0,0,1,Evening
368,1975,5,12,1975-05-12,23:30:00,America/Chicago,1975-05-13T04:30:00Z,TX,48,0,0,0,10000,35.23,-101.22,0,0,1,30,1,1,65,0,0,0,FALSE,0,FALSE,0.017045454545454544,TRUE,2,Weak,South,4,0,10,0.5982905982905983,Night
448,1995,5,18,1995-05-18,12:15:00,America/Chicago,1995-05-18T17:15:00Z,TN,47,1,0,0,500000,36.47,-86.18,0,0,1,23,1,1,111,0,0,0,FALSE,0,FALSE,0.013068181818181817,TRUE,2,Weak,South,5.698970004336019,1,3,0.6153846153846154,Afternoon
297,1966,6,17,1966-06-17,20:45:00,America/Chicago,1966-06-18T01:45:00Z,TX,48,0,0,0,10000,34.18,-102.05,0,0,2,23,1,1,189,0,0,0,FALSE,0,FALSE,0.026136363636363635,TRUE,3,Weak,South,4,0,0,1.0649350649350648,Night
387,1972,6,16,1972-06-16,12:48:00,America/Chicago,1972-06-16T17:48:00Z,NE,31,0,0,0,10000,40.77,-97.72,0,0,0.1,10,1,1,185,0,0,0,FALSE,0,FALSE,5.681818181818183e-4,TRUE,3,Weak,Midwest,4,0,0,0.5666666666666667,Afternoon
17,1981,2,11,1981-02-11,00:15:00,America/Chicago,1981-02-11T06:15:00Z,SC,45,1,0,0,5000,33.98,-81.25,0,0,2,50,1,1,63,0,0,0,FALSE,0,FALSE,0.056818181818181816,TRUE,1,Weak,South,3.6989700043360187,1,0,1,Morning
112,2004,5,30,2004-05-30,18:47:00,America/Chicago,2004-05-30T23:47:00Z,AR,5,0,0,0,10000,33.72,-92.68,33.72,-92.65,1.8,25,1,1,103,0,0,0,FALSE,0,FALSE,0.025568181818181816,TRUE,2,Weak,South,4,0,0,0.3958333333333333,Evening
616904,2018,11,1,2018-11-01,05:40:00,America/Chicago,2018-11-01T10:40:00Z,MS,28,1,0,0,50000,30.4744,-88.5583,30.4999,-88.4965,4.08,100,1,1,59,0,0,0,FALSE,0,FALSE,0.2318181818181818,TRUE,4,Weak,South,4.698970004336019,1,0,0.6779661016949152,Morning
77,2006,3,11,2006-03-11,19:55:00,America/Chicago,2006-03-12T01:55:00Z,MO,29,2,0,0,315000,37.35,-90.97,37.6,-90.53,35.5,450,1,1,179,93,123,0,FALSE,0,FALSE,9.076704545454545,TRUE,2,Strong,Midwest,5.498310553789601,2,11,0.90625,Night
617257,2019,4,14,2019-04-14,18:51:00,America/Chicago,2019-04-14T23:51:00Z,SC,45,1,0,0,50000,35.066,-82.718,35.079,-82.694,1.63,200,1,1,45,0,0,0,FALSE,0,FALSE,0.1852272727272727,TRUE,2,Weak,South,4.698970004336019,1,0,0.75,Evening
261,1966,6,9,1966-06-09,05:15:00,America/Chicago,1966-06-09T10:15:00Z,IL,17,2,0,0,315000,42.1,-88.02,0,0,0.1,10,1,1,31,0,0,0,FALSE,0,FALSE,5.681818181818183e-4,TRUE,3,Strong,Midwest,5.498310553789601,2,1,1.1818181818181819,Morning
91,1978,4,17,1978-04-17,18:49:00,America/Chicago,1978-04-18T00:49:00Z,LA,22,2,14,0,5000000,32.45,-93.82,32.5,-93.75,5.4,100,1,1,17,0,0,0,FALSE,14,FALSE,0.3068181818181818,TRUE,2,Strong,South,6.698970004336019,2,4,1.380952380952381,Night
555,1985,8,16,1985-08-16,13:30:00,America/Chicago,1985-08-16T18:30:00Z,AL,1,0,0,0,500,34.58,-85.98,0,0,0.1,20,1,1,71,0,0,0,FALSE,0,FALSE,0.0011363636363636365,TRUE,3,Weak,South,2.6989700043360187,0,1,1.2380952380952381,Evening
335,1966,6,26,1966-06-26,14:30:00,America/Chicago,1966-06-26T19:30:00Z,MS,28,1,0,0,50000,31.67,-89.1,0,0,1.5,10,1,1,67,0,0,0,TRUE,0,FALSE,0.008522727272727272,TRUE,3,Weak,South,4.698970004336019,1,59,1.0833333333333333,Evening
853,1965,10,17,1965-10-17,15:00:00,America/Chicago,1965-10-17T20:00:00Z,TX,48,1,0,0,50000,33.82,-102.15,0,0,0.1,50,1,1,219,0,0,0,FALSE,0,FALSE,0.002840909090909091,TRUE,4,Weak,South,4.698970004336019,1,6,1.3703703703703705,Evening
456,1991,5,7,1991-05-07,16:08:00,America/Chicago,1991-05-07T21:08:00Z,TX,48,0,0,0,10000,33.8,-102.03,33.83,-102,2.6,60,1,1,303,189,0,0,FALSE,0,FALSE,0.08863636363636364,TRUE,2,Weak,South,4,0,1,0.5677083333333334,Evening
51,1988,4,1,1988-04-01,16:30:00,America/Chicago,1988-04-01T22:30:00Z,LA,22,1,0,0,50000,32.37,-93.73,0,0,0.5,150,1,1,17,0,0,0,FALSE,0,FALSE,0.04261363636363636,TRUE,2,Weak,South,4.698970004336019,1,0,0.6666666666666666,Evening
1074,2006,12,25,2006-12-25,12:40:00,America/Chicago,2006-12-25T18:40:00Z,FL,12,2,6,0,50000000,29.18,-81.05,29.21,-81.02,2.7,80,1,1,127,0,0,0,FALSE,6,FALSE,0.12272727272727274,TRUE,1,Strong,South,7.698970004336019,2,0,0.35714285714285715,Evening
620130,2021,6,2,2021-06-02,15:22:00,America/Chicago,2021-06-02T20:22:00Z,NC,37,0,0,0,200000,34.3928,-78.8632,34.4106,-78.8436,0.7,35,1,1,47,0,0,0,FALSE,0,FALSE,0.013920454545454545,TRUE,3,Weak,South,5.301029995663981,0,3,0.5263157894736842,Evening
463,1984,6,4,1984-06-04,19:11:00,America/Chicago,1984-06-05T00:11:00Z,NE,31,0,0,0,10000,40.8,-98.35,0,0,0.1,10,1,1,79,0,0,0,FALSE,0,FALSE,5.681818181818183e-4,TRUE,3,Weak,Midwest,4,0,0,0.92,Night
218,1970,5,15,1970-05-15,18:00:00,America/Chicago,1970-05-15T23:00:00Z,GA,13,2,0,0,500000,30.88,-84.6,0,0,0.4,40,1,1,87,0,0,0,FALSE,0,FALSE,0.009090909090909092,TRUE,2,Strong,South,5.698970004336019,2,1,1.7,Evening
166,1969,5,14,1969-05-14,19:10:00,America/Chicago,1969-05-15T00:10:00Z,TX,48,0,0,0,10000,36.33,-102.08,0,0,0.1,17,1,1,421,0,0,0,FALSE,0,FALSE,9.65909090909091e-4,TRUE,2,Weak,South,4,0,3,0.968503937007874,Night
617816,2019,5,26,2019-05-26,17:37:00,America/Chicago,2019-05-26T22:37:00Z,CO,8,0,0,0,10000,39.77,-104.56,39.77,-104.56,0.01,25,1,1,1,0,0,0,FALSE,0,FALSE,1.4204545454545454e-4,TRUE,2,Weak,West,4,0,0,0.4489795918367347,Evening
358,1992,6,11,1992-06-11,22:01:00,America/Chicago,1992-06-12T03:01:00Z,TX,48,0,0,0,500,32.52,-101.75,0,0,0.4,40,1,1,317,0,0,0,FALSE,0,FALSE,0.009090909090909092,TRUE,3,Weak,South,2.6989700043360187,0,0,0.5185185185185185,Night
173,1989,5,3,1989-05-03,17:35:00,America/Chicago,1989-05-03T22:35:00Z,ND,38,0,0,0,10000,47.02,-104,0,0,0.3,13,1,1,33,0,0,0,FALSE,0,FALSE,0.002215909090909091,TRUE,2,Weak,Midwest,4,0,0,0.16666666666666666,Evening
264,1963,6,8,1963-06-08,13:00:00,America/Chicago,1963-06-08T18:00:00Z,KY,21,1,0,0,500000,37.4,-85.3,0,0,0.1,10,1,1,217,0,0,0,FALSE,0,FALSE,5.681818181818183e-4,TRUE,3,Weak,South,5.698970004336019,1,0,1.5555555555555556,Evening
614080,2016,6,14,2016-06-14,13:22:00,America/Chicago,2016-06-14T18:22:00Z,IA,19,0,0,0,1000,43.35,-95.3205,43.354,-95.316,0.36,25,1,1,59,0,0,0,FALSE,0,FALSE,0.005113636363636364,TRUE,3,Weak,Midwest,3,0,0,0.3111111111111111,Evening
18,2004,4,29,2004-04-29,11:52:00,America/Chicago,2004-04-29T16:52:00Z,AR,5,1,0,0,200000,33.07,-92.87,33.12,-92.77,9,150,1,1,139,0,0,0,FALSE,0,FALSE,0.7670454545454545,TRUE,2,Weak,South,5.301029995663981,1,0,0.3958333333333333,Afternoon
49,2000,2,27,2000-02-27,15:59:00,America/Chicago,2000-02-27T21:59:00Z,CA,6,0,0,0,10000,36.7,-120.12,36.7,-120.12,0.5,20,1,1,19,0,0,0,FALSE,0,FALSE,0.005681818181818182,TRUE,1,Weak,West,4,0,0,0.1111111111111111,Evening
172,1968,5,11,1968-05-11,01:20:00,America/Chicago,1968-05-11T06:20:00Z,TX,48,0,0,0,10000,29.07,-98.57,0,0,0.1,13,1,1,13,0,0,0,FALSE,0,FALSE,7.386363636363636e-4,TRUE,2,Weak,South,4,0,0,0.7647058823529411,Morning
615383,2017,6,7,2017-06-07,12:18:00,America/Chicago,2017-06-07T17:18:00Z,ND,38,0,0,0,10000,47.82,-97.36,47.8207,-97.3426,1,100,1,1,35,0,0,0,FALSE,0,FALSE,0.056818181818181816,TRUE,3,Weak,Midwest,4,0,0,0.4375,Afternoon
808,1994,7,27,1994-07-27,15:41:00,America/Chicago,1994-07-27T20:41:00Z,VA,51,0,0,0,10000,38.27,-77.47,0,0,0.8,100,1,1,179,0,0,0,FALSE,0,FALSE,0.045454545454545456,TRUE,3,Weak,South,4,0,0,0.625,Evening
635,1997,7,5,1997-07-05,13:05:00,America/Chicago,1997-07-05T18:05:00Z,FL,12,0,0,0,2000,28.3,-81.4,28.3,-81.4,0.1,80,1,1,97,0,0,0,FALSE,0,FALSE,0.004545454545454546,TRUE,3,Weak,South,3.3010299956639813,0,0,0.2782608695652174,Evening
614335,2016,8,27,2016-08-27,17:02:00,America/Chicago,2016-08-27T22:02:00Z,ND,38,3,0,0,500000,47.49,-97.1,47.4334,-97.0495,3,300,1,1,97,0,0,0,FALSE,0,FALSE,0.5113636363636364,TRUE,3,Strong,Midwest,5.698970004336019,3,0,0.5454545454545454,Evening
963,1998,5,15,1998-05-15,15:00:00,America/Chicago,1998-05-15T20:00:00Z,IA,19,1,0,0,100000,42,-95.33,42.02,-95.28,2.5,50,1,1,47,0,0,0,FALSE,0,FALSE,0.07102272727272727,TRUE,2,Weak,Midwest,5,1,0,0.4305555555555556,Evening
392889,2012,6,13,2012-06-13,18:55:00,America/Chicago,2012-06-13T23:55:00Z,TX,48,0,0,0,50000,33.5045,-96.2504,33.5025,-96.2491,0.16,75,1,1,147,0,0,0,FALSE,0,FALSE,0.006818181818181818,TRUE,3,Weak,South,4.698970004336019,0,0,0.30434782608695654,Evening
812,1967,9,22,1967-09-22,14:45:00,America/Chicago,1967-09-22T19:45:00Z,TX,48,0,0,0,10000,27.85,-97.75,0,0,0.5,33,1,1,355,0,0,0,FALSE,0,FALSE,0.009375,TRUE,4,Weak,South,4,0,5,0.853448275862069,Evening
446,1964,6,21,1964-06-21,14:00:00,America/Chicago,1964-06-21T19:00:00Z,ID,16,0,0,0,10000,44.08,-112.13,0,0,0.1,10,1,1,33,0,0,0,TRUE,0,FALSE,5.681818181818183e-4,TRUE,3,Weak,West,4,0,0,0.5,Evening
890,2003,5,14,2003-05-14,17:12:00,America/Chicago,2003-05-14T22:12:00Z,IL,17,0,0,0,10000,40.33,-88.13,40.33,-88.13,0.1,10,1,1,19,0,0,0,FALSE,0,FALSE,5.681818181818183e-4,TRUE,2,Weak,Midwest,4,0,2,0.42857142857142855,Evening
317144,2011,5,30,2011-05-30,15:20:00,America/Chicago,2011-05-30T20:20:00Z,NE,31,0,0,0,10000,42.1599,-99.521,42.1602,-99.5209,0.02,20,1,1,149,0,0,0,FALSE,0,FALSE,2.2727272727272727e-4,TRUE,2,Weak,Midwest,4,0,0,0.4727272727272727,Evening
602377,2015,9,22,2015-09-22,16:40:00,America/Chicago,2015-09-22T21:40:00Z,AZ,4,0,0,0,10000,31.9444,-110.184,31.9499,-110.175,0.62,25,1,1,3,0,0,0,FALSE,0,FALSE,0.008806818181818181,TRUE,4,Weak,West,4,0,0,0,Evening
294,1982,5,11,1982-05-11,19:00:00,America/Chicago,1982-05-12T00:00:00Z,OK,40,0,0,0,50,35.35,-99.22,0,0,0.1,10,1,1,149,0,0,0,FALSE,0,FALSE,5.681818181818183e-4,TRUE,2,Weak,South,1.6989700043360187,0,3,1.0909090909090908,Night
872,2001,5,9,2001-05-09,19:23:00,America/Chicago,2001-05-10T00:23:00Z,MN,27,0,0,0,10000,45.98,-93.28,45.98,-93.27,0.5,50,1,1,65,0,0,0,FALSE,0,FALSE,0.014204545454545454,TRUE,2,Weak,Midwest,4,0,0,0.3698630136986301,Night
1000,2003,5,3,2003-05-03,19:12:00,America/Chicago,2003-05-04T00:12:00Z,TX,48,0,0,0,10000,33.02,-99.57,33,-99.55,1,30,1,1,207,0,0,0,FALSE,0,FALSE,0.017045454545454544,TRUE,2,Weak,South,4,0,0,0.3419354838709677,Night
180,1961,4,11,1961-04-11,19:30:00,America/Chicago,1961-04-12T01:30:00Z,OK,40,1,0,0,50,35.47,-95.52,0,0,0.1,10,1,1,91,0,0,0,FALSE,0,FALSE,5.681818181818183e-4,TRUE,2,Weak,South,1.6989700043360187,1,17,1.382716049382716,Night
710,1981,8,30,1981-08-30,16:10:00,America/Chicago,1981-08-30T21:10:00Z,TX,48,1,0,0,500000,28.43,-97.82,0,0,0.8,43,1,1,25,0,0,0,FALSE,0,FALSE,0.019545454545454546,TRUE,3,Weak,South,5.698970004336019,1,1,0.8522727272727273,Evening
601734,2015,11,1,2015-11-01,15:43:00,America/Chicago,2015-11-01T21:43:00Z,GA,13,0,0,0,7000,31.2173,-83.9785,31.2177,-83.9782,0.03,25,1,1,71,0,0,0,FALSE,0,FALSE,4.261363636363636e-4,TRUE,4,Weak,South,3.845098040014257,0,0,0.6521739130434783,Evening
389,2010,5,19,2010-05-19,16:33:00,America/Chicago,2010-05-19T21:33:00Z,OK,40,1,1,0,50000,35.97,-98.1379,35.9269,-97.8958,14,75,1,1,73,0,0,0,FALSE,1,FALSE,0.5965909090909091,TRUE,2,Weak,South,4.698970004336019,1,7,0.8333333333333334,Evening
299,1969,6,23,1969-06-23,16:00:00,America/Chicago,1969-06-23T21:00:00Z,KS,20,4,6,0,500000,37.65,-97.65,37.6,-97.5,8.7,700,1,1,173,0,0,0,FALSE,6,FALSE,3.4602272727272725,TRUE,3,Violent,Midwest,5.698970004336019,4,0,1.1764705882352942,Evening
75,2009,3,8,2009-03-08,16:04:00,America/Chicago,2009-03-08T21:04:00Z,OH,39,0,0,0,100000,41.2913,-84.6113,41.3328,-84.5309,5.06,50,1,1,39,0,0,0,FALSE,0,FALSE,0.14375,TRUE,2,Weak,Midwest,5,0,0,0.23076923076923078,Evening
287,1991,4,23,1991-04-23,12:50:00,America/Chicago,1991-04-23T17:50:00Z,IL,17,1,0,0,5000,41.78,-88.15,0,0,0.1,100,1,1,43,0,0,0,FALSE,0,FALSE,0.005681818181818182,TRUE,2,Weak,Midwest,3.6989700043360187,1,0,0.53125,Afternoon
97,1980,4,7,1980-04-07,20:17:00,America/Chicago,1980-04-08T02:17:00Z,AR,5,0,0,0,10000,34.9,-92.37,34.85,-92.25,7.4,50,1,1,119,0,0,0,FALSE,0,FALSE,0.21022727272727273,TRUE,2,Weak,South,4,0,1,1.4090909090909092,Night
716,1957,8,14,1957-08-14,16:00:00,America/Chicago,1957-08-14T21:00:00Z,OK,40,0,0,0,10000,35.43,-94.7,0,0,0.1,10,1,1,135,0,0,0,FALSE,0,FALSE,5.681818181818183e-4,TRUE,3,Weak,South,4,0,22,1.0188679245283019,Evening
614566,2017,1,21,2017-01-21,13:52:00,America/Chicago,2017-01-21T19:52:00Z,GA,13,1,0,0,50000,32.78,-81.61,32.8,-81.57,2.7,525,1,1,251,0,0,0,FALSE,0,FALSE,0.8053977272727273,TRUE,1,Weak,South,4.698970004336019,1,16,0.7777777777777778,Evening
277,1967,5,7,1967-05-07,06:25:00,America/Chicago,1967-05-07T11:25:00Z,KY,21,3,0,0,50000,38.6,-83.7,0,0,2,10,1,1,161,0,0,0,FALSE,0,FALSE,0.011363636363636364,TRUE,2,Strong,South,4.698970004336019,3,0,1.6,Morning
61,1978,4,6,1978-04-06,03:00:00,America/Chicago,1978-04-06T09:00:00Z,MO,29,1,0,0,50000,38.42,-93.03,0,0,2,100,1,1,141,0,0,0,TRUE,0,FALSE,0.11363636363636363,TRUE,2,Weak,Midwest,4.698970004336019,1,0,1.1111111111111112,Morning
60,1970,4,2,1970-04-02,02:25:00,America/Chicago,1970-04-02T08:25:00Z,GA,13,3,0,0,50000,33.33,-84.8,0,0,0.3,100,1,1,77,0,0,0,FALSE,0,FALSE,0.017045454545454544,TRUE,2,Strong,South,4.698970004336019,3,1,1.7,Morning
885,2002,10,28,2002-10-28,21:50:00,America/Chicago,2002-10-29T03:50:00Z,TX,48,0,0,0,60000,29.93,-95.07,29.93,-95.07,0.5,20,1,1,201,0,0,0,FALSE,0,FALSE,0.005681818181818182,TRUE,4,Weak,South,4.778151250383644,0,3,0.28160919540229884,Night
160,2004,5,27,2004-05-27,16:30:00,America/Chicago,2004-05-27T21:30:00Z,WA,53,0,0,0,10000,45.87,-122.67,45.87,-122.67,0.5,0,1,1,11,0,0,0,FALSE,0,FALSE,0,TRUE,2,Weak,West,4,0,0,0.1111111111111111,Evening
446,1973,5,26,1973-05-26,22:30:00,America/Chicago,1973-05-27T03:30:00Z,MO,29,1,0,0,50000,37.45,-90.72,0,0,3,210,1,1,93,0,0,0,FALSE,0,FALSE,0.35795454545454547,TRUE,2,Weak,Midwest,4.698970004336019,1,8,1.518987341772152,Night
822,1996,9,28,1996-09-28,16:00:00,America/Chicago,1996-09-28T21:00:00Z,MD,24,0,0,0,70000,39.68,-77.05,39.68,-77.05,0.5,75,1,1,13,0,0,0,FALSE,0,FALSE,0.02130681818181818,TRUE,4,Weak,South,4.845098040014257,0,0,0.7142857142857143,Evening
621447,2022,5,2,2022-05-02,15:13:00,America/Chicago,2022-05-02T20:13:00Z,OK,40,0,0,0,10000,35.967,-98.163,35.975,-98.162,0.6,80,1,1,73,0,0,0,FALSE,0,FALSE,0.02727272727272727,TRUE,2,Weak,South,4,0,1,0.7407407407407407,Evening
618829,2020,4,12,2020-04-12,17:04:00,America/Chicago,2020-04-12T22:04:00Z,AL,1,1,0,0,50000,34.0264,-86.3916,34.0318,-86.3798,0.78,115,1,1,9,0,0,0,FALSE,0,FALSE,0.05096590909090909,TRUE,2,Weak,South,4.698970004336019,1,5,0.8571428571428571,Evening
618764,2020,4,8,2020-04-08,19:05:00,America/Chicago,2020-04-09T00:05:00Z,AR,5,2,2,0,250000,35.6567,-90.8562,35.575,-90.7239,9.33,75,1,1,111,0,0,0,FALSE,2,FALSE,0.39758522727272727,TRUE,2,Strong,South,5.3979400086720375,2,0,1,Night
736,1976,7,28,1976-07-28,16:45:00,America/Chicago,1976-07-28T21:45:00Z,IL,17,3,0,0,50000,38.83,-89.67,0,0,0.1,10,1,1,119,0,0,0,FALSE,0,FALSE,5.681818181818183e-4,TRUE,3,Strong,Midwest,4.698970004336019,3,5,2.037037037037037,Evening
705,2010,6,17,2010-06-17,19:10:00,America/Chicago,2010-06-18T00:10:00Z,MN,27,3,0,0,500000,43.8588,-93.1273,43.9123,-93.0824,4.32,440,1,1,147,0,0,0,FALSE,0,FALSE,1.08,TRUE,3,Strong,Midwest,5.698970004336019,3,3,0.6216216216216216,Night
320,1971,5,23,1971-05-23,15:30:00,America/Chicago,1971-05-23T20:30:00Z,OK,40,0,0,0,10000,34.7,-96.8,0,0,0.1,10,1,1,123,0,0,0,FALSE,0,FALSE,5.681818181818183e-4,TRUE,2,Weak,South,4,0,0,1.1025641025641026,Evening
305391,2011,5,22,2011-05-22,15:37:00,America/Chicago,2011-05-22T20:37:00Z,IN,18,1,0,0,25000,40.9607,-87.1563,40.9623,-87.1504,0.32,33,1,1,73,0,0,0,FALSE,0,FALSE,0.006,TRUE,2,Weak,Midwest,4.3979400086720375,1,0,0.8333333333333334,Evening
1153,2010,10,26,2010-10-26,09:40:00,America/Chicago,2010-10-26T14:40:00Z,OH,39,1,0,0,77000,39.9137,-84.6889,39.95,-84.6218,4.35,30,1,1,135,37,0,0,FALSE,0,FALSE,0.07414772727272727,TRUE,4,Weak,Midwest,4.886490725172482,1,8,0.85,Afternoon
646,1976,6,28,1976-06-28,13:34:00,America/Chicago,1976-06-28T18:34:00Z,FL,12,0,0,0,10000,28.32,-82.33,0,0,0.1,20,1,1,57,0,0,0,FALSE,0,FALSE,0.0011363636363636365,TRUE,3,Weak,South,4,0,1,0.19402985074626866,Evening
72,1986,3,12,1986-03-12,14:58:00,America/Chicago,1986-03-12T20:58:00Z,AL,1,3,0,0,500000,33.55,-88.05,33.63,-88,6,500,1,1,75,0,0,0,FALSE,0,FALSE,1.7045454545454546,TRUE,2,Strong,South,5.698970004336019,3,2,1.7857142857142858,Evening
617430,2019,4,30,2019-04-30,17:52:00,America/Chicago,2019-04-30T22:52:00Z,TX,48,1,0,0,200000,33.226,-97.1252,33.2647,-97.1049,2.89,250,1,1,121,0,0,0,FALSE,0,FALSE,0.4105113636363637,TRUE,2,Weak,South,5.301029995663981,1,2,0.8143712574850299,Evening
238,1992,5,16,1992-05-16,17:45:00,America/Chicago,1992-05-16T22:45:00Z,LA,22,1,0,0,50000,31.32,-92.4,0,0,0.2,20,1,1,79,0,0,0,FALSE,0,FALSE,0.002272727272727273,TRUE,2,Weak,South,4.698970004336019,1,2,1.139240506329114,Evening
574,1990,6,2,1990-06-02,18:54:00,America/Chicago,1990-06-02T23:54:00Z,IN,18,1,0,0,50,38.63,-86.6,38.67,-86.43,11.5,50,1,1,117,0,0,0,FALSE,0,FALSE,0.32670454545454547,TRUE,3,Weak,Midwest,1.6989700043360187,1,8,1.1555555555555554,Evening
605,2004,10,13,2004-10-13,15:49:00,America/Chicago,2004-10-13T20:49:00Z,TX,48,0,0,0,10000,32.62,-101.07,32.6,-101.07,0.6,50,1,1,415,0,0,0,FALSE,0,FALSE,0.017045454545454544,TRUE,4,Weak,South,4,0,2,0.25280898876404495,Evening
621869,2022,8,1,2022-08-01,17:05:00,America/Chicago,2022-08-01T22:05:00Z,WV,54,2,0,0,650000,40.027,-80.537,40.012,-80.51,1.81,350,2,0,0,0,0,0,FALSE,0,FALSE,0.3599431818181818,TRUE,3,Strong,South,5.812913356642856,2,0,0.6666666666666666,Evening
741,2006,7,17,2006-07-17,15:50:00,America/Chicago,2006-07-17T20:50:00Z,IA,19,0,0,0,1000,41.97,-92.62,41.97,-92.62,0.2,30,1,1,171,0,0,0,FALSE,0,FALSE,0.003409090909090909,TRUE,3,Weak,Midwest,3,0,1,0.47368421052631576,Evening
699,1995,6,7,1995-06-07,19:15:00,America/Chicago,1995-06-08T00:15:00Z,CO,8,0,0,0,10000,40.1,-104.58,0,0,0.1,10,1,1,123,0,0,0,FALSE,0,FALSE,5.681818181818183e-4,TRUE,3,Weak,West,4,0,0,0.08333333333333333,Night
655,2008,5,8,2008-05-08,22:56:00,America/Chicago,2008-05-09T03:56:00Z,MD,24,0,0,0,50000,38.83,-76.91,38.84,-76.91,0.48,100,1,1,33,0,0,0,FALSE,0,FALSE,0.02727272727272727,TRUE,2,Weak,South,4.698970004336019,0,0,0.14285714285714285,Night
960,2005,6,9,2005-06-09,17:16:00,America/Chicago,2005-06-09T22:16:00Z,KS,20,1,0,0,50000,38.92,-99.87,38.95,-99.78,3.5,100,1,1,195,0,0,0,FALSE,0,FALSE,0.19886363636363635,TRUE,3,Weak,Midwest,4.698970004336019,1,0,0.3014705882352941,Evening
323,2004,6,6,2004-06-06,18:34:00,America/Chicago,2004-06-06T23:34:00Z,ND,38,2,0,0,315000,47.85,-101.57,47.93,-101.47,8,150,1,1,101,0,0,0,FALSE,0,FALSE,0.6818181818181818,TRUE,3,Strong,Midwest,5.498310553789601,2,0,0.5652173913043478,Evening
538,1971,6,19,1971-06-19,17:35:00,America/Chicago,1971-06-19T22:35:00Z,MN,27,0,0,0,10000,45.78,-95.5,0,0,0.3,50,1,1,41,0,0,0,FALSE,0,FALSE,0.008522727272727272,TRUE,3,Weak,Midwest,4,0,0,0.35,Evening
1094,1990,11,27,1990-11-27,14:00:00,America/Chicago,1990-11-27T20:00:00Z,IL,17,1,0,0,50000,40.43,-89.93,0,0,0.5,50,1,1,125,0,0,0,FALSE,0,FALSE,0.014204545454545454,TRUE,4,Weak,Midwest,4.698970004336019,1,30,1.3673469387755102,Evening
1337,1998,7,23,1998-07-23,19:35:00,America/Chicago,1998-07-24T00:35:00Z,CO,8,0,0,0,10000,38.17,-102.75,38.17,-102.75,0.5,50,1,1,99,0,0,0,FALSE,0,FALSE,0.014204545454545454,TRUE,3,Weak,West,4,0,0,0.10526315789473684,Night
26,1971,2,4,1971-02-04,18:00:00,America/Chicago,1971-02-05T00:00:00Z,MS,28,1,1,0,5000,33.67,-89.93,0,0,0.1,10,1,1,15,0,0,0,FALSE,1,FALSE,5.681818181818183e-4,TRUE,1,Weak,South,3.6989700043360187,1,82,1.675,Night
885,2008,5,24,2008-05-24,15:21:00,America/Chicago,2008-05-24T20:21:00Z,OK,40,2,0,0,315000,36.22,-97.67,36.18,-97.51,10,1600,1,1,47,0,0,0,FALSE,0,FALSE,9.09090909090909,TRUE,2,Strong,South,5.498310553789601,2,21,0.5454545454545454,Evening
616514,2018,7,19,2018-07-19,15:50:00,America/Chicago,2018-07-19T20:50:00Z,IA,19,0,0,0,10000,41.2285,-92.6102,41.2107,-92.6072,1.24,60,1,1,123,0,0,0,FALSE,0,FALSE,0.04227272727272727,TRUE,3,Weak,Midwest,4,0,0,0.36231884057971014,Evening
195,1998,4,7,1998-04-07,15:20:00,America/Chicago,1998-04-07T20:20:00Z,IL,17,2,0,0,315000,40.08,-90.27,40.1,-90.22,3,70,1,1,125,0,0,0,FALSE,0,FALSE,0.11931818181818182,TRUE,2,Strong,Midwest,5.498310553789601,2,0,0.3939393939393939,Evening
621833,2022,7,18,2022-07-18,17:47:00,America/Chicago,2022-07-18T22:47:00Z,MT,30,2,0,0,315000,48.85,-106.25,48.85,-106.25,8,457,1,1,105,0,0,0,FALSE,0,FALSE,2.077272727272727,TRUE,3,Strong,West,5.498310553789601,2,0,0.6666666666666666,Evening
620707,2021,12,5,2021-12-05,22:02:00,America/Chicago,2021-12-06T04:02:00Z,MO,29,1,0,0,150000,36.951,-93.253,36.948,-93.191,3.43,100,1,1,43,0,0,0,FALSE,0,FALSE,0.19488636363636364,TRUE,1,Weak,Midwest,5.176091259055681,1,1,0.782608695652174,Night
25,1969,4,8,1969-04-08,18:00:00,America/Chicago,1969-04-09T00:00:00Z,IA,19,1,0,0,5000,43.18,-95.47,0,0,1,300,1,1,141,0,0,0,FALSE,0,FALSE,0.17045454545454544,TRUE,2,Weak,Midwest,3.6989700043360187,1,0,1.2857142857142858,Night
301146,2011,4,11,2011-04-11,01:34:00,America/Chicago,2011-04-11T06:34:00Z,TX,48,1,0,0,250000,32.9888,-96.1126,33.036,-96.0119,6.53,200,1,1,231,0,0,0,FALSE,0,FALSE,0.7420454545454546,TRUE,2,Weak,South,5.3979400086720375,1,0,0.3333333333333333,Morning
13,2004,3,4,2004-03-04,17:27:00,America/Chicago,2004-03-04T23:27:00Z,OK,40,0,0,0,20000,35.43,-94.62,35.45,-94.6,1.7,200,1,1,135,0,0,0,FALSE,0,FALSE,0.19318181818181818,TRUE,2,Weak,South,4.301029995663981,0,0,0.43548387096774194,Evening
537,2009,5,13,2009-05-13,23:22:00,America/Chicago,2009-05-14T04:22:00Z,IL,17,0,0,0,45000,39.3946,-88.8047,39.4012,-88.7802,1.39,50,1,1,173,0,0,0,FALSE,0,FALSE,0.03948863636363636,TRUE,2,Weak,Midwest,4.653212513775344,0,0,0.6346153846153846,Night
409415,2012,8,27,2012-08-27,14:44:00,America/Chicago,2012-08-27T19:44:00Z,FL,12,0,0,0,2000,27.9397,-82.434,27.9402,-82.4343,0.04,20,1,1,57,0,0,0,FALSE,0,FALSE,4.5454545454545455e-4,TRUE,3,Weak,South,3.3010299956639813,0,1,0.20833333333333334,Evening
893,1975,11,29,1975-11-29,18:10:00,America/Chicago,1975-11-30T00:10:00Z,MO,29,0,0,0,500000,39.23,-93.83,0,0,8,50,1,1,177,33,0,0,FALSE,0,FALSE,0.22727272727272727,TRUE,4,Weak,Midwest,5.698970004336019,0,5,1.7777777777777777,Night
222,2009,4,10,2009-04-10,14:02:00,America/Chicago,2009-04-10T19:02:00Z,AL,1,3,5,0,500000,34.495,-86.249,34.5561,-85.7754,32.53,440,1,1,95,71,49,0,FALSE,5,FALSE,8.1325,TRUE,2,Strong,South,5.698970004336019,3,2,0.620253164556962,Evening
614387,2016,10,6,2016-10-06,13:42:00,America/Chicago,2016-10-06T18:42:00Z,KS,20,1,0,0,25000,37.2268,-96.8084,37.2285,-96.8069,0.14,50,1,1,35,0,0,0,FALSE,0,FALSE,0.003977272727272728,TRUE,4,Weak,Midwest,4.3979400086720375,1,0,0.5588235294117647,Evening
297,2004,6,23,2004-06-23,13:16:00,America/Chicago,2004-06-23T18:16:00Z,TX,48,0,0,0,60000,29.1,-96.23,29.1,-96.23,0.5,25,1,1,481,0,0,0,FALSE,0,FALSE,0.007102272727272727,TRUE,3,Weak,South,4.778151250383644,0,2,0.25280898876404495,Evening
361973,2012,1,25,2012-01-25,09:09:00,America/Chicago,2012-01-25T15:09:00Z,TX,48,0,0,0,30000,30.7247,-95.5659,30.7272,-95.564,0.2,25,1,1,471,0,0,0,FALSE,0,FALSE,0.002840909090909091,TRUE,1,Weak,South,4.477121254719663,0,0,0.30434782608695654,Afternoon
636,1989,6,29,1989-06-29,19:30:00,America/Chicago,1989-06-30T00:30:00Z,WA,53,1,1,0,5000,45.88,-122.67,0,0,1.6,13,1,1,11,0,0,0,FALSE,1,FALSE,0.011818181818181818,TRUE,3,Weak,West,3.6989700043360187,1,0,1,Night
580,1993,6,22,1993-06-22,17:20:00,America/Chicago,1993-06-22T22:20:00Z,NE,31,0,0,0,10000,41.1,-102.47,0,0,1.5,33,1,1,49,0,0,0,FALSE,0,FALSE,0.028124999999999997,TRUE,3,Weak,Midwest,4,0,0,0.8260869565217391,Evening
423,1989,6,3,1989-06-03,18:00:00,America/Chicago,1989-06-03T23:00:00Z,TX,48,0,0,0,10000,31.4,-102.35,0,0,1.5,100,1,1,103,0,0,0,FALSE,0,FALSE,0.08522727272727272,TRUE,3,Weak,South,4,0,1,0.7,Evening
357,1977,5,21,1977-05-21,18:30:00,America/Chicago,1977-05-21T23:30:00Z,SD,46,0,0,0,10000,44.68,-96.72,0,0,0.1,10,1,1,39,0,0,0,TRUE,0,FALSE,5.681818181818183e-4,TRUE,2,Weak,Midwest,4,0,0,0.37037037037037035,Evening
511,2003,7,8,2003-07-08,22:35:00,America/Chicago,2003-07-09T03:35:00Z,NE,31,0,0,0,50000,41.55,-100.97,41.55,-100.97,1.5,40,1,1,117,0,0,0,FALSE,0,FALSE,0.03409090909090909,TRUE,3,Weak,Midwest,4.698970004336019,0,2,0.2345679012345679,Night
227,2009,4,10,2009-04-10,16:04:00,America/Chicago,2009-04-10T21:04:00Z,GA,13,1,0,0,25000,34.49,-84.4,34.49,-84.34,3.42,440,1,1,227,0,0,0,FALSE,0,FALSE,0.855,TRUE,2,Weak,South,4.3979400086720375,1,1,0.9629629629629629,Evening
218,1984,4,27,1984-04-27,01:00:00,America/Chicago,1984-04-27T07:00:00Z,OK,40,2,0,0,5000000,36.62,-94.77,36.63,-94.73,2,20,1,1,41,0,0,0,FALSE,0,FALSE,0.022727272727272728,TRUE,2,Strong,South,6.698970004336019,2,13,0.9795918367346939,Morning
618219,2019,7,20,2019-07-20,10:36:00,America/Chicago,2019-07-20T15:36:00Z,WI,55,0,0,0,10000,44.3026,-88.2129,44.3101,-88.1931,1.11,50,1,1,87,0,0,0,FALSE,0,FALSE,0.03153409090909091,TRUE,3,Weak,Midwest,4,0,0,0.41379310344827586,Afternoon
42,1952,3,3,1952-03-03,13:10:00,America/Chicago,1952-03-03T19:10:00Z,AL,1,3,6,0,50000,33.33,-87.9,33.37,-87.87,3.3,440,1,1,107,0,0,0,FALSE,6,FALSE,0.825,TRUE,2,Strong,South,4.698970004336019,3,6,2,Evening
311,1994,5,6,1994-05-06,16:30:00,America/Chicago,1994-05-06T21:30:00Z,OK,40,0,0,0,10000,36.82,-97.05,0,0,0.1,30,1,1,71,0,0,0,FALSE,0,FALSE,0.0017045454545454545,TRUE,2,Weak,South,4,0,0,0.3902439024390244,Evening
369833,2012,4,21,2012-04-21,12:39:00,America/Chicago,2012-04-21T17:39:00Z,MN,27,0,0,0,10000,45.6107,-96.2239,45.61,-96.221,0.15,25,1,1,149,0,0,0,FALSE,0,FALSE,0.002130681818181818,TRUE,2,Weak,Midwest,4,0,0,0.08333333333333333,Afternoon
156,1998,4,13,1998-04-13,20:09:00,America/Chicago,1998-04-14T01:09:00Z,IL,17,1,1,0,60000,37.35,-89.05,37.35,-89.02,1,40,1,1,87,0,0,0,FALSE,1,FALSE,0.022727272727272728,TRUE,2,Weak,Midwest,4.778151250383644,1,0,0.3939393939393939,Night
309073,2011,4,27,2011-04-27,01:29:00,America/Chicago,2011-04-27T06:29:00Z,MS,28,3,25,0,5400000,33.4462,-89.3691,33.9889,-88.5987,70.42,1800,1,1,19,155,25,17,FALSE,25,FALSE,72.02045454545454,TRUE,2,Strong,South,6.732393759822968,3,42,1.3404255319148937,Morning
1625,2004,8,13,2004-08-13,13:55:00,America/Chicago,2004-08-13T18:55:00Z,FL,12,1,0,0,50000,26.5,-82.18,26.47,-82.17,1.8,100,1,1,71,0,0,0,FALSE,0,FALSE,0.10227272727272727,TRUE,3,Weak,South,4.698970004336019,1,6,0.3173076923076923,Evening
338776,2011,7,29,2011-07-29,19:28:00,America/Chicago,2011-07-30T00:28:00Z,MT,30,0,0,0,10000,47.7205,-104.81,47.6399,-104.595,11.45,50,1,1,83,0,0,0,FALSE,0,FALSE,0.3252840909090909,TRUE,3,Weak,West,4,0,0,0.3333333333333333,Night
324,1999,5,5,1999-05-05,17:40:00,America/Chicago,1999-05-05T22:40:00Z,IN,18,2,0,0,10000,38.35,-87.27,38.37,-87.27,1.3,150,1,1,125,0,0,0,FALSE,0,FALSE,0.11079545454545454,TRUE,2,Strong,Midwest,4,2,0,1.2,Evening
739,1983,8,12,1983-08-12,20:00:00,America/Chicago,1983-08-13T01:00:00Z,KY,21,0,0,0,50000,37.63,-84.53,0,0,0.2,10,1,1,79,0,0,0,FALSE,0,FALSE,0.0011363636363636365,TRUE,3,Weak,South,4.698970004336019,0,0,0.6666666666666666,Night
185,2002,7,28,2002-07-28,10:30:00,America/Chicago,2002-07-28T15:30:00Z,PA,42,1,0,0,40000,41.83,-79.4,41.88,-79.4,3,100,1,1,123,0,0,0,FALSE,0,FALSE,0.17045454545454544,TRUE,3,Weak,Northeast,4.6020599913279625,1,1,0.8,Afternoon
511,1975,6,5,1975-06-05,19:30:00,America/Chicago,1975-06-06T00:30:00Z,VA,51,0,0,0,10000,38.07,-78.95,0,0,0.1,10,1,1,15,0,0,0,FALSE,0,FALSE,5.681818181818183e-4,TRUE,3,Weak,South,4,0,0,0.8636363636363636,Night
50,1960,3,29,1960-03-29,21:15:00,America/Chicago,1960-03-30T03:15:00Z,MO,29,1,0,0,5000,36.63,-89.92,0,0,2.5,17,1,1,207,0,0,0,FALSE,0,FALSE,0.024147727272727272,TRUE,2,Weak,Midwest,3.6989700043360187,1,0,1.2424242424242424,Night
221,1966,6,2,1966-06-02,20:25:00,America/Chicago,1966-06-03T01:25:00Z,IA,19,2,0,0,50000,43.1,-96.4,43.03,-96.18,11.5,300,1,1,167,0,0,0,FALSE,0,FALSE,1.9602272727272725,TRUE,3,Strong,Midwest,4.698970004336019,2,6,1.564102564102564,Night
460,1964,6,22,1964-06-22,15:10:00,America/Chicago,1964-06-22T20:10:00Z,KS,20,0,0,0,10000,39.63,-95.8,0,0,0.1,10,1,1,131,0,0,0,FALSE,0,FALSE,5.681818181818183e-4,TRUE,3,Weak,Midwest,4,0,4,1.053191489361702,Evening
508289,2014,4,28,2014-04-28,16:53:00,America/Chicago,2014-04-28T21:53:00Z,MS,28,2,0,0,700000,33.3664,-88.538,33.4799,-88.4218,10.31,300,1,1,87,0,0,0,FALSE,0,FALSE,1.7573863636363636,TRUE,2,Strong,South,5.845098040014257,2,16,1.175,Evening
117,1994,4,15,1994-04-15,04:15:00,America/Chicago,1994-04-15T09:15:00Z,IL,17,0,0,0,500000,38.35,-90.17,0,0,2.5,40,1,1,133,0,0,0,FALSE,0,FALSE,0.05681818181818182,TRUE,2,Weak,Midwest,5.698970004336019,0,0,0.35,Morning
754,1971,9,14,1971-09-14,20:15:00,America/Chicago,1971-09-15T01:15:00Z,AZ,4,2,0,0,50000,33.45,-112.27,0,0,0.1,27,1,1,13,0,0,0,FALSE,0,FALSE,0.0015340909090909092,TRUE,4,Strong,West,4.698970004336019,2,0,1.2857142857142858,Night
906,1999,4,5,1999-04-05,05:03:00,America/Chicago,1999-04-05T10:03:00Z,OK,40,1,0,0,40000,34.92,-97.48,35.02,-97.5,3,0,1,1,87,0,0,0,FALSE,0,FALSE,0,TRUE,2,Weak,South,4.6020599913279625,1,42,0.7163120567375887,Morning
102,2002,5,8,2002-05-08,17:36:00,America/Chicago,2002-05-08T22:36:00Z,KS,20,1,0,0,30000,39.32,-95.2,39.32,-95.2,0.2,100,1,1,87,0,0,0,FALSE,0,FALSE,0.011363636363636364,TRUE,2,Weak,Midwest,4.477121254719663,1,0,0.3229166666666667,Evening
614051,2016,5,31,2016-05-31,16:28:00,America/Chicago,2016-05-31T21:28:00Z,OK,40,1,0,0,50000,35.241,-97.96,35.242,-97.951,0.5,30,1,1,51,0,0,0,FALSE,0,FALSE,0.008522727272727272,TRUE,2,Weak,South,4.698970004336019,1,2,1.0175438596491229,Evening
883,1993,7,24,1993-07-24,21:55:00,America/Chicago,1993-07-25T02:55:00Z,IA,19,0,0,0,500000,40.98,-94.73,0,0,0.2,20,1,1,3,0,0,0,FALSE,0,FALSE,0.002272727272727273,TRUE,3,Weak,Midwest,5.698970004336019,0,0,0.6666666666666666,Night
78,1957,4,2,1957-04-02,18:30:00,America/Chicago,1957-04-03T00:30:00Z,TX,48,1,0,0,50000,33.23,-97.33,0,0,1.5,67,1,1,121,97,0,0,TRUE,0,FALSE,0.05710227272727273,TRUE,2,Weak,South,4.698970004336019,1,38,1.4137931034482758,Night
757,2001,5,20,2001-05-20,18:55:00,America/Chicago,2001-05-20T23:55:00Z,OK,40,0,0,0,10000,35.23,-94.67,35.23,-94.67,0.3,25,1,1,79,0,0,0,FALSE,0,FALSE,0.004261363636363636,TRUE,2,Weak,South,4,0,1,0.55,Evening
102,1988,4,25,1988-04-25,10:05:00,America/Chicago,1988-04-25T15:05:00Z,FL,12,0,0,0,500,24.55,-81.65,0,0,1,30,1,1,87,0,0,0,FALSE,0,FALSE,0.017045454545454544,TRUE,2,Weak,South,2.6989700043360187,0,5,0.5652173913043478,Afternoon
946,1997,8,31,1997-08-31,17:40:00,America/Chicago,1997-08-31T22:40:00Z,ND,38,0,0,0,10000,46.9,-98.7,46.9,-98.7,0.1,10,1,1,93,0,0,0,FALSE,0,FALSE,5.681818181818183e-4,TRUE,3,Weak,Midwest,4,0,1,0.12903225806451613,Evening
835,1967,10,24,1967-10-24,13:15:00,America/Chicago,1967-10-24T18:15:00Z,MO,29,2,0,0,50000,36.9,-89.7,36.9,-89.7,0.1,17,1,1,201,0,0,0,FALSE,0,FALSE,9.65909090909091e-4,TRUE,4,Strong,Midwest,4.698970004336019,2,8,1.2571428571428571,Evening
691,1965,7,18,1965-07-18,15:06:00,America/Chicago,1965-07-18T20:06:00Z,WY,56,0,0,0,10000,41.1,-104.1,0,0,0.1,10,1,1,21,0,0,0,TRUE,0,FALSE,5.681818181818183e-4,TRUE,3,Weak,West,4,0,0,0.8571428571428571,Evening
617183,2019,4,6,2019-04-06,14:38:00,America/Chicago,2019-04-06T19:38:00Z,TX,48,1,0,0,50000,31.0061,-96.7239,31.0061,-96.7239,0.1,25,1,1,395,0,0,0,FALSE,0,FALSE,0.0014204545454545455,TRUE,2,Weak,South,4.698970004336019,1,2,0.8143712574850299,Evening
273,2001,6,17,2001-06-17,08:00:00,America/Chicago,2001-06-17T13:00:00Z,ME,23,1,0,0,50000,44.48,-70.78,44.48,-70.78,0.4,500,1,1,17,0,0,0,FALSE,0,FALSE,0.11363636363636365,TRUE,3,Weak,Northeast,4.698970004336019,1,0,1,Afternoon
756,1996,9,20,1996-09-20,23:59:00,America/Chicago,1996-09-21T04:59:00Z,TX,48,1,0,0,10000,29.17,-97.2,29.18,-97.2,0.5,50,1,1,123,0,0,0,FALSE,0,FALSE,0.014204545454545454,TRUE,4,Weak,South,4,1,0,0.2971014492753623,Night
293758,2011,5,22,2011-05-22,13:52:00,America/Chicago,2011-05-22T18:52:00Z,MN,27,0,0,0,50000,45.2484,-93.1623,45.2507,-93.1593,0.21,30,1,1,3,0,0,0,FALSE,0,FALSE,0.003579545454545454,TRUE,2,Weak,Midwest,4.698970004336019,0,1,0.5,Evening
1333,1998,6,16,1998-06-16,16:05:00,America/Chicago,1998-06-16T21:05:00Z,PA,42,1,0,0,50000,40.33,-78.92,40.33,-78.92,0.2,100,1,1,21,0,0,0,FALSE,0,FALSE,0.011363636363636364,TRUE,3,Weak,Northeast,4.698970004336019,1,3,0.9830508474576272,Evening
1609,2004,8,14,2004-08-14,13:40:00,America/Chicago,2004-08-14T18:40:00Z,NC,37,0,0,0,10000,35.47,-76.38,35.47,-76.38,0.2,20,1,1,95,0,0,0,FALSE,0,FALSE,0.002272727272727273,TRUE,3,Weak,South,4,0,3,0.2878787878787879,Evening
508,1970,8,23,1970-08-23,17:05:00,America/Chicago,1970-08-23T22:05:00Z,TX,48,1,0,0,50000,29.27,-97.18,0,0,1.5,23,1,1,285,0,0,0,FALSE,0,FALSE,0.019602272727272725,TRUE,3,Weak,South,4.698970004336019,1,51,1.256198347107438,Evening
457,1992,6,16,1992-06-16,16:15:00,America/Chicago,1992-06-16T21:15:00Z,NE,31,1,0,0,50000,42.53,-99.82,42.55,-99.72,4,150,1,1,17,0,0,0,FALSE,0,FALSE,0.3409090909090909,TRUE,3,Weak,Midwest,4.698970004336019,1,0,0.68,Evening
263,1999,4,5,1999-04-05,13:38:00,America/Chicago,1999-04-05T18:38:00Z,NE,31,1,0,0,10000,40.15,-95.7,40.15,-95.7,0.1,60,1,1,147,0,0,0,FALSE,0,FALSE,0.003409090909090909,TRUE,2,Weak,Midwest,4,1,0,0.35294117647058826,Evening
649,2001,4,20,2001-04-20,18:50:00,America/Chicago,2001-04-20T23:50:00Z,NE,31,0,0,0,10000,40.4,-98.55,40.4,-98.55,0.1,10,1,1,1,0,0,0,FALSE,0,FALSE,5.681818181818183e-4,TRUE,2,Weak,Midwest,4,0,0,0.46774193548387094,Evening
375,1967,6,6,1967-06-06,17:45:00,America/Chicago,1967-06-06T22:45:00Z,NE,31,0,0,0,10000,42.92,-98.85,42.87,-98.37,24.5,10,1,1,15,0,0,0,FALSE,0,FALSE,0.13920454545454547,TRUE,3,Weak,Midwest,4,0,0,1,Evening
624,2008,5,7,2008-05-07,18:28:00,America/Chicago,2008-05-07T23:28:00Z,OK,40,0,0,0,75000,36.06,-95.81,36.06,-95.81,0.3,50,1,1,143,0,0,0,FALSE,0,FALSE,0.008522727272727272,TRUE,2,Weak,South,4.8750612633917,0,21,0.5454545454545454,Evening
780,1993,7,9,1993-07-09,21:40:00,America/Chicago,1993-07-10T02:40:00Z,KS,20,1,0,0,50000,39.1,-95.87,0,0,0.1,30,1,1,177,0,0,0,FALSE,0,FALSE,0.0017045454545454545,TRUE,3,Weak,Midwest,4.698970004336019,1,1,0.5405405405405406,Night
706,1977,8,23,1977-08-23,17:20:00,America/Chicago,1977-08-23T22:20:00Z,TX,48,0,0,0,10000,34.68,-102.1,0,0,0.3,20,1,1,69,0,0,0,FALSE,0,FALSE,0.003409090909090909,TRUE,3,Weak,South,4,0,1,0.8292682926829268,Evening
417,2009,5,3,2009-05-03,13:27:00,America/Chicago,2009-05-03T18:27:00Z,AL,1,1,0,0,100000,33.5215,-86.4101,33.6651,-86.1795,16.57,800,1,1,115,0,0,0,FALSE,0,FALSE,7.531818181818181,TRUE,2,Weak,South,5,1,2,0.620253164556962,Evening
331,1969,6,26,1969-06-26,09:20:00,America/Chicago,1969-06-26T14:20:00Z,WI,55,1,0,0,50000,43.53,-89.77,43.55,-89.73,0.1,100,1,1,111,0,0,0,FALSE,0,FALSE,0.005681818181818182,TRUE,3,Weak,Midwest,4.698970004336019,1,0,1.3333333333333333,Afternoon
922,1993,8,5,1993-08-05,14:35:00,America/Chicago,1993-08-05T19:35:00Z,ID,16,0,0,0,10000,42.68,-112.67,0,0,2,10,1,1,77,0,0,0,FALSE,0,FALSE,0.011363636363636364,TRUE,3,Weak,West,4,0,0,0.09090909090909091,Evening
302,1973,5,7,1973-05-07,01:25:00,America/Chicago,1973-05-07T06:25:00Z,AR,5,2,0,0,500000,35.9,-92.63,35.9,-92.58,2.7,150,1,1,129,0,0,0,FALSE,0,FALSE,0.23011363636363635,TRUE,2,Strong,South,5.698970004336019,2,5,1.5,Morning
168,1963,5,12,1963-05-12,18:45:00,America/Chicago,1963-05-12T23:45:00Z,IA,19,1,0,0,50000,41.67,-94.5,0,0,0.1,10,1,1,77,0,0,0,FALSE,0,FALSE,5.681818181818183e-4,TRUE,2,Weak,Midwest,4.698970004336019,1,0,1.3333333333333333,Evening
112,1989,4,4,1989-04-04,14:50:00,America/Chicago,1989-04-04T19:50:00Z,SC,45,2,0,0,500000,34.75,-82.53,34.82,-82.45,5,73,1,1,7,45,0,0,FALSE,0,FALSE,0.20738636363636365,TRUE,2,Strong,South,5.698970004336019,2,2,1.2941176470588236,Evening
585,1955,11,15,1955-11-15,19:30:00,America/Chicago,1955-11-16T01:30:00Z,AR,5,2,1,0,5000,36.05,-94,36.13,-93.75,15,220,1,1,143,0,0,0,FALSE,1,FALSE,1.875,TRUE,4,Strong,South,3.6989700043360187,2,2,2,Night
715,1976,7,15,1976-07-15,15:41:00,America/Chicago,1976-07-15T20:41:00Z,IN,18,0,0,0,10000,40.85,-85,0,0,0.1,10,1,1,1,0,0,0,TRUE,0,FALSE,5.681818181818183e-4,TRUE,3,Weak,Midwest,4,0,3,1.0833333333333333,Evening
110,2008,2,5,2008-02-05,18:50:00,America/Chicago,2008-02-06T00:50:00Z,MS,28,0,0,0,100000,34.89,-88.87,34.92,-88.85,2.48,50,1,1,139,0,0,0,FALSE,0,FALSE,0.07045454545454545,TRUE,1,Weak,South,5,0,3,0.7706422018348624,Night
576034,2015,5,19,2015-05-19,17:20:00,America/Chicago,2015-05-19T22:20:00Z,TX,48,0,0,0,10000,33.4513,-98.3532,33.4611,-98.3482,0.74,80,1,1,237,0,0,0,FALSE,0,FALSE,0.03363636363636364,TRUE,2,Weak,South,4,0,17,0.49377593360995853,Evening
53,2009,3,8,2009-03-08,10:10:00,America/Chicago,2009-03-08T15:10:00Z,IL,17,1,0,0,50000,39.4797,-90.2628,39.5103,-90.1817,4.81,352,1,1,61,0,0,0,FALSE,0,FALSE,0.962,TRUE,2,Weak,Midwest,4.698970004336019,1,0,0.6346153846153846,Afternoon
534,1972,7,20,1972-07-20,14:25:00,America/Chicago,1972-07-20T19:25:00Z,MI,26,2,1,0,500000,46.07,-87.17,0,0,0.8,70,1,1,41,0,0,0,FALSE,1,FALSE,0.03181818181818182,TRUE,3,Strong,Midwest,5.698970004336019,2,0,1.125,Evening
563,1991,5,16,1991-05-16,12:45:00,America/Chicago,1991-05-16T17:45:00Z,NE,31,0,0,0,10000,42.35,-97.6,0,0,0.1,13,1,1,139,0,0,0,FALSE,0,FALSE,7.386363636363636e-4,TRUE,2,Weak,Midwest,4,0,0,0.59375,Afternoon
459,1979,7,1,1979-07-01,12:50:00,America/Chicago,1979-07-01T17:50:00Z,WA,53,0,0,0,10000,47.2,-119.32,0,0,0.1,10,1,1,25,0,0,0,FALSE,0,FALSE,5.681818181818183e-4,TRUE,3,Weak,West,4,0,0,0,Afternoon
374,1955,6,12,1955-06-12,19:00:00,America/Chicago,1955-06-13T00:00:00Z,KS,20,0,0,0,10000,38.47,-101.37,0,0,0.1,10,1,1,203,0,0,0,TRUE,0,FALSE,5.681818181818183e-4,TRUE,3,Weak,Midwest,4,0,1,0.59375,Night
443,1998,6,11,1998-06-11,13:26:00,America/Chicago,1998-06-11T18:26:00Z,NV,32,0,0,0,10000,39.6,-119.25,39.6,-119.25,0.1,30,1,1,19,0,0,0,FALSE,0,FALSE,0.0017045454545454545,TRUE,3,Weak,West,4,0,0,0,Evening
503,1969,8,9,1969-08-09,22:15:00,America/Chicago,1969-08-10T03:15:00Z,VA,51,2,0,0,500000,38.87,-77.23,0,0,0.1,10,1,1,59,0,0,0,FALSE,0,FALSE,5.681818181818183e-4,TRUE,3,Strong,South,5.698970004336019,2,1,1.7142857142857142,Night
564,1980,6,19,1980-06-19,13:00:00,America/Chicago,1980-06-19T18:00:00Z,FL,12,0,0,0,50000,30.73,-86.75,0,0,0.1,30,1,1,91,0,0,0,FALSE,0,FALSE,0.0017045454545454545,TRUE,3,Weak,South,4.698970004336019,0,1,0.7166666666666667,Evening
567,1966,11,10,1966-11-10,05:00:00,America/Chicago,1966-11-10T11:00:00Z,MS,28,3,4,0,500000,34.95,-88.52,34.95,-88.47,3.3,27,1,1,3,0,0,0,FALSE,4,FALSE,0.050624999999999996,TRUE,4,Strong,South,5.698970004336019,3,59,1.0833333333333333,Morning
21,1991,1,18,1991-01-18,08:50:00,America/Chicago,1991-01-18T14:50:00Z,TX,48,1,3,0,50000,29.73,-95.37,0,0,1.5,40,1,1,201,0,0,0,FALSE,3,FALSE,0.03409090909090909,TRUE,1,Weak,South,4.698970004336019,1,1,0.5677083333333334,Afternoon
394,1974,5,12,1974-05-12,05:45:00,America/Chicago,1974-05-12T10:45:00Z,SC,45,1,2,0,5000000,33.02,-80.18,0,0,1.5,300,1,1,35,0,0,0,FALSE,2,FALSE,0.2556818181818182,TRUE,2,Weak,South,6.698970004336019,1,6,1.0909090909090908,Morning
599,2004,10,19,2004-10-19,19:00:00,America/Chicago,2004-10-20T00:00:00Z,AL,1,0,0,0,10000,31.5,-86.93,31.5,-86.93,0.5,30,1,1,35,0,0,0,FALSE,0,FALSE,0.008522727272727272,TRUE,4,Weak,South,4,0,1,0.45454545454545453,Night
449,1989,6,6,1989-06-06,14:20:00,America/Chicago,1989-06-06T19:20:00Z,TX,48,1,0,0,50000,30.88,-103.1,30.93,-103.02,4,150,1,1,371,0,0,0,FALSE,0,FALSE,0.3409090909090909,TRUE,3,Weak,South,4.698970004336019,1,1,0.7,Evening
1182,2004,5,22,2004-05-22,17:53:00,America/Chicago,2004-05-22T22:53:00Z,NE,31,0,0,0,10000,40.2,-97.62,40.2,-97.62,0.2,75,1,1,169,0,0,0,FALSE,0,FALSE,0.008522727272727272,TRUE,2,Weak,Midwest,4,0,1,0.3153153153153153,Evening
575,1974,6,8,1974-06-08,21:30:00,America/Chicago,1974-06-09T02:30:00Z,MO,29,1,6,0,5000000,36.85,-94.4,0,0,1,150,1,1,145,0,0,0,FALSE,6,FALSE,0.08522727272727272,TRUE,3,Weak,Midwest,6.698970004336019,1,0,1.3,Night
401,1961,6,5,1961-06-05,19:30:00,America/Chicago,1961-06-06T00:30:00Z,TX,48,0,0,0,10000,33.22,-101.37,0,0,0.1,10,1,1,169,0,0,0,TRUE,0,FALSE,5.681818181818183e-4,TRUE,3,Weak,South,4,0,11,1.4193548387096775,Night
622057,2022,12,14,2022-12-14,09:25:00,America/Chicago,2022-12-14T15:25:00Z,LA,22,1,0,0,50000,30.7663,-92.2172,30.7663,-92.2172,0.01,1,1,1,39,0,0,0,FALSE,0,FALSE,5.6818181818181815e-6,TRUE,1,Weak,South,4.698970004336019,1,4,1.0612244897959184,Afternoon
1017,1982,12,24,1982-12-24,09:40:00,America/Chicago,1982-12-24T15:40:00Z,OK,40,1,10,0,500000,36.53,-95.07,0,0,0.5,50,1,1,35,0,0,0,FALSE,10,FALSE,0.014204545454545454,TRUE,1,Weak,South,5.698970004336019,1,3,1.0909090909090908,Afternoon
616329,2018,6,1,2018-06-01,19:43:00,America/Chicago,2018-06-02T00:43:00Z,TX,48,1,0,0,50000,33.13,-100.54,33.13,-100.54,0.01,30,1,1,263,0,0,0,FALSE,0,FALSE,1.7045454545454544e-4,TRUE,3,Weak,South,4.698970004336019,1,0,0.3584905660377358,Night
414,2007,5,1,2007-05-01,14:05:00,America/Chicago,2007-05-01T19:05:00Z,TX,48,0,0,0,10000,31.32,-99.31,31.3,-99.26,3.26,30,1,1,307,0,0,0,FALSE,0,FALSE,0.05556818181818181,TRUE,2,Weak,South,4,0,11,0.41919191919191917,Evening
125,2008,2,5,2008-02-05,20:03:00,America/Chicago,2008-02-06T02:03:00Z,MO,29,1,0,0,100000,36.63,-90.52,36.64,-90.46,3.38,300,1,1,23,0,0,0,FALSE,0,FALSE,0.5761363636363636,TRUE,1,Weak,Midwest,5,1,4,0.5824175824175825,Night
789,2010,6,25,2010-06-25,18:09:00,America/Chicago,2010-06-25T23:09:00Z,MN,27,0,0,0,10000,44.0941,-94.0256,44.0918,-94.0197,0.33,50,1,1,13,0,0,0,FALSE,0,FALSE,0.009375,TRUE,3,Weak,Midwest,4,0,3,0.6216216216216216,Evening
100,1983,3,21,1983-03-21,06:00:00,America/Chicago,1983-03-21T12:00:00Z,NC,37,0,0,0,50000,35.17,-76.83,0,0,0.1,17,1,1,137,0,0,0,FALSE,0,FALSE,9.65909090909091e-4,TRUE,2,Weak,South,4.698970004336019,0,0,1.2,Afternoon
419,1988,8,4,1988-08-04,14:35:00,America/Chicago,1988-08-04T19:35:00Z,WI,55,1,0,0,500000,44.15,-87.95,44.17,-87.87,4,20,1,1,71,0,0,0,FALSE,0,FALSE,0.045454545454545456,TRUE,3,Weak,Midwest,5.698970004336019,1,0,1.0285714285714285,Evening
206,1992,5,13,1992-05-13,17:24:00,America/Chicago,1992-05-13T22:24:00Z,TX,48,0,0,0,10000,32.48,-100.53,0,0,1,50,1,1,353,0,0,0,FALSE,0,FALSE,0.028409090909090908,TRUE,2,Weak,South,4,0,0,0.5185185185185185,Evening
279,1953,6,9,1953-06-09,15:20:00,America/Chicago,1953-06-09T20:20:00Z,NH,33,3,5,0,50000,42.97,-70.97,0,0,1.5,100,1,1,15,0,0,0,FALSE,5,FALSE,0.08522727272727272,TRUE,3,Strong,Northeast,4.698970004336019,3,0,2,Evening
797,1965,9,12,1965-09-12,19:30:00,America/Chicago,1965-09-13T00:30:00Z,NC,37,2,0,0,50000,35.3,-80.8,0,0,0.3,70,1,1,119,0,0,0,FALSE,0,FALSE,0.01193181818181818,TRUE,4,Strong,South,4.698970004336019,2,3,1.8888888888888888,Night
144,1957,4,8,1957-04-08,15:00:00,America/Chicago,1957-04-08T21:00:00Z,GA,13,1,0,0,500000,31.53,-83.53,31.5,-82.83,41.3,90,1,1,277,155,69,0,FALSE,0,FALSE,2.111931818181818,TRUE,2,Weak,South,5.698970004336019,1,3,1.1666666666666667,Evening
310,1993,5,9,1993-05-09,14:05:00,America/Chicago,1993-05-09T19:05:00Z,TX,48,0,0,0,10000,32.28,-96.97,0,0,0.1,10,1,1,139,0,0,0,FALSE,0,FALSE,5.681818181818183e-4,TRUE,2,Weak,South,4,0,2,0.42735042735042733,Evening
407,1968,6,24,1968-06-24,19:15:00,America/Chicago,1968-06-25T00:15:00Z,CO,8,0,0,0,10000,38.05,-102.1,0,0,0.1,10,1,1,99,0,0,0,FALSE,0,FALSE,5.681818181818183e-4,TRUE,3,Weak,West,4,0,0,0.6666666666666666,Night
653,1990,6,8,1990-06-08,19:46:00,America/Chicago,1990-06-09T00:46:00Z,TX,48,0,0,0,10000,35.22,-101.55,0,0,1.2,80,1,1,65,0,0,0,FALSE,0,FALSE,0.05454545454545454,TRUE,3,Weak,South,4,0,2,1.0632911392405062,Night
17,1990,2,3,1990-02-03,18:45:00,America/Chicago,1990-02-04T00:45:00Z,AL,1,0,0,0,50000,33.25,-87.8,0,0,0.3,20,1,1,125,0,0,0,FALSE,0,FALSE,0.003409090909090909,TRUE,1,Weak,South,4.698970004336019,0,0,0.47368421052631576,Night
632,1972,8,27,1972-08-27,16:15:00,America/Chicago,1972-08-27T21:15:00Z,MA,25,2,0,0,50000,42.5,-72.5,0,0,1,100,1,1,11,0,0,0,FALSE,0,FALSE,0.056818181818181816,TRUE,3,Strong,Northeast,4.698970004336019,2,1,1.2,Evening
98,2007,3,1,2007-03-01,16:51:00,America/Chicago,2007-03-01T22:51:00Z,GA,13,0,0,0,100000,32.87,-83.81,32.86,-83.77,2.55,100,1,1,21,0,0,0,FALSE,0,FALSE,0.14488636363636362,TRUE,2,Weak,South,5,0,10,1.075,Evening
692,2006,6,23,2006-06-23,12:52:00,America/Chicago,2006-06-23T17:52:00Z,ND,38,0,0,0,10000,48.83,-99.6,48.85,-99.48,6,25,1,1,79,95,0,0,FALSE,0,FALSE,0.08522727272727272,TRUE,3,Weak,Midwest,4,0,0,0.14285714285714285,Afternoon
165,1952,6,15,1952-06-15,19:02:00,America/Chicago,1952-06-16T00:02:00Z,NE,31,1,0,0,5000,42.48,-98.67,0,0,1,10,1,1,89,0,0,0,FALSE,0,FALSE,0.005681818181818182,TRUE,3,Weak,Midwest,3.6989700043360187,1,0,1.5555555555555556,Night
520,2001,11,14,2001-11-14,09:17:00,America/Chicago,2001-11-14T15:17:00Z,TX,48,0,0,0,10000,33.6,-102.1,33.6,-102.1,0.1,20,1,1,303,0,0,0,FALSE,0,FALSE,0.0011363636363636365,TRUE,4,Weak,South,4,0,0,0.45255474452554745,Afternoon
862,1980,10,28,1980-10-28,11:30:00,America/Chicago,1980-10-28T17:30:00Z,FL,12,1,0,0,50000,29.53,-82.4,0,0,1,30,1,1,1,0,0,0,FALSE,0,FALSE,0.017045454545454544,TRUE,4,Weak,South,4.698970004336019,1,1,0.7166666666666667,Afternoon
268,1976,4,15,1976-04-15,19:00:00,America/Chicago,1976-04-16T01:00:00Z,NE,31,2,0,0,500000,40.37,-98.1,40.38,-97.88,11.1,100,1,1,35,0,0,0,FALSE,0,FALSE,0.6306818181818181,TRUE,2,Strong,Midwest,5.698970004336019,2,0,0.64,Night
288,1970,6,11,1970-06-11,19:15:00,America/Chicago,1970-06-12T00:15:00Z,KS,20,0,0,0,10000,38.8,-99.4,0,0,0.1,10,1,1,51,0,0,0,FALSE,0,FALSE,5.681818181818183e-4,TRUE,3,Weak,Midwest,4,0,0,1,Night
491,2000,7,25,2000-07-25,13:10:00,America/Chicago,2000-07-25T18:10:00Z,SD,46,0,0,0,10000,45.08,-97.5,45.08,-97.5,0.1,10,1,1,29,0,0,0,FALSE,0,FALSE,5.681818181818183e-4,TRUE,3,Weak,Midwest,4,0,0,0.2777777777777778,Evening
490,1969,8,8,1969-08-08,20:25:00,America/Chicago,1969-08-09T01:25:00Z,IA,19,1,0,0,50000,42.52,-96.38,42.47,-96.33,3,27,1,1,193,0,0,0,FALSE,0,FALSE,0.04602272727272727,TRUE,3,Weak,Midwest,4.698970004336019,1,0,1.2857142857142858,Night
1107,1996,12,22,1996-12-22,11:00:00,America/Chicago,1996-12-22T17:00:00Z,CA,6,1,0,0,50000,33.92,-116.78,33.92,-116.78,0.1,25,1,1,65,0,0,0,FALSE,0,FALSE,0.0014204545454545455,TRUE,1,Weak,West,4.698970004336019,1,0,0.2727272727272727,Afternoon
589,1968,11,3,1968-11-03,17:00:00,America/Chicago,1968-11-03T23:00:00Z,MS,28,2,5,0,315000,31,-89.37,0,0,2,50,1,1,109,0,0,0,FALSE,5,FALSE,0.056818181818181816,TRUE,4,Strong,South,5.498310553789601,2,1,1.5238095238095237,Evening
380478,2012,4,14,2012-04-14,15:44:00,America/Chicago,2012-04-14T20:44:00Z,KS,20,0,0,0,10000,37.4936,-98.7056,37.5176,-98.6776,2.3,100,1,1,151,0,0,0,FALSE,0,FALSE,0.13068181818181818,TRUE,2,Weak,Midwest,4,0,1,0.6236559139784946,Evening
586968,2015,5,27,2015-05-27,15:21:00,America/Chicago,2015-05-27T20:21:00Z,KS,20,0,0,0,10000,38.3618,-100.483,38.3715,-100.492,0.83,75,1,1,101,0,0,0,FALSE,0,FALSE,0.035369318181818175,TRUE,2,Weak,Midwest,4,0,0,0.4365079365079365,Evening
278,1978,5,17,1978-05-17,18:00:00,America/Chicago,1978-05-17T23:00:00Z,WY,56,0,0,0,10000,41.15,-105.32,0,0,0.1,10,1,1,21,0,0,0,TRUE,0,FALSE,5.681818181818183e-4,TRUE,2,Weak,West,4,0,0,0.8571428571428571,Evening
834,2006,8,24,2006-08-24,18:18:00,America/Chicago,2006-08-24T23:18:00Z,SD,46,2,0,0,2000000,44.32,-98.17,44.25,-98.07,7,300,1,1,5,0,0,0,FALSE,0,FALSE,1.1931818181818181,TRUE,3,Strong,Midwest,6.301029995663981,2,0,0.5925925925925926,Evening
977,2000,6,4,2000-06-04,19:25:00,America/Chicago,2000-06-05T00:25:00Z,OK,40,0,0,0,10000,36.5,-95.92,36.5,-95.92,0.2,50,1,1,147,0,0,0,FALSE,0,FALSE,0.005681818181818182,TRUE,3,Weak,South,4,0,0,0.4186046511627907,Night
636,1974,6,20,1974-06-20,15:30:00,America/Chicago,1974-06-20T20:30:00Z,WY,56,1,0,0,5000,44.5,-107.72,0,0,0.1,10,1,1,3,0,0,0,FALSE,0,FALSE,5.681818181818183e-4,TRUE,3,Weak,West,3.6989700043360187,1,0,1,Evening
378,1985,6,4,1985-06-04,16:45:00,America/Chicago,1985-06-04T21:45:00Z,FL,12,1,0,0,500000,27.22,-81.87,0,0,0.5,10,1,1,27,0,0,0,FALSE,0,FALSE,0.002840909090909091,TRUE,3,Weak,South,5.698970004336019,1,2,0.5428571428571428,Evening
519,2001,11,3,2001-11-03,13:15:00,America/Chicago,2001-11-03T19:15:00Z,TX,48,0,0,0,10000,33.73,-101.75,33.73,-101.75,0.1,20,1,1,303,0,0,0,FALSE,0,FALSE,0.0011363636363636365,TRUE,4,Weak,South,4,0,0,0.45255474452554745,Evening
478,1982,5,24,1982-05-24,20:50:00,America/Chicago,1982-05-25T01:50:00Z,TX,48,0,0,0,50,33.63,-95.57,0,0,0.2,10,1,1,277,0,0,0,FALSE,0,FALSE,0.0011363636363636365,TRUE,2,Weak,South,1.6989700043360187,0,14,0.8514851485148515,Night
47,1955,3,22,1955-03-22,16:00:00,America/Chicago,1955-03-22T22:00:00Z,VT,50,2,0,0,50000,43,-73.2,0,0,0.1,30,1,1,3,0,0,0,FALSE,0,FALSE,0.0017045454545454545,TRUE,2,Strong,Northeast,4.698970004336019,2,0,2,Evening
190,1978,5,6,1978-05-06,01:00:00,America/Chicago,1978-05-06T06:00:00Z,OK,40,1,0,0,500000,36.87,-97.92,0,0,2,40,1,1,53,0,0,0,FALSE,0,FALSE,0.045454545454545456,TRUE,2,Weak,South,5.698970004336019,1,0,1.3333333333333333,Morning
1140,2010,10,26,2010-10-26,08:23:00,America/Chicago,2010-10-26T13:23:00Z,IN,18,0,0,0,75000,39.9094,-85.6428,39.9139,-85.6362,0.47,50,1,1,59,0,0,0,FALSE,0,FALSE,0.013352272727272727,TRUE,4,Weak,Midwest,4.8750612633917,0,0,0.5185185185185185,Afternoon
108,1958,4,24,1958-04-24,17:15:00,America/Chicago,1958-04-24T23:15:00Z,WA,53,0,0,0,50,46.2,-118.6,0,0,45,17,1,1,71,0,0,0,FALSE,0,FALSE,0.4346590909090909,TRUE,2,Weak,West,1.6989700043360187,0,0,1,Evening
413,1984,5,18,1984-05-18,18:50:00,America/Chicago,1984-05-18T23:50:00Z,MI,26,0,0,0,500,42.53,-84.9,0,0,0.2,17,1,1,45,0,0,0,FALSE,0,FALSE,0.001931818181818182,TRUE,2,Weak,Midwest,2.6989700043360187,0,0,1.3181818181818181,Evening
614551,2017,1,21,2017-01-21,11:50:00,America/Chicago,2017-01-21T17:50:00Z,GA,13,1,0,0,30000,32.444,-83.313,32.469,-83.245,4.32,100,1,1,23,0,0,0,FALSE,0,FALSE,0.24545454545454545,TRUE,1,Weak,South,4.477121254719663,1,16,0.7777777777777778,Afternoon
854,2003,6,14,2003-06-14,08:36:00,America/Chicago,2003-06-14T13:36:00Z,TX,48,0,0,0,10000,28.83,-95.92,28.83,-95.92,0.2,20,1,1,321,0,0,0,FALSE,0,FALSE,0.002272727272727273,TRUE,3,Weak,South,4,0,0,0.3419354838709677,Afternoon
618771,2020,4,8,2020-04-08,20:13:00,America/Chicago,2020-04-09T01:13:00Z,IN,18,0,0,0,20000,38.958,-84.9579,38.9372,-84.864,5.25,200,1,1,115,0,0,0,FALSE,0,FALSE,0.5965909090909091,TRUE,2,Weak,Midwest,4.301029995663981,0,0,0.3333333333333333,Night
1381,2004,6,10,2004-06-10,22:05:00,America/Chicago,2004-06-11T03:05:00Z,NE,31,0,0,0,40000,41.13,-98.72,41.15,-98.72,1,100,1,1,93,0,0,0,FALSE,0,FALSE,0.056818181818181816,TRUE,3,Weak,Midwest,4.6020599913279625,0,1,0.3153153153153153,Night
592041,2015,6,21,2015-06-21,19:40:00,America/Chicago,2015-06-22T00:40:00Z,SD,46,0,0,0,10000,45.547,-102.4,45.522,-102.35,2.97,100,1,1,105,0,0,0,FALSE,0,FALSE,0.16875,TRUE,3,Weak,Midwest,4,0,0,0.25,Night
111,1985,4,21,1985-04-21,18:27:00,America/Chicago,1985-04-22T00:27:00Z,NE,31,1,0,0,500,42.13,-97.53,0,0,0.5,20,1,1,139,0,0,0,FALSE,0,FALSE,0.005681818181818182,TRUE,2,Weak,Midwest,2.6989700043360187,1,0,0.8235294117647058,Night
345,1975,5,8,1975-05-08,21:48:00,America/Chicago,1975-05-09T02:48:00Z,AL,1,1,0,0,50000,34.17,-86.17,0,0,0.1,10,1,1,95,0,0,0,FALSE,0,FALSE,5.681818181818183e-4,TRUE,2,Weak,South,4.698970004336019,1,2,1.1764705882352942,Night
136,1989,4,23,1989-04-23,19:30:00,America/Chicago,1989-04-24T00:30:00Z,NE,31,1,0,0,50000,40.25,-99,0,0,0.8,40,1,1,61,0,0,0,FALSE,0,FALSE,0.018181818181818184,TRUE,2,Weak,Midwest,4.698970004336019,1,0,0.36585365853658536,Night
577016,2015,6,11,2015-06-11,16:25:00,America/Chicago,2015-06-11T21:25:00Z,IL,17,1,0,0,50000,41.266,-90.7081,41.3137,-90.6128,5.94,50,1,1,131,0,0,0,FALSE,0,FALSE,0.16875,TRUE,3,Weak,Midwest,4.698970004336019,1,2,0.7313432835820896,Evening
620,1979,8,9,1979-08-09,16:30:00,America/Chicago,1979-08-09T21:30:00Z,WI,55,0,0,0,10000,43.63,-89.65,0,0,0.1,10,1,1,111,0,0,0,FALSE,0,FALSE,5.681818181818183e-4,TRUE,3,Weak,Midwest,4,0,1,0.8333333333333334,Evening
366,1992,6,13,1992-06-13,18:00:00,America/Chicago,1992-06-13T23:00:00Z,TX,48,0,0,0,10000,33.3,-102.2,33.3,-102.1,3.5,80,1,1,445,0,0,0,FALSE,0,FALSE,0.1590909090909091,TRUE,3,Weak,South,4,0,0,0.5185185185185185,Evening
498,1993,6,9,1993-06-09,16:15:00,America/Chicago,1993-06-09T21:15:00Z,OK,40,1,0,0,500000,36.05,-95.78,0,0,0.1,50,1,1,143,0,0,0,FALSE,0,FALSE,0.002840909090909091,TRUE,3,Weak,South,5.698970004336019,1,7,0.421875,Evening
450681,2013,5,29,2013-05-29,17:05:00,America/Chicago,2013-05-29T22:05:00Z,NE,31,0,0,0,10000,41.3161,-98.7156,41.3161,-98.7156,0.01,15,1,1,93,0,0,0,FALSE,0,FALSE,8.522727272727272e-5,TRUE,2,Weak,Midwest,4,0,0,0.5,Evening
247,1974,4,4,1974-04-04,03:25:00,America/Chicago,1974-04-04T08:25:00Z,WV,54,1,0,0,50000,37.77,-81.17,0,0,0.1,10,1,1,1,0,0,0,FALSE,0,FALSE,5.681818181818183e-4,TRUE,2,Weak,South,4.698970004336019,1,1,1.5,Morning
1125,1999,6,5,1999-06-05,16:58:00,America/Chicago,1999-06-05T21:58:00Z,NE,31,0,0,0,10000,42.77,-102.33,42.77,-102.33,1,50,1,1,161,0,0,0,FALSE,0,FALSE,0.028409090909090908,TRUE,3,Weak,Midwest,4,0,0,0.35294117647058826,Evening
382,1983,5,20,1983-05-20,13:40:00,America/Chicago,1983-05-20T18:40:00Z,TX,48,0,0,0,5000000,29.92,-94.25,0,0,1,100,1,1,245,0,0,0,FALSE,0,FALSE,0.056818181818181816,TRUE,2,Weak,South,6.698970004336019,0,8,0.5268817204301075,Evening
618410,2019,10,8,2019-10-08,17:08:00,America/Chicago,2019-10-08T22:08:00Z,NM,35,1,0,0,50000,31.94,-107.86,31.9425,-107.8595,0.18,10,1,1,29,0,0,0,FALSE,0,FALSE,0.0010227272727272728,TRUE,4,Weak,West,4.698970004336019,1,0,0.47368421052631576,Evening
548,1990,6,2,1990-06-02,16:28:00,America/Chicago,1990-06-02T21:28:00Z,IN,18,0,0,0,5000,39.88,-87,0,0,0.2,30,1,1,121,0,0,0,FALSE,0,FALSE,0.003409090909090909,TRUE,3,Weak,Midwest,3.6989700043360187,0,8,1.1555555555555554,Evening
620,2007,5,23,2007-05-23,16:25:00,America/Chicago,2007-05-23T21:25:00Z,TX,48,0,0,0,10000,36.09,-100.64,36.09,-100.64,1,50,1,1,357,0,0,0,FALSE,0,FALSE,0.028409090909090908,TRUE,2,Weak,South,4,0,11,0.41919191919191917,Evening
21,2009,2,11,2009-02-11,16:59:00,America/Chicago,2009-02-11T22:59:00Z,VA,51,0,0,0,30000,36.99,-82.06,36.99,-82.06,4.2,200,1,1,167,0,0,0,FALSE,0,FALSE,0.4772727272727273,TRUE,1,Weak,South,4.477121254719663,0,0,0.4375,Evening
620700,2021,11,13,2021-11-13,14:44:00,America/Chicago,2021-11-13T20:44:00Z,CT,9,0,0,0,100000,41.2776,-72.7951,41.2944,-72.765,1.94,300,1,1,9,0,0,0,FALSE,0,FALSE,0.33068181818181813,TRUE,4,Weak,Northeast,5,0,0,0.125,Evening
238,1964,5,5,1964-05-05,17:15:00,America/Chicago,1964-05-05T22:15:00Z,KS,20,0,0,0,10000,37.68,-98.77,0,0,0.1,10,1,1,151,0,0,0,FALSE,0,FALSE,5.681818181818183e-4,TRUE,2,Weak,Midwest,4,0,4,1.053191489361702,Evening
490189,2014,2,20,2014-02-20,22:23:00,America/Chicago,2014-02-21T04:23:00Z,TN,47,1,0,0,50000,35.287,-85.992,35.3028,-85.9627,1.98,400,1,1,51,0,0,0,FALSE,0,FALSE,0.44999999999999996,TRUE,1,Weak,South,4.698970004336019,1,2,1.2,Night
1235,1998,8,23,1998-08-23,22:00:00,America/Chicago,1998-08-24T03:00:00Z,MT,30,0,0,0,200000,46.1,-107.53,46.07,-106.9,7,50,1,1,103,0,0,0,FALSE,0,FALSE,0.19886363636363635,TRUE,3,Weak,West,5.301029995663981,0,0,0.45454545454545453,Night
922,2003,5,4,2003-05-04,23:53:00,America/Chicago,2003-05-05T04:53:00Z,TN,47,3,1,0,750000,36.42,-87.35,36.4,-87.2,11.5,1000,1,1,125,0,0,0,FALSE,1,FALSE,6.53409090909091,TRUE,2,Strong,South,5.8750612633917,3,12,1.0444444444444445,Night
315,1960,5,24,1960-05-24,23:45:00,America/Chicago,1960-05-25T04:45:00Z,KS,20,2,0,0,500,39.43,-98.28,0,0,0.1,10,1,1,123,0,0,0,FALSE,0,FALSE,5.681818181818183e-4,TRUE,2,Strong,Midwest,2.6989700043360187,2,1,1.3833333333333333,Night
355,1953,8,1,1953-08-01,15:00:00,America/Chicago,1953-08-01T20:00:00Z,MO,29,1,0,0,5000,38.42,-91.08,38.48,-90.97,7.7,10,1,1,71,0,0,0,FALSE,0,FALSE,0.043750000000000004,TRUE,3,Weak,Midwest,3.6989700043360187,1,0,0.8333333333333334,Evening
153,2000,4,3,2000-04-03,13:23:00,America/Chicago,2000-04-03T18:23:00Z,AL,1,0,0,0,10000,33.02,-86.42,33,-86.43,1,30,1,1,37,0,0,0,FALSE,0,FALSE,0.017045454545454544,TRUE,2,Weak,South,4,0,13,0.7727272727272727,Evening
110,1959,5,1,1959-05-01,23:00:00,America/Chicago,1959-05-02T04:00:00Z,TX,48,1,0,0,50000,29.82,-98.9,0,0,0.1,10,1,1,259,0,0,0,FALSE,0,FALSE,5.681818181818183e-4,TRUE,2,Weak,South,4.698970004336019,1,6,1.069767441860465,Night
332,1966,6,25,1966-06-25,16:25:00,America/Chicago,1966-06-25T21:25:00Z,MN,27,0,0,0,50000,44.02,-92.58,0,0,0.1,10,1,1,109,0,0,0,FALSE,0,FALSE,5.681818181818183e-4,TRUE,3,Weak,Midwest,4.698970004336019,0,0,0.9130434782608695,Evening
461,2006,5,3,2006-05-03,17:09:00,America/Chicago,2006-05-03T22:09:00Z,KS,20,0,0,0,10000,37.62,-94.87,37.62,-94.87,0.1,30,1,1,37,0,0,0,FALSE,0,FALSE,0.0017045454545454545,TRUE,2,Weak,Midwest,4,0,0,0.25555555555555554,Evening
282,1970,6,11,1970-06-11,17:30:00,America/Chicago,1970-06-11T22:30:00Z,OK,40,2,0,0,50000,35.43,-96.27,0,0,0.1,100,1,1,107,0,0,0,FALSE,0,FALSE,0.005681818181818182,TRUE,3,Strong,South,4.698970004336019,2,7,1.12,Evening
360,1959,6,11,1959-06-11,00:40:00,America/Chicago,1959-06-11T05:40:00Z,SD,46,0,0,0,10000,43.43,-96.73,0,0,0.1,10,1,1,83,0,0,0,FALSE,0,FALSE,5.681818181818183e-4,TRUE,3,Weak,Midwest,4,0,0,1.2727272727272727,Night
366,1972,6,11,1972-06-11,14:55:00,America/Chicago,1972-06-11T19:55:00Z,MT,30,1,0,0,5000,48.77,-105.82,48.77,-105.58,10.4,50,1,1,19,0,0,0,FALSE,0,FALSE,0.29545454545454547,TRUE,3,Weak,West,3.6989700043360187,1,0,1.5,Evening
616755,2018,10,2,2018-10-02,13:32:00,America/Chicago,2018-10-02T18:32:00Z,PA,42,1,0,0,25000,41.692,-79.8419,41.6966,-79.7855,3,25,1,1,39,0,0,0,FALSE,0,FALSE,0.04261363636363636,TRUE,4,Weak,Northeast,4.3979400086720375,1,0,0.875,Evening
628,1984,6,17,1984-06-17,18:00:00,America/Chicago,1984-06-17T23:00:00Z,MN,27,0,0,0,10000,44.23,-92.77,0,0,0.1,10,1,1,49,0,0,0,FALSE,0,FALSE,5.681818181818183e-4,TRUE,3,Weak,Midwest,4,0,1,0.7037037037037037,Evening
1606,2008,9,26,2008-09-26,12:00:00,America/Chicago,2008-09-26T17:00:00Z,VA,51,0,0,0,2000,37.01,-77.04,37.01,-77.04,0.1,20,1,1,183,0,0,0,FALSE,0,FALSE,0.0011363636363636365,TRUE,4,Weak,South,3.3010299956639813,0,0,0.5128205128205128,Afternoon
616772,2018,10,2,2018-10-02,17:01:00,America/Chicago,2018-10-02T22:01:00Z,PA,42,1,0,0,50000,41.0158,-75.4114,41.0108,-75.3855,1.41,50,1,1,89,0,0,0,FALSE,0,FALSE,0.04005681818181818,TRUE,4,Weak,Northeast,4.698970004336019,1,0,0.875,Evening
615851,2017,11,5,2017-11-05,15:51:00,America/Chicago,2017-11-05T21:51:00Z,OH,39,2,0,0,150000,41.1777,-82.9741,41.1797,-82.9627,0.61,150,1,1,147,0,0,0,FALSE,0,FALSE,0.05198863636363636,TRUE,4,Strong,Midwest,5.176091259055681,2,0,0.7317073170731707,Evening
482,1962,6,28,1962-06-28,18:00:00,America/Chicago,1962-06-28T23:00:00Z,TX,48,2,0,0,315000,32.33,-97.33,0,0,1,27,1,1,251,0,0,0,FALSE,0,FALSE,0.01534090909090909,TRUE,3,Strong,South,5.498310553789601,2,1,1.027972027972028,Evening
617841,2019,5,27,2019-05-27,11:07:00,America/Chicago,2019-05-27T16:07:00Z,MN,27,0,0,0,10000,43.5837,-93.2778,43.5924,-93.279,0.6,50,1,1,47,0,0,0,FALSE,0,FALSE,0.017045454545454544,TRUE,2,Weak,Midwest,4,0,0,0.36538461538461536,Afternoon
142,1954,4,27,1954-04-27,02:00:00,America/Chicago,1954-04-27T07:00:00Z,OK,40,1,0,0,50000,34.73,-97.4,0,0,0.1,10,1,1,49,0,0,0,FALSE,0,FALSE,5.681818181818183e-4,TRUE,2,Weak,South,4.698970004336019,1,3,1.5,Morning
75,1954,3,25,1954-03-25,02:15:00,America/Chicago,1954-03-25T08:15:00Z,AR,5,1,0,0,50000,36.35,-94.28,0,0,0.5,440,1,1,7,0,0,0,FALSE,0,FALSE,0.125,TRUE,2,Weak,South,4.698970004336019,1,1,1.7692307692307692,Morning
861,1998,5,3,1998-05-03,14:13:00,America/Chicago,1998-05-03T19:13:00Z,IN,18,0,0,0,10000,41,-84.83,41,-84.83,0.1,30,1,1,3,0,0,0,FALSE,0,FALSE,0.0017045454545454545,TRUE,2,Weak,Midwest,4,0,0,0.6666666666666666,Evening
426458,2013,2,19,2013-02-19,16:00:00,America/Chicago,2013-02-19T22:00:00Z,CA,6,0,0,0,10000,39.2448,-122.256,39.243,-122.252,0.26,50,1,1,11,0,0,0,FALSE,0,FALSE,0.007386363636363636,TRUE,1,Weak,West,4,0,0,0,Evening
417,1978,6,12,1978-06-12,12:50:00,America/Chicago,1978-06-12T17:50:00Z,OH,39,1,0,0,50000,39.05,-84.05,0,0,0.5,17,1,1,25,0,0,0,FALSE,0,FALSE,0.004829545454545454,TRUE,3,Weak,Midwest,4.698970004336019,1,0,1.0555555555555556,Afternoon
344,1997,6,12,1997-06-12,14:19:00,America/Chicago,1997-06-12T19:19:00Z,CO,8,1,0,0,50000,39.53,-104.8,39.55,-104.77,1,50,1,1,35,0,0,0,FALSE,0,FALSE,0.028409090909090908,TRUE,3,Weak,West,4.698970004336019,1,0,0.3191489361702128,Evening
225,1990,4,25,1990-04-25,21:55:00,America/Chicago,1990-04-26T02:55:00Z,TX,48,1,0,0,50000,32.67,-97.9,0,0,0.2,10,1,1,367,0,0,0,FALSE,0,FALSE,0.0011363636363636365,TRUE,2,Weak,South,4.698970004336019,1,2,1.0632911392405062,Night
185,1985,5,1,1985-05-01,17:55:00,America/Chicago,1985-05-01T22:55:00Z,AL,1,0,0,0,5000,30.23,-87.78,0,0,0.1,10,1,1,3,0,0,0,FALSE,0,FALSE,5.681818181818183e-4,TRUE,2,Weak,South,3.6989700043360187,0,1,1.2380952380952381,Evening
644,1971,7,18,1971-07-18,20:20:00,America/Chicago,1971-07-19T01:20:00Z,IL,17,1,0,0,50000,40.43,-90.7,0,0,0.1,10,1,1,109,0,0,0,FALSE,0,FALSE,5.681818181818183e-4,TRUE,3,Weak,Midwest,4.698970004336019,1,1,1.2,Night
352,1982,5,13,1982-05-13,16:30:00,America/Chicago,1982-05-13T21:30:00Z,TX,48,1,0,0,500000,29.3,-94.82,0,0,0.6,30,1,1,167,0,0,0,FALSE,0,FALSE,0.010227272727272725,TRUE,2,Weak,South,5.698970004336019,1,14,0.8514851485148515,Evening
803,2007,7,3,2007-07-03,16:29:00,America/Chicago,2007-07-03T21:29:00Z,CO,8,0,0,0,10000,39.3,-102.94,39.3,-102.94,0.5,10,1,1,63,0,0,0,FALSE,0,FALSE,0.002840909090909091,TRUE,3,Weak,West,4,0,2,0.12727272727272726,Evening
619579,2020,11,10,2020-11-10,15:00:00,America/Chicago,2020-11-10T21:00:00Z,IL,17,1,0,0,50000,41.8512,-89.9391,41.9094,-89.9101,4.28,100,1,1,195,0,0,0,FALSE,0,FALSE,0.2431818181818182,TRUE,4,Weak,Midwest,4.698970004336019,1,0,0.7301587301587301,Evening
921,1992,8,8,1992-08-08,16:20:00,America/Chicago,1992-08-08T21:20:00Z,PA,42,2,0,0,50000,41.07,-80.35,0,0,2,150,1,1,73,0,0,0,FALSE,0,FALSE,0.17045454545454544,TRUE,3,Strong,Northeast,4.698970004336019,2,0,0.967741935483871,Evening
977,2008,5,29,2008-05-29,19:16:00,America/Chicago,2008-05-30T00:16:00Z,KS,20,1,0,0,15000,39.39,-98.58,39.47,-98.31,15.96,400,1,1,141,123,0,0,FALSE,0,FALSE,3.6272727272727274,TRUE,2,Weak,Midwest,4.176091259055681,1,4,0.518918918918919,Night
713,2008,5,11,2008-05-11,04:58:00,America/Chicago,2008-05-11T09:58:00Z,GA,13,1,0,0,900000,32.36,-82.8,32.36,-82.79,0.39,200,1,1,175,0,0,0,FALSE,0,FALSE,0.04431818181818182,TRUE,2,Weak,South,5.954242509439325,1,5,1.0161290322580645,Morning
171,2004,5,31,2004-05-31,03:29:00,America/Chicago,2004-05-31T08:29:00Z,AL,1,0,0,0,500000,33.4,-86.87,33.32,-86.78,4.2,150,1,1,73,0,0,0,FALSE,0,FALSE,0.35795454545454547,TRUE,2,Weak,South,5.698970004336019,0,1,0.45454545454545453,Morning
674,1994,6,30,1994-06-30,12:00:00,America/Chicago,1994-06-30T17:00:00Z,SC,45,0,0,0,10000,32.47,-80.73,0,0,0.1,10,1,1,13,0,0,0,FALSE,0,FALSE,5.681818181818183e-4,TRUE,3,Weak,South,4,0,1,1.0512820512820513,Afternoon
347,1975,5,9,1975-05-09,12:55:00,America/Chicago,1975-05-09T17:55:00Z,FL,12,1,0,0,50000,28.07,-81.78,0,0,2.5,50,1,1,105,0,0,0,FALSE,0,FALSE,0.07102272727272727,TRUE,2,Weak,South,4.698970004336019,1,2,0.6185567010309279,Afternoon
552506,2014,12,23,2014-12-23,16:27:00,America/Chicago,2014-12-23T22:27:00Z,MS,28,0,0,0,7000,32.0005,-88.4854,32.003,-88.4776,0.49,100,1,1,23,0,0,0,FALSE,0,FALSE,0.02784090909090909,TRUE,1,Weak,South,3.845098040014257,0,16,1.175,Evening
512,1988,9,17,1988-09-17,13:20:00,America/Chicago,1988-09-17T18:20:00Z,TX,48,0,0,0,10000,29.93,-101.17,0,0,0.2,10,1,1,465,0,0,0,FALSE,0,FALSE,0.0011363636363636365,TRUE,4,Weak,South,4,0,1,0.48314606741573035,Evening
616491,2018,7,14,2018-07-14,15:26:00,America/Chicago,2018-07-14T20:26:00Z,ND,38,0,0,0,10000,47.24,-102.19,47.2257,-102.1858,1.01,300,1,1,25,0,0,0,FALSE,0,FALSE,0.1721590909090909,TRUE,3,Weak,Midwest,4,0,1,0.5,Evening
51,2005,4,6,2005-04-06,06:40:00,America/Chicago,2005-04-06T11:40:00Z,LA,22,0,0,0,2000,30.95,-90.53,30.95,-90.53,0.2,20,1,1,105,0,0,0,FALSE,0,FALSE,0.002272727272727273,TRUE,2,Weak,South,3.3010299956639813,0,0,0.6521739130434783,Morning
614570,2017,1,21,2017-01-21,16:19:00,America/Chicago,2017-01-21T22:19:00Z,TX,48,1,0,0,250000,32.7724,-94.4179,32.784,-94.4163,0.81,100,1,1,315,0,0,0,FALSE,0,FALSE,0.04602272727272728,TRUE,1,Weak,South,5.3979400086720375,1,4,0.6467065868263473,Evening
628,1993,6,29,1993-06-29,14:31:00,America/Chicago,1993-06-29T19:31:00Z,IA,19,0,0,0,500,43.45,-95.77,0,0,0.2,23,1,1,143,0,0,0,FALSE,0,FALSE,0.0026136363636363636,TRUE,3,Weak,Midwest,2.6989700043360187,0,0,0.6666666666666666,Evening
44,2001,3,12,2001-03-12,07:20:00,America/Chicago,2001-03-12T13:20:00Z,LA,22,0,0,0,2000,30.93,-90.38,30.93,-90.38,0.2,20,1,1,105,0,0,0,FALSE,0,FALSE,0.002272727272727273,TRUE,2,Weak,South,3.3010299956639813,0,4,0.71875,Afternoon
293471,2011,5,23,2011-05-23,15:23:00,America/Chicago,2011-05-23T20:23:00Z,PA,42,2,0,0,50000,40.6521,-77.1909,40.6518,-77.1011,4.71,250,1,1,67,0,0,0,FALSE,0,FALSE,0.6690340909090909,TRUE,2,Strong,Northeast,4.698970004336019,2,0,0.9,Evening
375372,2012,4,27,2012-04-27,01:44:00,America/Chicago,2012-04-27T06:44:00Z,CO,8,2,0,0,25000,38.12,-102.77,38.29,-102.78,6.2,300,1,1,11,0,0,0,FALSE,0,FALSE,1.0568181818181819,TRUE,2,Strong,West,4.3979400086720375,2,0,0.3333333333333333,Morning
584,1957,6,19,1957-06-19,12:35:00,America/Chicago,1957-06-19T17:35:00Z,NH,33,2,1,0,50000,43.1,-70.8,0,0,0.2,77,1,1,15,0,0,0,FALSE,1,FALSE,0.008749999999999999,TRUE,3,Strong,Northeast,4.698970004336019,2,0,2,Afternoon
641,1991,5,22,1991-05-22,19:21:00,America/Chicago,1991-05-23T00:21:00Z,CO,8,0,0,0,10000,39.17,-103.88,0,0,0.2,10,1,1,39,0,0,0,FALSE,0,FALSE,0.0011363636363636365,TRUE,2,Weak,West,4,0,0,0.10526315789473684,Night
64,1990,2,16,1990-02-16,17:35:00,America/Chicago,1990-02-16T23:35:00Z,PA,42,1,0,0,500000,40.78,-77.8,40.8,-77.75,3,350,1,1,27,0,0,0,FALSE,0,FALSE,0.5965909090909091,TRUE,1,Weak,Northeast,5.698970004336019,1,0,0.7894736842105263,Evening
520,1959,9,17,1959-09-17,22:00:00,America/Chicago,1959-09-18T03:00:00Z,KS,20,1,0,0,50000,38.3,-99.4,0,0,0.1,10,1,1,145,0,0,0,FALSE,0,FALSE,5.681818181818183e-4,TRUE,4,Weak,Midwest,4.698970004336019,1,0,1.0153846153846153,Night
843,1971,12,10,1971-12-10,09:00:00,America/Chicago,1971-12-10T15:00:00Z,MS,28,3,0,0,5000,31.48,-89.73,0,0,0.1,17,1,1,65,0,0,0,FALSE,0,FALSE,9.65909090909091e-4,TRUE,1,Strong,South,3.6989700043360187,3,82,1.675,Afternoon
247,1960,5,18,1960-05-18,17:30:00,America/Chicago,1960-05-18T22:30:00Z,TX,48,0,0,0,10000,32.27,-98.82,0,0,0.6,33,1,1,133,0,0,0,FALSE,0,FALSE,0.01125,TRUE,2,Weak,South,4,0,3,1.025974025974026,Evening
425,1954,7,15,1954-07-15,20:30:00,America/Chicago,1954-07-16T01:30:00Z,SD,46,1,0,0,50000,44.38,-103.73,0,0,0.3,20,1,1,81,0,0,0,FALSE,0,FALSE,0.003409090909090909,TRUE,3,Weak,Midwest,4.698970004336019,1,0,1.9375,Night
227,1990,4,27,1990-04-27,13:00:00,America/Chicago,1990-04-27T18:00:00Z,MS,28,2,0,0,500000,31.87,-89.7,31.97,-89.78,5,100,1,1,127,0,0,0,FALSE,0,FALSE,0.28409090909090906,TRUE,2,Strong,South,5.698970004336019,2,3,1.1304347826086956,Evening
618650,2020,2,6,2020-02-06,09:55:00,America/Chicago,2020-02-06T15:55:00Z,NC,37,2,0,0,750000,35.177,-81.413,35.191,-81.261,8.66,150,1,1,45,71,0,0,FALSE,0,FALSE,0.7380681818181818,TRUE,1,Strong,South,5.8750612633917,2,2,0.717391304347826,Afternoon
422,1970,7,11,1970-07-11,16:00:00,America/Chicago,1970-07-11T21:00:00Z,FL,12,1,0,0,5000,27.17,-81.07,0,0,0.1,10,1,1,43,0,0,0,TRUE,0,FALSE,5.681818181818183e-4,TRUE,3,Weak,South,3.6989700043360187,1,0,0.9166666666666666,Evening
27,1991,1,29,1991-01-29,06:30:00,America/Chicago,1991-01-29T12:30:00Z,LA,22,1,0,0,500000,29.98,-90.23,0,0,0.3,200,1,1,51,0,0,0,FALSE,0,FALSE,0.03409090909090909,TRUE,1,Weak,South,5.698970004336019,1,0,0.7222222222222222,Afternoon
661,2001,4,10,2001-04-10,23:49:00,America/Chicago,2001-04-11T04:49:00Z,KS,20,0,0,0,10000,39.85,-98.7,39.88,-98.63,3.5,50,1,1,183,0,0,0,FALSE,0,FALSE,0.09943181818181818,TRUE,2,Weak,Midwest,4,0,1,0.3465346534653465,Night
1133,2008,6,7,2008-06-07,15:16:00,America/Chicago,2008-06-07T20:16:00Z,IA,19,0,0,0,10000,43.42,-93.3,43.43,-93.27,1.66,75,1,1,195,0,0,0,FALSE,0,FALSE,0.07073863636363635,TRUE,3,Weak,Midwest,4,0,9,0.5384615384615384,Evening
501,1981,6,21,1981-06-21,19:14:00,America/Chicago,1981-06-22T00:14:00Z,IL,17,1,0,0,5000000,40.35,-91.45,0,0,0.1,10,1,1,67,0,0,0,FALSE,0,FALSE,5.681818181818183e-4,TRUE,3,Weak,Midwest,6.698970004336019,1,1,0.8484848484848485,Night
458,2003,6,24,2003-06-24,20:12:00,America/Chicago,2003-06-25T01:12:00Z,SD,46,0,0,0,10000,43.43,-96.82,43.43,-96.82,0.8,50,1,1,83,0,0,0,FALSE,0,FALSE,0.022727272727272728,TRUE,3,Weak,Midwest,4,0,0,0.4691358024691358,Night
522,1966,9,28,1966-09-28,06:10:00,America/Chicago,1966-09-28T11:10:00Z,FL,12,1,0,0,500,27.5,-82.55,0,0,0.1,10,1,1,81,0,0,0,FALSE,0,FALSE,5.681818181818183e-4,TRUE,4,Weak,South,2.6989700043360187,1,11,0.8571428571428571,Morning
360,1976,5,7,1976-05-07,13:21:00,America/Chicago,1976-05-07T18:21:00Z,TX,48,1,1,0,500000,29.62,-95.2,29.77,-95.07,13.1,77,1,1,201,0,0,0,FALSE,1,FALSE,0.573125,TRUE,2,Weak,South,5.698970004336019,1,2,1.0786516853932584,Evening
889,1982,9,11,1982-09-11,21:00:00,America/Chicago,1982-09-12T02:00:00Z,LA,22,2,0,0,50000,30.23,-92.75,0,0,1,150,1,1,53,0,0,0,FALSE,0,FALSE,0.08522727272727272,TRUE,4,Strong,South,4.698970004336019,2,0,1.1794871794871795,Night
14,1991,1,15,1991-01-15,13:54:00,America/Chicago,1991-01-15T19:54:00Z,FL,12,1,1,0,5000000,26.02,-80.15,26.07,-80.1,3.5,60,1,1,11,0,0,0,FALSE,1,FALSE,0.11931818181818181,TRUE,1,Weak,South,6.698970004336019,1,0,0.17857142857142858,Evening
1293,1998,5,21,1998-05-21,15:30:00,America/Chicago,1998-05-21T20:30:00Z,UT,49,0,0,0,20000,41.12,-112.08,41.12,-112.08,0.1,30,1,1,11,0,0,0,FALSE,0,FALSE,0.0017045454545454545,TRUE,2,Weak,West,4.301029995663981,0,0,0.14285714285714285,Evening
134,2007,3,23,2007-03-23,19:24:00,America/Chicago,2007-03-24T00:24:00Z,NM,35,0,0,0,10000,34.14,-103.14,34.15,-103.15,0.57,70,1,1,41,0,0,0,FALSE,0,FALSE,0.022670454545454542,TRUE,2,Weak,West,4,0,2,0.22727272727272727,Night
619735,2021,3,23,2021-03-23,18:19:00,America/Chicago,2021-03-23T23:19:00Z,IA,19,0,0,0,10000,40.6762,-91.3471,40.6772,-91.3458,0.1,30,1,1,111,0,0,0,FALSE,0,FALSE,0.0017045454545454545,TRUE,2,Weak,Midwest,4,0,0,0.957983193277311,Evening
214,1957,4,22,1957-04-22,18:20:00,America/Chicago,1957-04-23T00:20:00Z,ND,38,2,0,0,5000,46.73,-103.2,0,0,0.5,800,1,1,89,0,0,0,FALSE,0,FALSE,0.22727272727272727,TRUE,2,Strong,Midwest,3.6989700043360187,2,10,1.4615384615384615,Night
773,1990,6,19,1990-06-19,22:05:00,America/Chicago,1990-06-20T03:05:00Z,KS,20,2,0,0,500000,37.7,-101.57,0,0,1.5,150,1,1,187,0,0,0,FALSE,0,FALSE,0.1278409090909091,TRUE,3,Strong,Midwest,5.698970004336019,2,2,0.6666666666666666,Night
384895,2012,5,1,2012-05-01,12:33:00,America/Chicago,2012-05-01T17:33:00Z,IN,18,0,0,0,3000,39.333,-87.1948,39.3332,-87.193,0.1,50,1,1,21,0,0,0,FALSE,0,FALSE,0.002840909090909091,TRUE,2,Weak,Midwest,3.4771212547196626,0,14,0.8888888888888888,Afternoon
830,2008,5,23,2008-05-23,18:07:00,America/Chicago,2008-05-23T23:07:00Z,KS,20,2,0,0,315000,38.49,-100.05,38.63,-100.02,11.8,1410,1,1,135,0,0,0,FALSE,0,FALSE,9.453409090909092,TRUE,2,Strong,Midwest,5.498310553789601,2,4,0.518918918918919,Evening
619329,2020,7,26,2020-07-26,02:32:00,America/Chicago,2020-07-26T07:32:00Z,TX,48,0,0,0,250000,25.8729,-97.4287,25.9222,-97.4355,3.43,50,1,1,61,0,0,0,FALSE,0,FALSE,0.09744318181818182,TRUE,3,Weak,South,5.3979400086720375,0,4,0.7142857142857143,Morning
21,1980,3,7,1980-03-07,17:30:00,America/Chicago,1980-03-07T23:30:00Z,TN,47,1,0,0,5000,35.67,-83.77,0,0,0.1,20,1,1,9,0,0,0,FALSE,0,FALSE,0.0011363636363636365,TRUE,2,Weak,South,3.6989700043360187,1,0,1.2777777777777777,Evening
284,1974,4,13,1974-04-13,17:52:00,America/Chicago,1974-04-13T22:52:00Z,TX,48,1,0,0,50000,31.72,-97.23,0,0,1,17,1,1,309,0,0,0,FALSE,0,FALSE,0.009659090909090909,TRUE,2,Weak,South,4.698970004336019,1,3,1.146551724137931,Evening
288,1977,5,18,1977-05-18,13:30:00,America/Chicago,1977-05-18T18:30:00Z,OK,40,2,0,0,500,36.82,-102.2,37,-102.02,16.1,50,1,1,25,0,0,0,FALSE,0,FALSE,0.45738636363636365,TRUE,2,Strong,South,2.6989700043360187,2,1,1.5555555555555556,Evening
720,2009,6,15,2009-06-15,19:37:00,America/Chicago,2009-06-16T00:37:00Z,NE,31,0,0,0,10000,40.7366,-98.73,40.7366,-98.73,0.1,20,1,1,19,0,0,0,FALSE,0,FALSE,0.0011363636363636365,TRUE,3,Weak,Midwest,4,0,0,0.4473684210526316,Night
325,1968,6,10,1968-06-10,19:25:00,America/Chicago,1968-06-11T00:25:00Z,IA,19,0,0,0,50000,42.48,-96.33,0,0,0.1,200,1,1,193,0,0,0,FALSE,0,FALSE,0.011363636363636364,TRUE,3,Weak,Midwest,4.698970004336019,0,18,1.36,Night
891,2006,9,21,2006-09-21,15:55:00,America/Chicago,2006-09-21T20:55:00Z,KS,20,0,0,0,10000,39.18,-97.72,39.18,-97.72,0.1,30,1,1,143,0,0,0,FALSE,0,FALSE,0.0017045454545454545,TRUE,4,Weak,Midwest,4,0,0,0.25555555555555554,Evening
640,1983,7,3,1983-07-03,18:00:00,America/Chicago,1983-07-03T23:00:00Z,WI,55,1,0,0,50000,43.83,-89.97,43.9,-89.85,6,50,1,1,57,1,0,0,FALSE,0,FALSE,0.17045454545454544,TRUE,3,Weak,Midwest,4.698970004336019,1,0,0.7419354838709677,Evening
1005,2008,5,30,2008-05-30,21:57:00,America/Chicago,2008-05-31T02:57:00Z,IN,18,0,0,0,61000,40.84,-84.8,40.84,-84.8,0.27,25,2,0,0,0,0,0,FALSE,0,FALSE,0.0038352272727272727,TRUE,2,Weak,Midwest,4.785329835010767,0,4,0.7,Night
619980,2021,5,12,2021-05-12,01:05:00,America/Chicago,2021-05-12T06:05:00Z,LA,22,0,0,0,25000,29.9492,-90.119,29.9475,-90.0331,5.14,125,1,1,71,0,0,0,FALSE,0,FALSE,0.3650568181818182,TRUE,2,Weak,South,4.3979400086720375,0,1,0.625,Morning
483,1959,8,17,1959-08-17,09:20:00,America/Chicago,1959-08-17T14:20:00Z,AZ,4,2,1,0,500000,32.6,-114.1,0,0,0.1,200,1,1,27,0,0,0,FALSE,1,FALSE,0.011363636363636364,TRUE,3,Strong,West,5.698970004336019,2,0,1.5,Afternoon
621,1983,7,1,1983-07-01,17:30:00,America/Chicago,1983-07-01T22:30:00Z,ND,38,1,0,0,50,47.55,-101.33,0,0,2,150,1,1,55,0,0,0,FALSE,0,FALSE,0.17045454545454544,TRUE,3,Weak,Midwest,1.6989700043360187,1,0,0.3076923076923077,Evening
492,1967,6,14,1967-06-14,19:58:00,America/Chicago,1967-06-15T00:58:00Z,NE,31,2,0,0,315000,40.98,-100.75,0,0,7,10,1,1,111,0,0,0,FALSE,0,FALSE,0.03977272727272727,TRUE,3,Strong,Midwest,5.498310553789601,2,0,1,Night
911,1999,4,21,1999-04-21,20:07:00,America/Chicago,1999-04-22T01:07:00Z,OK,40,1,1,0,30000,36.55,-97.42,36.57,-97.33,5,50,1,1,103,0,0,0,FALSE,1,FALSE,0.14204545454545453,TRUE,2,Weak,South,4.477121254719663,1,42,0.7163120567375887,Night
274,1958,6,16,1958-06-16,17:45:00,America/Chicago,1958-06-16T22:45:00Z,TX,48,1,0,0,5000,34.75,-102.57,34.78,-102.53,3.3,50,1,1,117,0,0,0,FALSE,0,FALSE,0.09374999999999999,TRUE,3,Weak,South,3.6989700043360187,1,1,1.0135135135135136,Evening
35,1971,2,7,1971-02-07,13:35:00,America/Chicago,1971-02-07T19:35:00Z,FL,12,3,0,0,500000,29.9,-81.55,29.92,-81.33,13.1,200,1,1,109,0,0,0,FALSE,0,FALSE,1.4886363636363635,TRUE,1,Strong,South,5.698970004336019,3,0,1.0677966101694916,Evening
278,1974,4,12,1974-04-12,21:30:00,America/Chicago,1974-04-13T02:30:00Z,LA,22,0,2,0,50000,29.98,-91.07,30,-91,4.5,17,1,1,7,0,0,0,FALSE,2,FALSE,0.04346590909090909,TRUE,2,Weak,South,4.698970004336019,0,2,1.0566037735849056,Night
621008,2022,3,6,2022-03-06,15:54:00,America/Chicago,2022-03-06T21:54:00Z,AR,5,0,0,0,10000,35.7242,-90.9893,35.7534,-90.9641,2.46,50,1,1,31,0,0,0,FALSE,0,FALSE,0.06988636363636364,TRUE,2,Weak,South,4,0,0,0.9,Evening
262,1971,5,8,1971-05-08,15:50:00,America/Chicago,1971-05-08T20:50:00Z,TX,48,2,0,0,315000,32.6,-102.12,0,0,1,440,1,1,115,0,0,0,FALSE,0,FALSE,0.25,TRUE,2,Strong,South,5.498310553789601,2,2,1.4293193717277486,Evening
260,1993,5,7,1993-05-07,17:20:00,America/Chicago,1993-05-07T22:20:00Z,SD,46,3,0,0,5000000,43.6,-97.3,43.7,-97.18,10,100,1,1,87,0,0,0,FALSE,0,FALSE,0.5681818181818181,TRUE,2,Strong,Midwest,6.698970004336019,3,0,0.8433734939759037,Evening
594,1984,6,13,1984-06-13,19:00:00,America/Chicago,1984-06-14T00:00:00Z,WY,56,2,1,0,500000,43,-104.67,43.03,-104.62,4,30,1,1,27,0,0,0,FALSE,1,FALSE,0.06818181818181818,TRUE,3,Strong,West,5.698970004336019,2,0,0.47368421052631576,Night
609,1995,5,31,1995-05-31,16:33:00,America/Chicago,1995-05-31T21:33:00Z,TX,48,0,0,0,10000,31.75,-100.07,0,0,6,50,1,1,399,0,0,0,FALSE,0,FALSE,0.17045454545454544,TRUE,2,Weak,South,4,0,6,0.354978354978355,Evening
289,1978,5,19,1978-05-19,18:50:00,America/Chicago,1978-05-19T23:50:00Z,TX,48,0,0,0,50000,34.02,-100.3,34.12,-100.2,8.9,50,1,1,101,0,0,0,FALSE,0,FALSE,0.2528409090909091,TRUE,2,Weak,South,4.698970004336019,0,1,0.4744525547445255,Evening
1108,1991,10,28,1991-10-28,04:45:00,America/Chicago,1991-10-28T10:45:00Z,OK,40,0,0,0,5000,36.2,-94.63,0,0,1.5,100,1,1,41,0,0,0,FALSE,0,FALSE,0.08522727272727272,TRUE,4,Weak,South,3.6989700043360187,0,2,0.958904109589041,Morning
385,1995,5,15,1995-05-15,13:53:00,America/Chicago,1995-05-15T18:53:00Z,SC,45,0,0,0,10000,34.38,-81.75,0,0,0.1,30,1,1,71,0,0,0,FALSE,0,FALSE,0.0017045454545454545,TRUE,2,Weak,South,4,0,0,0.6111111111111112,Evening
1356,2003,7,21,2003-07-21,18:40:00,America/Chicago,2003-07-21T23:40:00Z,NY,36,0,0,0,10000,42.38,-73.78,42.38,-73.78,0.5,60,1,1,21,0,0,0,FALSE,0,FALSE,0.017045454545454544,TRUE,3,Weak,Northeast,4,0,0,0.7222222222222222,Evening
3,1993,1,7,1993-01-07,19:00:00,America/Chicago,1993-01-08T01:00:00Z,CA,6,1,0,0,50000,39.42,-121.72,0,0,0.1,10,1,1,7,0,0,0,FALSE,0,FALSE,5.681818181818183e-4,TRUE,1,Weak,West,4.698970004336019,1,0,0.3076923076923077,Night
221,1974,4,3,1974-04-03,21:00:00,America/Chicago,1974-04-04T02:00:00Z,NY,36,1,0,0,50000,42.05,-79.17,0,0,0.2,50,1,1,13,0,0,0,FALSE,0,FALSE,0.005681818181818182,TRUE,2,Weak,Northeast,4.698970004336019,1,0,1.5,Night
614369,2016,9,15,2016-09-15,16:00:00,America/Chicago,2016-09-15T21:00:00Z,NE,31,0,0,0,10000,41.4261,-96.0976,41.4261,-96.0964,0.06,10,1,1,177,0,0,0,FALSE,0,FALSE,3.409090909090909e-4,TRUE,4,Weak,Midwest,4,0,0,0.3111111111111111,Evening
620486,2021,8,29,2021-08-29,05:25:00,America/Chicago,2021-08-29T10:25:00Z,MS,28,1,0,0,10000,30.3618,-89.36,30.3787,-89.3799,1.67,150,1,1,45,0,0,0,FALSE,0,FALSE,0.14232954545454543,TRUE,3,Weak,South,4,1,1,0.52,Morning
135,1956,4,8,1956-04-08,22:15:00,America/Chicago,1956-04-09T04:15:00Z,OK,40,3,0,0,500,36.25,-97.67,36.28,-97.53,7.7,400,1,1,47,0,0,0,FALSE,0,FALSE,1.75,TRUE,2,Strong,South,2.6989700043360187,3,7,1.3877551020408163,Night
506,2009,5,8,2009-05-08,20:25:00,America/Chicago,2009-05-09T01:25:00Z,VA,51,0,0,0,10000,36.9102,-82.0928,36.9102,-82.0928,0.1,20,1,1,167,0,0,0,FALSE,0,FALSE,0.0011363636363636365,TRUE,2,Weak,South,4,0,0,0.4375,Night
8,1960,1,28,1960-01-28,09:40:00,America/Chicago,1960-01-28T15:40:00Z,TX,48,1,0,0,5000,29.83,-93.83,0,0,2,33,1,1,245,0,0,0,FALSE,0,FALSE,0.0375,TRUE,1,Weak,South,3.6989700043360187,1,3,1.025974025974026,Afternoon
652,1985,10,28,1985-10-28,05:30:00,America/Chicago,1985-10-28T11:30:00Z,FL,12,1,1,0,5000000,30.37,-86.67,0,0,1,10,1,1,91,0,0,0,FALSE,1,FALSE,0.005681818181818182,TRUE,4,Weak,South,6.698970004336019,1,2,0.5428571428571428,Morning
228,1958,6,10,1958-06-10,16:55:00,America/Chicago,1958-06-10T21:55:00Z,MO,29,0,0,0,50,39.08,-92.75,0,0,0.2,10,1,1,89,0,0,0,FALSE,0,FALSE,0.0011363636363636365,TRUE,3,Weak,Midwest,1.6989700043360187,0,2,1.3225806451612903,Evening
394766,2012,6,18,2012-06-18,19:28:00,America/Chicago,2012-06-19T00:28:00Z,MI,26,1,0,0,60000,44.5861,-84.5354,44.5827,-84.5096,1.29,350,1,1,39,0,0,0,FALSE,0,FALSE,0.2565340909090909,TRUE,3,Weak,Midwest,4.778151250383644,1,0,1.3333333333333333,Night
794,1993,7,12,1993-07-12,16:30:00,America/Chicago,1993-07-12T21:30:00Z,SD,46,2,0,0,5000,44.4,-103.55,0,0,2,40,1,1,81,0,0,0,FALSE,0,FALSE,0.045454545454545456,TRUE,3,Strong,Midwest,3.6989700043360187,2,0,0.8433734939759037,Evening
588586,2015,4,8,2015-04-08,14:30:00,America/Chicago,2015-04-08T19:30:00Z,MO,29,1,0,0,50000,37.9446,-90.7992,37.9199,-90.7308,4.1,300,1,1,221,0,0,0,FALSE,0,FALSE,0.6988636363636362,TRUE,2,Weak,Midwest,4.698970004336019,1,0,0.5106382978723404,Evening
411,1966,7,20,1966-07-20,16:45:00,America/Chicago,1966-07-20T21:45:00Z,AL,1,1,0,0,50000,31.3,-85.35,0,0,1,10,1,1,69,0,0,0,FALSE,0,FALSE,0.005681818181818182,TRUE,3,Weak,South,4.698970004336019,1,0,1.2222222222222223,Evening
905,2004,5,21,2004-05-21,17:00:00,America/Chicago,2004-05-21T22:00:00Z,IA,19,1,0,0,30000,42.82,-94.6,42.8,-94.52,5,300,1,1,151,0,0,0,FALSE,0,FALSE,0.8522727272727272,TRUE,2,Weak,Midwest,4.477121254719663,1,0,0.425,Evening
550,1962,7,24,1962-07-24,15:00:00,America/Chicago,1962-07-24T20:00:00Z,SC,45,1,0,0,5000,33.7,-80.05,0,0,1,80,1,1,27,0,0,0,FALSE,0,FALSE,0.045454545454545456,TRUE,3,Weak,South,3.6989700043360187,1,0,0.9,Evening
669,1993,6,30,1993-06-30,19:50:00,America/Chicago,1993-07-01T00:50:00Z,MO,29,0,0,0,10000,40.47,-93.93,0,0,0.3,50,1,1,81,0,0,0,FALSE,0,FALSE,0.008522727272727272,TRUE,3,Weak,Midwest,4,0,0,0.4883720930232558,Night
817,1993,7,16,1993-07-16,22:01:00,America/Chicago,1993-07-17T03:01:00Z,NE,31,0,0,0,10000,42.68,-103.4,0,0,0.1,13,1,1,45,0,0,0,FALSE,0,FALSE,7.386363636363636e-4,TRUE,3,Weak,Midwest,4,0,0,0.8260869565217391,Night
145,1982,4,5,1982-04-05,15:00:00,America/Chicago,1982-04-05T21:00:00Z,GA,13,2,1,0,5000000,31.13,-84.95,31.13,-84.8,8,100,1,1,99,201,0,0,FALSE,1,FALSE,0.45454545454545453,TRUE,2,Strong,South,6.698970004336019,2,0,1,Evening
621785,2022,6,23,2022-06-23,18:30:00,America/Chicago,2022-06-23T23:30:00Z,KS,20,1,0,0,50000,38.87,-97.91,38.8702,-97.9083,0.1,50,1,1,169,0,0,0,FALSE,0,FALSE,0.002840909090909091,TRUE,3,Weak,Midwest,4.698970004336019,1,0,0.8518518518518519,Evening
207,1998,4,7,1998-04-07,19:11:00,America/Chicago,1998-04-08T00:11:00Z,IL,17,0,0,0,10000,39.77,-87.93,39.77,-87.93,0.2,30,1,1,45,0,0,0,FALSE,0,FALSE,0.003409090909090909,TRUE,2,Weak,Midwest,4,0,0,0.3939393939393939,Night
781,1978,12,8,1978-12-08,16:06:00,America/Chicago,1978-12-08T22:06:00Z,AL,1,0,0,0,10000,33.12,-87.62,0,0,0.3,20,1,1,125,0,0,0,FALSE,0,FALSE,0.003409090909090909,TRUE,1,Weak,South,4,0,0,0.9545454545454546,Evening
892,1983,12,5,1983-12-05,19:30:00,America/Chicago,1983-12-06T01:30:00Z,LA,22,0,0,0,50,31.98,-91.33,0,0,0.5,17,1,1,107,0,0,0,FALSE,0,FALSE,0.004829545454545454,TRUE,1,Weak,South,1.6989700043360187,0,5,1.78125,Night
194,1984,4,26,1984-04-26,17:53:00,America/Chicago,1984-04-26T23:53:00Z,OK,40,0,1,0,500000,35.8,-97.6,36.08,-96.97,39,10,1,1,83,119,0,0,FALSE,1,FALSE,0.2215909090909091,TRUE,2,Weak,South,5.698970004336019,0,13,0.9795918367346939,Evening
392063,2012,5,30,2012-05-30,18:35:00,America/Chicago,2012-05-30T23:35:00Z,KS,20,0,0,0,10000,38.0076,-99.895,38.0054,-99.8939,0.17,30,1,1,83,0,0,0,FALSE,0,FALSE,0.0028977272727272727,TRUE,2,Weak,Midwest,4,0,1,0.6236559139784946,Evening
587,1994,6,25,1994-06-25,06:35:00,America/Chicago,1994-06-25T11:35:00Z,FL,12,0,0,0,500000,30.17,-85.67,0,0,0.1,10,1,1,5,0,0,0,FALSE,0,FALSE,5.681818181818183e-4,TRUE,3,Weak,South,5.698970004336019,0,1,0.12987012987012986,Morning
1615,2008,10,8,2008-10-08,09:25:00,America/Chicago,2008-10-08T14:25:00Z,AL,1,0,0,0,50000,31.14,-86.47,31.16,-86.45,1.89,50,1,1,39,0,0,0,FALSE,0,FALSE,0.053693181818181814,TRUE,4,Weak,South,4.698970004336019,0,6,0.8494623655913979,Afternoon
125,1969,5,7,1969-05-07,13:18:00,America/Chicago,1969-05-07T18:18:00Z,CO,8,0,0,0,10000,40.6,-102.62,0,0,0.1,10,1,1,95,0,0,0,FALSE,0,FALSE,5.681818181818183e-4,TRUE,2,Weak,West,4,0,0,0.2,Evening
54,1993,3,12,1993-03-12,22:38:00,America/Chicago,1993-03-13T04:38:00Z,FL,12,1,3,0,5000000,28.9,-82.57,0,0,0.5,30,1,1,17,0,0,0,FALSE,3,FALSE,0.008522727272727272,TRUE,2,Weak,South,6.698970004336019,1,5,0.25882352941176473,Night
416518,2012,10,17,2012-10-17,21:46:00,America/Chicago,2012-10-18T02:46:00Z,MS,28,1,0,0,40000,32.9638,-90.6077,32.9613,-90.5826,1.46,100,1,1,53,0,0,0,FALSE,0,FALSE,0.08295454545454545,TRUE,4,Weak,South,4.6020599913279625,1,0,0.9375,Night
185,1999,8,17,1999-08-17,15:11:00,America/Chicago,1999-08-17T20:11:00Z,NE,31,0,0,0,10000,41.12,-102.08,41.12,-102.08,1,100,1,1,49,0,0,0,FALSE,0,FALSE,0.056818181818181816,TRUE,3,Weak,Midwest,4,0,0,0.35294117647058826,Evening
14,1985,3,3,1985-03-03,18:20:00,America/Chicago,1985-03-04T00:20:00Z,OK,40,1,12,0,500000,35.75,-97.37,0,0,0.1,10,1,1,83,0,0,0,FALSE,12,FALSE,5.681818181818183e-4,TRUE,2,Weak,South,5.698970004336019,1,0,0.6666666666666666,Night
265,1986,5,14,1986-05-14,14:33:00,America/Chicago,1986-05-14T19:33:00Z,KS,20,0,0,0,10000,37.52,-101.75,0,0,0.5,100,1,1,187,0,0,0,FALSE,0,FALSE,0.028409090909090908,TRUE,2,Weak,Midwest,4,0,0,0.53125,Evening
1138,1998,6,2,1998-06-02,17:53:00,America/Chicago,1998-06-02T22:53:00Z,NY,36,1,0,0,250000,42.58,-75.85,42.58,-75.85,0.3,100,1,1,17,0,0,0,FALSE,0,FALSE,0.017045454545454544,TRUE,3,Weak,Northeast,5.3979400086720375,1,0,1.3157894736842106,Evening
184,1977,5,2,1977-05-02,06:00:00,America/Chicago,1977-05-02T11:00:00Z,MS,28,2,0,0,50000,30.47,-88.5,30.52,-88.43,5.2,440,1,1,59,0,0,0,FALSE,0,FALSE,1.3,TRUE,2,Strong,South,4.698970004336019,2,2,1.7428571428571429,Morning
303011,2011,4,27,2011-04-27,12:36:00,America/Chicago,2011-04-27T17:36:00Z,MS,28,3,8,0,1500000,34.2084,-89.5653,34.3299,-89.3785,13.57,440,1,1,71,0,0,0,FALSE,8,FALSE,3.3925,TRUE,2,Strong,South,6.176091259055681,3,42,1.3404255319148937,Afternoon
1151,1993,11,13,1993-11-13,12:30:00,America/Chicago,1993-11-13T18:30:00Z,AR,5,0,0,0,5000,34.12,-91.28,0,0,0.2,20,1,1,1,0,0,0,FALSE,0,FALSE,0.002272727272727273,TRUE,4,Weak,South,3.6989700043360187,0,0,0.7647058823529411,Evening
573113,2015,5,28,2015-05-28,14:14:00,America/Chicago,2015-05-28T19:14:00Z,KS,20,0,0,0,10000,38.43,-101.7,38.43,-101.7,0.5,20,1,1,71,0,0,0,FALSE,0,FALSE,0.005681818181818182,TRUE,2,Weak,Midwest,4,0,0,0.4365079365079365,Evening
1132,1995,10,27,1995-10-27,22:05:00,America/Chicago,1995-10-28T03:05:00Z,SC,45,1,0,0,50000,34.18,-79.42,34.22,-79.38,3,40,1,1,67,0,0,0,FALSE,0,FALSE,0.06818181818181818,TRUE,4,Weak,South,4.698970004336019,1,0,0.6111111111111112,Night
355037,2012,1,25,2012-01-25,10:32:00,America/Chicago,2012-01-25T16:32:00Z,TX,48,1,1,0,100000,31.912,-94.692,31.922,-94.67,1.46,175,1,1,401,0,0,0,FALSE,1,FALSE,0.14517045454545455,TRUE,1,Weak,South,5,1,0,0.30434782608695654,Afternoon
311603,2011,4,27,2011-04-27,04:17:00,America/Chicago,2011-04-27T09:17:00Z,AL,1,3,0,0,9280000,33.163,-87.3716,33.296,-87.0594,20.26,200,1,1,125,73,0,0,FALSE,0,FALSE,2.3022727272727272,TRUE,2,Strong,South,6.967547976218862,3,237,1.3014705882352942,Morning
148,2008,2,6,2008-02-06,00:06:00,America/Chicago,2008-02-06T06:06:00Z,KY,21,2,0,0,15000,37.69,-85.06,37.69,-85.05,0.99,250,1,1,229,0,0,0,FALSE,0,FALSE,0.140625,TRUE,1,Strong,South,4.176091259055681,2,7,1.2285714285714286,Morning
614554,2017,1,21,2017-01-21,12:20:00,America/Chicago,2017-01-21T18:20:00Z,GA,13,0,0,0,12000,32.671,-82.915,32.686,-82.882,2.18,85,1,1,175,0,0,0,FALSE,0,FALSE,0.10528409090909091,TRUE,1,Weak,South,4.079181246047625,0,16,0.7777777777777778,Evening
587,1998,8,3,1998-08-03,14:19:00,America/Chicago,1998-08-03T19:19:00Z,TX,48,1,0,0,50000,32.73,-95.12,32.77,-95.12,0.7,30,1,1,459,0,0,0,FALSE,0,FALSE,0.01193181818181818,TRUE,3,Weak,South,4.698970004336019,1,2,0.39166666666666666,Evening
337,1990,5,15,1990-05-15,16:50:00,America/Chicago,1990-05-15T21:50:00Z,OK,40,1,0,0,50000,35.88,-98.22,0,0,0.1,20,1,1,11,0,0,0,FALSE,0,FALSE,0.0011363636363636365,TRUE,2,Weak,South,4.698970004336019,1,1,1.4666666666666666,Evening
228,1968,5,15,1968-05-15,22:30:00,America/Chicago,1968-05-16T03:30:00Z,IN,18,2,0,0,50000,40.38,-86.45,0,0,0.1,10,1,1,23,0,0,0,FALSE,0,FALSE,5.681818181818183e-4,TRUE,2,Strong,Midwest,4.698970004336019,2,1,1.6666666666666667,Night
738,1986,10,7,1986-10-07,12:23:00,America/Chicago,1986-10-07T17:23:00Z,TX,48,0,0,0,10000,26.2,-97.72,0,0,0.2,13,1,1,61,0,0,0,FALSE,0,FALSE,0.0014772727272727272,TRUE,4,Weak,South,4,0,3,0.3409090909090909,Afternoon
379,1982,5,15,1982-05-15,19:26:00,America/Chicago,1982-05-16T00:26:00Z,OK,40,0,0,0,50,34.97,-99.13,0,0,0.1,10,1,1,75,0,0,0,FALSE,0,FALSE,5.681818181818183e-4,TRUE,2,Weak,South,1.6989700043360187,0,3,1.0909090909090908,Night
391,1953,11,18,1953-11-18,21:30:00,America/Chicago,1953-11-19T03:30:00Z,OK,40,1,0,0,5000,36.8,-96.98,0,0,0.3,10,1,1,49,0,0,0,FALSE,0,FALSE,0.0017045454545454545,TRUE,4,Weak,South,3.6989700043360187,1,5,1.150943396226415,Night
957,2009,7,30,2009-07-30,16:01:00,America/Chicago,2009-07-30T21:01:00Z,TN,47,0,0,0,2000,35.6394,-89.5335,35.6396,-89.5309,0.14,50,1,1,97,0,0,0,FALSE,0,FALSE,0.003977272727272728,TRUE,3,Weak,South,3.3010299956639813,0,2,0.7391304347826086,Evening
563,1969,10,4,1969-10-04,16:10:00,America/Chicago,1969-10-04T21:10:00Z,FL,12,0,0,0,10000,27.2,-81.7,0,0,0.1,10,1,1,27,0,0,0,TRUE,0,FALSE,5.681818181818183e-4,TRUE,4,Weak,South,4,0,0,0.7931034482758621,Evening
644,1962,10,10,1962-10-10,08:30:00,America/Chicago,1962-10-10T13:30:00Z,WI,55,1,0,0,50000,44.33,-90.33,44.33,-90.25,3.3,400,1,1,53,0,0,0,FALSE,0,FALSE,0.7499999999999999,TRUE,4,Weak,Midwest,4.698970004336019,1,0,1.2222222222222223,Afternoon
856,1980,10,27,1980-10-27,10:50:00,America/Chicago,1980-10-27T16:50:00Z,LA,22,3,0,0,500000,31.83,-93.5,31.8,-93.42,5.6,500,1,1,85,0,0,0,FALSE,0,FALSE,1.590909090909091,TRUE,4,Strong,South,5.698970004336019,3,2,1.1875,Afternoon
297,2000,6,22,2000-06-22,10:38:00,America/Chicago,2000-06-22T15:38:00Z,FL,12,0,0,0,10000,25.85,-80.27,25.85,-80.27,0.2,10,1,1,25,0,0,0,FALSE,0,FALSE,0.0011363636363636365,TRUE,3,Weak,South,4,0,0,0.18181818181818182,Afternoon
118,1966,4,30,1966-04-30,09:30:00,America/Chicago,1966-04-30T14:30:00Z,MS,28,1,0,0,50000,34.38,-88.67,0,0,0.5,10,1,1,81,0,0,0,FALSE,0,FALSE,0.002840909090909091,TRUE,2,Weak,South,4.698970004336019,1,59,1.0833333333333333,Afternoon
552,1995,5,26,1995-05-26,17:00:00,America/Chicago,1995-05-26T22:00:00Z,CO,8,0,0,0,10000,38.07,-103.22,0,0,1,100,1,1,11,0,0,0,FALSE,0,FALSE,0.056818181818181816,TRUE,2,Weak,West,4,0,0,0.08333333333333333,Evening
422667,2013,1,30,2013-01-30,17:12:00,America/Chicago,2013-01-30T23:12:00Z,GA,13,0,0,0,1000,31.6405,-84.1608,31.6486,-84.1368,1.51,25,1,1,177,0,0,0,FALSE,0,FALSE,0.021448863636363637,TRUE,1,Weak,South,3,0,1,0.8235294117647058,Evening
166,1980,4,19,1980-04-19,21:00:00,America/Chicago,1980-04-20T03:00:00Z,MI,26,1,0,0,5000,43.1,-84.52,0,0,0.1,10,1,1,37,0,0,0,FALSE,0,FALSE,5.681818181818183e-4,TRUE,2,Weak,Midwest,3.6989700043360187,1,5,0.9473684210526315,Night
248,1951,11,15,1951-11-15,20:00:00,America/Chicago,1951-11-16T02:00:00Z,AL,1,2,6,0,5000,34.83,-87.8,0,0,1.5,177,1,1,77,0,0,0,FALSE,6,FALSE,0.15085227272727272,TRUE,4,Strong,South,3.6989700043360187,2,0,2,Night
1585,2008,9,13,2008-09-13,14:18:00,America/Chicago,2008-09-13T19:18:00Z,AR,5,0,0,0,20000,33.03,-92.19,33.04,-92.19,0.5,40,1,1,139,0,0,0,FALSE,0,FALSE,0.011363636363636364,TRUE,4,Weak,South,4.301029995663981,0,21,0.9625,Evening
615047,2017,4,30,2017-04-30,03:20:00,America/Chicago,2017-04-30T08:20:00Z,LA,22,1,0,0,110000,30.9444,-92.2257,30.9524,-92.2205,0.63,95,1,1,9,0,0,0,FALSE,0,FALSE,0.03400568181818182,TRUE,2,Weak,South,5.041392685158225,1,3,0.9285714285714286,Morning
597306,2015,7,13,2015-07-13,18:59:00,America/Chicago,2015-07-13T23:59:00Z,IN,18,0,0,0,10000,40.5,-87.36,40.4996,-87.3582,0.1,50,1,1,7,0,0,0,FALSE,0,FALSE,0.002840909090909091,TRUE,3,Weak,Midwest,4,0,0,0.6190476190476191,Evening
69,1984,3,27,1984-03-27,17:15:00,America/Chicago,1984-03-27T23:15:00Z,TX,48,0,0,0,50000,33.27,-96.18,0,0,1,40,1,1,231,0,0,0,FALSE,0,FALSE,0.022727272727272728,TRUE,2,Weak,South,4.698970004336019,0,2,0.3118279569892473,Evening
276,1988,6,18,1988-06-18,16:05:00,America/Chicago,1988-06-18T21:05:00Z,TN,47,2,0,0,50000,35.08,-86.45,35,-86.35,7,73,1,1,103,0,0,0,FALSE,0,FALSE,0.2903409090909091,TRUE,3,Strong,South,4.698970004336019,2,6,1.7272727272727273,Evening
787,2002,7,8,2002-07-08,19:15:00,America/Chicago,2002-07-09T00:15:00Z,MT,30,0,0,0,10000,47.73,-107.32,47.73,-107.32,0.1,50,1,1,105,0,0,0,FALSE,0,FALSE,0.002840909090909091,TRUE,3,Weak,West,4,0,0,0.2727272727272727,Night
531080,2014,6,16,2014-06-16,22:36:00,America/Chicago,2014-06-17T03:36:00Z,WI,55,1,0,0,50000,42.8157,-89.7947,42.82,-89.7895,0.4,125,1,1,45,0,0,0,FALSE,0,FALSE,0.02840909090909091,TRUE,3,Weak,Midwest,4.698970004336019,1,0,1.0476190476190477,Night
239,1968,5,16,1968-05-16,15:15:00,America/Chicago,1968-05-16T20:15:00Z,OK,40,0,0,0,10000,34.07,-97.15,0,0,0.1,10,1,1,85,0,0,0,FALSE,0,FALSE,5.681818181818183e-4,TRUE,2,Weak,South,4,0,0,1.0727272727272728,Evening
615303,2017,5,23,2017-05-23,10:56:00,America/Chicago,2017-05-23T15:56:00Z,GA,13,1,0,0,50000,31.854,-84.2359,31.9811,-84.1345,10.63,100,1,1,177,261,0,0,FALSE,0,FALSE,0.6039772727272728,TRUE,2,Weak,South,4.698970004336019,1,16,0.7777777777777778,Afternoon
1033,2008,6,4,2008-06-04,11:25:00,America/Chicago,2008-06-04T16:25:00Z,VA,51,1,0,0,20000,39.07,-78.04,39.07,-78.03,0.54,100,1,1,43,0,0,0,FALSE,0,FALSE,0.03068181818181818,TRUE,3,Weak,South,4.301029995663981,1,0,0.5128205128205128,Afternoon
461834,2013,8,6,2013-08-06,23:38:00,America/Chicago,2013-08-07T04:38:00Z,WI,55,1,0,0,2000000,44.345,-88.415,44.299,-88.034,19.15,175,1,1,87,9,0,0,FALSE,0,FALSE,1.904119318181818,TRUE,3,Weak,Midwest,6.301029995663981,1,0,0.5333333333333333,Night
250,2001,6,20,2001-06-20,13:45:00,America/Chicago,2001-06-20T18:45:00Z,FL,12,0,0,0,10000,27.03,-82.13,27.03,-82.13,0.1,5,1,1,15,0,0,0,FALSE,0,FALSE,2.8409090909090913e-4,TRUE,3,Weak,South,4,0,2,0.37142857142857144,Evening
383913,2012,5,21,2012-05-21,19:37:00,America/Chicago,2012-05-22T00:37:00Z,TX,48,0,0,0,10000,35.3109,-102.73,35.3032,-102.733,0.57,100,1,1,359,0,0,0,FALSE,0,FALSE,0.03238636363636363,TRUE,2,Weak,South,4,0,0,0.30434782608695654,Night
1389,2004,7,7,2004-07-07,20:03:00,America/Chicago,2004-07-08T01:03:00Z,KS,20,0,0,0,10000,38.67,-99,38.67,-99.02,0.5,75,1,1,9,0,0,0,FALSE,0,FALSE,0.02130681818181818,TRUE,3,Weak,Midwest,4,0,0,0.4032258064516129,Night
496,1966,8,25,1966-08-25,22:10:00,America/Chicago,1966-08-26T03:10:00Z,OR,41,1,0,0,50000,43.77,-117.08,44.03,-116.97,19.1,100,1,1,45,0,0,0,FALSE,0,FALSE,1.0852272727272727,TRUE,3,Weak,West,4.698970004336019,1,0,0.3333333333333333,Night
618608,2020,1,11,2020-01-11,13:03:00,America/Chicago,2020-01-11T19:03:00Z,AL,1,0,0,0,10000,34.1749,-86.6197,34.1778,-86.619,0.21,80,1,1,43,0,0,0,FALSE,0,FALSE,0.009545454545454546,TRUE,1,Weak,South,4,0,5,0.8571428571428571,Evening
976,1999,5,9,1999-05-09,20:26:00,America/Chicago,1999-05-10T01:26:00Z,SD,46,0,0,0,10000,43.3,-100.67,43.3,-100.67,0.1,0,1,1,121,0,0,0,FALSE,0,FALSE,0,TRUE,2,Weak,Midwest,4,0,1,0.1951219512195122,Night
238,2008,3,3,2008-03-03,15:50:00,America/Chicago,2008-03-03T21:50:00Z,MS,28,1,0,0,150000,31.17,-90.78,0,0,1.5,250,1,1,5,0,0,0,FALSE,0,FALSE,0.21306818181818182,TRUE,2,Weak,South,5.176091259055681,1,3,0.7706422018348624,Evening
718,1980,8,4,1980-08-04,20:20:00,America/Chicago,1980-08-05T01:20:00Z,WI,55,1,0,0,500000,43.77,-88.45,0,0,0.4,67,1,1,39,0,0,0,FALSE,0,FALSE,0.015227272727272728,TRUE,3,Weak,Midwest,5.698970004336019,1,3,1.372093023255814,Night
456,1990,5,27,1990-05-27,18:15:00,America/Chicago,1990-05-27T23:15:00Z,LA,22,1,0,0,50000,29.95,-90,0,0,0.2,20,1,1,87,0,0,0,FALSE,0,FALSE,0.002272727272727273,TRUE,2,Weak,South,4.698970004336019,1,0,0.9027777777777778,Evening
990,2010,8,7,2010-08-07,16:02:00,America/Chicago,2010-08-07T21:02:00Z,FL,12,0,0,0,10000,26.332,-80.1537,26.349,-80.1313,1.82,30,1,1,99,0,0,0,FALSE,0,FALSE,0.03102272727272727,TRUE,3,Weak,South,4,0,0,0.10526315789473684,Evening
890,1990,7,15,1990-07-15,15:12:00,America/Chicago,1990-07-15T20:12:00Z,TX,48,0,0,0,10000,35.6,-101.38,0,0,1.2,60,1,1,65,0,0,0,FALSE,0,FALSE,0.0409090909090909,TRUE,3,Weak,South,4,0,2,1.0632911392405062,Evening
621635,2022,5,30,2022-05-30,12:55:00,America/Chicago,2022-05-30T17:55:00Z,SD,46,1,0,0,50000,43.781,-97.2186,43.7927,-97.2148,0.83,25,1,1,87,0,0,0,FALSE,0,FALSE,0.011789772727272727,TRUE,2,Weak,Midwest,4.698970004336019,1,0,0.9736842105263158,Afternoon
538,1995,5,24,1995-05-24,13:10:00,America/Chicago,1995-05-24T18:10:00Z,PA,42,0,0,0,50000,41.73,-80.15,0,0,1,20,1,1,39,0,0,0,FALSE,0,FALSE,0.011363636363636364,TRUE,2,Weak,Northeast,4.698970004336019,0,0,0.8333333333333334,Evening
621781,2022,6,23,2022-06-23,16:54:00,America/Chicago,2022-06-23T21:54:00Z,KS,20,1,0,0,50000,38.86,-98.58,38.8601,-98.5786,0.1,50,1,1,167,0,0,0,FALSE,0,FALSE,0.002840909090909091,TRUE,3,Weak,Midwest,4.698970004336019,1,0,0.8518518518518519,Evening
647,1996,7,17,1996-07-17,18:52:00,America/Chicago,1996-07-17T23:52:00Z,SD,46,2,0,0,200000,45.48,-97.85,45.5,-97.75,5,150,1,1,37,0,0,0,FALSE,0,FALSE,0.4261363636363636,TRUE,3,Strong,Midwest,5.301029995663981,2,0,0.3333333333333333,Evening
92,2002,5,1,2002-05-01,12:40:00,America/Chicago,2002-05-01T17:40:00Z,IL,17,0,0,0,10000,38.85,-89.35,38.87,-89.33,2.5,30,1,1,5,0,0,0,FALSE,0,FALSE,0.04261363636363636,TRUE,2,Weak,Midwest,4,0,4,0.7027027027027027,Afternoon
621275,2022,4,5,2022-04-05,14:18:00,America/Chicago,2022-04-05T19:18:00Z,SC,45,1,0,0,50000,33.0736,-81.0799,33.1125,-81.0357,3.73,250,1,1,9,0,0,0,FALSE,0,FALSE,0.5298295454545455,TRUE,2,Weak,South,4.698970004336019,1,0,0.72,Evening
265,2003,5,8,2003-05-08,05:04:00,America/Chicago,2003-05-08T10:04:00Z,OK,40,1,0,0,30000,34.88,-94.95,34.88,-94.88,4,100,1,1,79,0,0,0,FALSE,0,FALSE,0.22727272727272727,TRUE,2,Weak,South,4.477121254719663,1,0,0.6578947368421053,Morning
249,1970,5,30,1970-05-30,08:00:00,America/Chicago,1970-05-30T13:00:00Z,TX,48,1,0,0,50000,27.3,-97.8,27.42,-97.63,13.1,60,1,1,273,0,0,0,FALSE,0,FALSE,0.44659090909090904,TRUE,2,Weak,South,4.698970004336019,1,51,1.256198347107438,Afternoon
612004,2015,12,23,2015-12-23,18:16:00,America/Chicago,2015-12-24T00:16:00Z,MS,28,1,0,0,100000,34.6622,-88.6863,34.6856,-88.6233,3.93,80,1,1,117,0,0,0,FALSE,0,FALSE,0.17863636363636365,TRUE,1,Weak,South,5,1,11,0.7555555555555555,Night
888,1992,7,30,1992-07-30,15:00:00,America/Chicago,1992-07-30T20:00:00Z,OH,39,0,0,0,500000,40.98,-82.08,0,0,1,150,1,1,169,0,0,0,FALSE,0,FALSE,0.08522727272727272,TRUE,3,Weak,Midwest,5.698970004336019,0,0,0.9016393442622951,Evening
428677,2013,1,30,2013-01-30,03:25:00,America/Chicago,2013-01-30T09:25:00Z,TN,47,2,0,0,1000000,36.2208,-86.5461,36.248,-86.4722,4.53,150,1,1,189,0,0,0,FALSE,0,FALSE,0.3860795454545454,TRUE,1,Strong,South,6,2,0,0.5365853658536586,Morning
91,2003,4,24,2003-04-24,17:44:00,America/Chicago,2003-04-24T22:44:00Z,AR,5,1,0,0,50000,36.17,-92.33,36.2,-92.27,4.7,50,1,1,5,0,0,0,FALSE,0,FALSE,0.13352272727272727,TRUE,2,Weak,South,4.698970004336019,1,0,0.8524590163934426,Evening
67,2002,4,28,2002-04-28,01:29:00,America/Chicago,2002-04-28T06:29:00Z,MO,29,0,0,0,10000,36.35,-89.6,36.35,-89.6,0.1,70,1,1,143,0,0,0,FALSE,0,FALSE,0.003977272727272728,TRUE,2,Weak,Midwest,4,0,4,0.7857142857142857,Morning
802,1974,8,12,1974-08-12,19:15:00,America/Chicago,1974-08-13T00:15:00Z,IA,19,4,2,0,500000,41.75,-92.18,0,0,2,100,1,1,95,0,0,0,FALSE,2,FALSE,0.11363636363636363,TRUE,3,Violent,Midwest,5.698970004336019,4,3,1.5185185185185186,Night
364,1977,5,21,1977-05-21,20:30:00,America/Chicago,1977-05-22T01:30:00Z,SD,46,1,0,0,5000,45.02,-96.58,0,0,0.1,10,1,1,51,0,0,0,TRUE,0,FALSE,5.681818181818183e-4,TRUE,2,Weak,Midwest,3.6989700043360187,1,0,0.37037037037037035,Night
619210,2020,6,20,2020-06-20,19:09:00,America/Chicago,2020-06-21T00:09:00Z,SD,46,0,0,0,10000,45.0405,-98.0404,45.0395,-98.037,0.18,10,1,1,115,0,0,0,FALSE,0,FALSE,0.0010227272727272728,TRUE,3,Weak,Midwest,4,0,1,0.6521739130434783,Night
1681,2004,9,26,2004-09-26,23:40:00,America/Chicago,2004-09-27T04:40:00Z,GA,13,0,0,0,10000,32.45,-81.68,32.45,-81.68,0.5,35,1,1,31,0,0,0,FALSE,0,FALSE,0.009943181818181818,TRUE,4,Weak,South,4,0,1,0.45454545454545453,Night
286,2007,4,14,2007-04-14,23:45:00,America/Chicago,2007-04-15T04:45:00Z,GA,13,2,3,0,400000,32.42,-82.96,32.46,-82.86,6.03,200,1,1,175,0,0,0,FALSE,3,FALSE,0.6852272727272727,TRUE,2,Strong,South,5.6020599913279625,2,10,1.075,Night
1301,2003,7,6,2003-07-06,18:05:00,America/Chicago,2003-07-06T23:05:00Z,KS,20,0,0,0,10000,39.95,-101.7,39.95,-101.7,0.3,25,1,1,23,0,0,0,FALSE,0,FALSE,0.004261363636363636,TRUE,3,Weak,Midwest,4,0,11,0.5434782608695652,Evening
219,1973,4,21,1973-04-21,21:00:00,America/Chicago,1973-04-22T03:00:00Z,IL,17,2,0,0,50000,41.85,-88.1,0,0,0.2,10,1,1,31,0,0,0,FALSE,0,FALSE,0.0011363636363636365,TRUE,2,Strong,Midwest,4.698970004336019,2,0,0.8888888888888888,Night
467,1989,6,7,1989-06-07,06:14:00,America/Chicago,1989-06-07T11:14:00Z,TX,48,1,0,0,50000,32.45,-97.77,0,0,0.2,10,1,1,221,0,0,0,FALSE,0,FALSE,0.0011363636363636365,TRUE,3,Weak,South,4.698970004336019,1,1,0.7,Morning
556,2009,5,16,2009-05-16,14:24:00,America/Chicago,2009-05-16T19:24:00Z,NY,36,2,1,0,55000,42.73,-75.93,42.77,-75.67,5.66,150,1,1,23,53,0,0,FALSE,1,FALSE,0.4823863636363636,TRUE,2,Strong,Northeast,4.740362689494244,2,0,0.5555555555555556,Evening
71,1958,4,5,1958-04-05,22:00:00,America/Chicago,1958-04-06T04:00:00Z,AL,1,2,0,0,50000,34.7,-87.4,34.92,-87.03,25.6,100,1,1,79,83,0,0,FALSE,0,FALSE,1.4545454545454546,TRUE,2,Strong,South,4.698970004336019,2,1,1.4761904761904763,Night
222,1995,4,30,1995-04-30,20:55:00,America/Chicago,1995-05-01T01:55:00Z,MS,28,0,0,0,5000,34.13,-88.85,0,0,0.5,10,1,1,115,0,0,0,FALSE,0,FALSE,0.002840909090909091,TRUE,2,Weak,South,3.6989700043360187,0,1,0.6,Night
266,2000,5,4,2000-05-04,17:05:00,America/Chicago,2000-05-04T22:05:00Z,AR,5,1,0,0,50000,35.55,-91.5,35.57,-91.5,0.5,40,1,1,63,0,0,0,FALSE,0,FALSE,0.011363636363636364,TRUE,2,Weak,South,4.698970004336019,1,0,0.5945945945945946,Evening
478,2003,6,5,2003-06-05,11:35:00,America/Chicago,2003-06-05T16:35:00Z,ND,38,0,0,0,10000,46.1,-100.23,46.1,-100.23,0,20,1,1,29,0,0,0,FALSE,0,FALSE,0,TRUE,3,Weak,Midwest,4,0,0,0.16129032258064516,Afternoon
593,2004,10,6,2004-10-06,13:30:00,America/Chicago,2004-10-06T18:30:00Z,TX,48,0,0,0,10000,34.07,-98.65,34.07,-98.65,0.1,50,1,1,485,0,0,0,FALSE,0,FALSE,0.002840909090909091,TRUE,4,Weak,South,4,0,2,0.25280898876404495,Evening
807,1998,5,7,1998-05-07,17:15:00,America/Chicago,1998-05-07T22:15:00Z,SC,45,3,0,0,300000,33.88,-82.03,33.87,-81.95,5,880,1,1,37,0,0,0,FALSE,0,FALSE,2.5,TRUE,2,Strong,South,5.477121254719663,3,3,0.6428571428571429,Evening
847,1997,7,2,1997-07-02,16:00:00,America/Chicago,1997-07-02T21:00:00Z,MI,26,2,90,0,90000000,42.4,-83.25,42.38,-83.05,5,2500,1,1,163,0,0,0,FALSE,90,FALSE,7.102272727272727,TRUE,3,Strong,Midwest,7.954242509439325,2,2,1.1111111111111112,Evening
1307,1998,11,10,1998-11-10,01:58:00,America/Chicago,1998-11-10T07:58:00Z,MO,29,3,16,0,6000000,38.95,-92.33,38.95,-92.33,2,70,1,1,19,0,0,0,FALSE,16,FALSE,0.07954545454545454,TRUE,4,Strong,Midwest,6.778151250383644,3,0,0.4782608695652174,Morning
555,2003,7,20,2003-07-20,03:00:00,America/Chicago,2003-07-20T08:00:00Z,SD,46,0,0,0,10000,45.68,-97.75,45.68,-97.75,0.1,25,1,1,91,0,0,0,FALSE,0,FALSE,0.0014204545454545455,TRUE,3,Weak,Midwest,4,0,0,0.4691358024691358,Morning
476,1997,7,20,1997-07-20,18:20:00,America/Chicago,1997-07-20T23:20:00Z,MN,27,0,0,0,10000,43.9,-93.07,43.9,-93.07,0.1,23,1,1,147,0,0,0,FALSE,0,FALSE,0.0013068181818181818,TRUE,3,Weak,Midwest,4,0,1,0.5957446808510638,Evening
620460,2021,8,23,2021-08-23,11:10:00,America/Chicago,2021-08-23T16:10:00Z,MA,25,0,0,0,2000,42.4357,-71.5001,42.4357,-71.5001,0.1,50,1,1,17,0,0,0,FALSE,0,FALSE,0.002840909090909091,TRUE,3,Weak,Northeast,3.3010299956639813,0,0,0,Afternoon
173,1994,4,25,1994-04-25,17:15:00,America/Chicago,1994-04-25T22:15:00Z,SD,46,0,0,0,10000,43.72,-96.5,0,0,0.1,10,1,1,99,0,0,0,FALSE,0,FALSE,5.681818181818183e-4,TRUE,2,Weak,Midwest,4,0,0,0.1111111111111111,Evening
274,1983,5,13,1983-05-13,17:40:00,America/Chicago,1983-05-13T22:40:00Z,OK,40,1,0,0,500000,35.78,-98.65,35.82,-98.5,9,150,1,1,39,0,0,0,FALSE,0,FALSE,0.7670454545454545,TRUE,2,Weak,South,5.698970004336019,1,1,0.7777777777777778,Evening
312,1969,6,24,1969-06-24,16:20:00,America/Chicago,1969-06-24T21:20:00Z,WY,56,0,0,0,10000,44,-106,0,0,0.1,10,1,1,5,0,0,0,TRUE,0,FALSE,5.681818181818183e-4,TRUE,3,Weak,West,4,0,0,0.25,Evening
785,2000,5,23,2000-05-23,16:10:00,America/Chicago,2000-05-23T21:10:00Z,OH,39,1,0,0,180000,39.72,-82.35,39.72,-82.32,2,150,1,1,127,0,0,0,FALSE,0,FALSE,0.17045454545454544,TRUE,2,Weak,Midwest,5.2552725051033065,1,1,0.96,Evening
131,1991,3,26,1991-03-26,18:45:00,America/Chicago,1991-03-27T00:45:00Z,KS,20,4,5,0,50000000,37.97,-98.05,38.15,-97.95,13,300,1,1,155,0,0,0,FALSE,5,FALSE,2.215909090909091,TRUE,2,Violent,Midwest,7.698970004336019,4,19,0.5701754385964912,Night
344,2007,4,23,2007-04-23,19:04:00,America/Chicago,2007-04-24T00:04:00Z,TX,48,0,0,0,10000,32.4,-100.66,32.4,-100.65,0.58,50,1,1,353,0,0,0,FALSE,0,FALSE,0.016477272727272726,TRUE,2,Weak,South,4,0,11,0.41919191919191917,Night
538,1962,7,20,1962-07-20,16:00:00,America/Chicago,1962-07-20T21:00:00Z,OK,40,2,0,0,500,34.65,-99.55,0,0,0.1,10,1,1,65,0,0,0,FALSE,0,FALSE,5.681818181818183e-4,TRUE,3,Strong,South,2.6989700043360187,2,0,0.7761194029850746,Evening
925,1973,9,25,1973-09-25,16:20:00,America/Chicago,1973-09-25T21:20:00Z,KS,20,3,2,0,50000000,39.05,-97.58,39.9,-96.87,69.9,67,1,1,143,29,27,201,FALSE,2,FALSE,2.6609659090909097,TRUE,4,Strong,Midwest,7.698970004336019,3,6,1.490909090909091,Evening
620936,2021,12,31,2021-12-31,16:32:00,America/Chicago,2021-12-31T22:32:00Z,GA,13,1,0,0,50000,33.7372,-84.9998,33.7625,-84.9633,2.75,150,1,1,45,0,0,0,FALSE,0,FALSE,0.23437499999999997,TRUE,1,Weak,South,4.698970004336019,1,0,0.7021276595744681,Evening
157,1964,4,23,1964-04-23,15:46:00,America/Chicago,1964-04-23T21:46:00Z,TX,48,0,0,0,10000,31.78,-99.38,0,0,2,33,1,1,83,0,0,0,FALSE,0,FALSE,0.0375,TRUE,2,Weak,South,4,0,8,1.025974025974026,Evening
319,1953,6,27,1953-06-27,16:45:00,America/Chicago,1953-06-27T21:45:00Z,IA,19,1,0,0,50000,41.02,-95.08,0,0,0.1,100,1,1,137,0,0,0,FALSE,0,FALSE,0.005681818181818182,TRUE,3,Weak,Midwest,4.698970004336019,1,4,2.3043478260869565,Evening
692,1977,8,16,1977-08-16,18:20:00,America/Chicago,1977-08-16T23:20:00Z,MO,29,1,0,0,5000,37,-93.52,0,0,0.5,200,1,1,43,0,0,0,TRUE,0,FALSE,0.056818181818181816,TRUE,3,Weak,Midwest,3.6989700043360187,1,3,1.588235294117647,Evening
1373,2004,6,23,2004-06-23,18:46:00,America/Chicago,2004-06-23T23:46:00Z,WI,55,1,0,0,50000,44.3,-89.42,44.3,-89.38,1.5,25,1,1,97,0,0,0,FALSE,0,FALSE,0.02130681818181818,TRUE,3,Weak,Midwest,4.698970004336019,1,1,0.5555555555555556,Evening
827,1976,10,9,1976-10-09,02:30:00,America/Chicago,1976-10-09T07:30:00Z,SC,45,0,0,0,50000,34.73,-80.07,0,0,0.1,100,1,1,25,0,0,0,FALSE,0,FALSE,0.005681818181818182,TRUE,4,Weak,South,4.698970004336019,0,1,1.0714285714285714,Morning
620073,2021,5,26,2021-05-26,16:01:00,America/Chicago,2021-05-26T21:01:00Z,NE,31,1,0,0,50000,40.2448,-101.4356,40.2877,-101.3747,4.37,300,1,1,57,0,0,0,FALSE,0,FALSE,0.7448863636363636,TRUE,2,Weak,Midwest,4.698970004336019,1,0,0.9545454545454546,Evening
861,2003,5,7,2003-05-07,14:45:00,America/Chicago,2003-05-07T19:45:00Z,MS,28,0,0,0,30000,32.33,-88.93,32.33,-88.93,0.5,30,1,1,101,0,0,0,FALSE,0,FALSE,0.008522727272727272,TRUE,2,Weak,South,4.477121254719663,0,0,0.42,Evening
668,1976,7,2,1976-07-02,14:00:00,America/Chicago,1976-07-02T19:00:00Z,WY,56,2,0,0,500000,41.42,-106.38,0,0,2.5,433,1,1,7,0,0,0,FALSE,0,FALSE,0.6150568181818182,TRUE,3,Strong,West,5.698970004336019,2,0,0.5416666666666666,Evening
302768,2011,4,27,2011-04-27,10:20:00,America/Chicago,2011-04-27T15:20:00Z,AL,1,1,0,0,50000,34.6452,-87.079,34.6686,-86.9241,8.95,75,1,1,103,83,0,0,FALSE,0,FALSE,0.3813920454545454,TRUE,2,Weak,South,4.698970004336019,1,237,1.3014705882352942,Afternoon
633,1962,9,15,1962-09-15,18:45:00,America/Chicago,1962-09-15T23:45:00Z,SD,46,1,0,0,5000,43.35,-101.02,0,0,0.3,10,1,1,121,0,0,0,FALSE,0,FALSE,0.0017045454545454545,TRUE,4,Weak,Midwest,3.6989700043360187,1,0,1.3611111111111112,Evening
468,1997,7,18,1997-07-18,14:35:00,America/Chicago,1997-07-18T19:35:00Z,PA,42,1,0,0,50000,41.2,-77.38,41.17,-77.37,3.5,880,1,1,35,0,0,0,FALSE,0,FALSE,1.75,TRUE,3,Weak,Northeast,4.698970004336019,1,1,0.7142857142857143,Evening
330,1989,5,24,1989-05-24,15:50:00,America/Chicago,1989-05-24T20:50:00Z,FL,12,0,0,0,10000,26.17,-80.38,0,0,0.2,10,1,1,11,0,0,0,FALSE,0,FALSE,0.0011363636363636365,TRUE,2,Weak,South,4,0,3,0.19718309859154928,Evening
616130,2018,4,15,2018-04-15,17:00:00,America/Chicago,2018-04-15T22:00:00Z,VA,51,3,12,0,20000000,37.3264,-79.241,37.606,-79.163,20.4,600,1,1,31,680,9,0,FALSE,12,FALSE,6.954545454545453,TRUE,2,Strong,South,7.301029995663981,3,1,0.6785714285714286,Evening
97,1967,4,9,1967-04-09,20:25:00,America/Chicago,1967-04-10T02:25:00Z,OK,40,0,0,0,10000,35.65,-95.52,0,0,0.1,10,1,1,101,0,0,0,FALSE,0,FALSE,5.681818181818183e-4,TRUE,2,Weak,South,4,0,4,0.9183673469387755,Night
659,1972,9,19,1972-09-19,17:20:00,America/Chicago,1972-09-19T22:20:00Z,NM,35,0,0,0,10000,31.88,-106.75,0,0,0.1,10,1,1,13,0,0,0,FALSE,0,FALSE,5.681818181818183e-4,TRUE,4,Weak,West,4,0,0,0.5555555555555556,Evening
856,2003,5,23,2003-05-23,17:45:00,America/Chicago,2003-05-23T22:45:00Z,NE,31,0,0,0,10000,42.98,-100.75,42.97,-100.73,0.5,15,1,1,31,0,0,0,FALSE,0,FALSE,0.004261363636363636,TRUE,2,Weak,Midwest,4,0,2,0.2345679012345679,Evening
428320,2013,1,30,2013-01-30,02:12:00,America/Chicago,2013-01-30T08:12:00Z,TN,47,1,0,0,200000,35.9676,-87.8028,35.9764,-87.7627,2.32,150,1,1,85,0,0,0,FALSE,0,FALSE,0.1977272727272727,TRUE,1,Weak,South,5.301029995663981,1,0,0.5365853658536586,Morning
1045,1993,9,13,1993-09-13,06:10:00,America/Chicago,1993-09-13T11:10:00Z,TX,48,1,2,0,50000000,32.28,-97.48,32.42,-97.37,13,150,1,1,251,0,0,0,FALSE,2,FALSE,1.1079545454545454,TRUE,4,Weak,South,7.698970004336019,1,2,0.42735042735042733,Morning
616565,2018,8,1,2018-08-01,20:30:00,America/Chicago,2018-08-02T01:30:00Z,SC,45,0,0,0,10000,34.269,-82.419,34.32,-82.393,3.82,30,1,1,1,0,0,0,FALSE,0,FALSE,0.06511363636363636,TRUE,3,Weak,South,4,0,0,0.2222222222222222,Night
841,2006,8,26,2006-08-26,17:33:00,America/Chicago,2006-08-26T22:33:00Z,WI,55,0,0,0,10000,42.55,-88.95,42.55,-88.95,0.1,20,1,1,105,0,0,0,FALSE,0,FALSE,0.0011363636363636365,TRUE,3,Weak,Midwest,4,0,0,0.15384615384615385,Evening
867,1999,4,26,1999-04-26,04:30:00,America/Chicago,1999-04-26T09:30:00Z,TX,48,0,0,0,10000,31.45,-98.57,31.45,-98.57,0.1,0,1,1,333,0,0,0,FALSE,0,FALSE,0,TRUE,2,Weak,South,4,0,6,0.47878787878787876,Morning
563,2003,7,12,2003-07-12,18:25:00,America/Chicago,2003-07-12T23:25:00Z,NC,37,1,0,0,10000,35.42,-81.62,35.35,-81.58,6,200,1,1,45,0,0,0,FALSE,0,FALSE,0.6818181818181818,TRUE,3,Weak,South,4,1,0,0.25,Evening
618826,2020,4,12,2020-04-12,16:47:00,America/Chicago,2020-04-12T21:47:00Z,MS,28,1,0,0,50000,32.2571,-88.6932,32.2973,-88.6801,2.88,300,1,1,75,0,0,0,FALSE,0,FALSE,0.49090909090909085,TRUE,2,Weak,South,4.698970004336019,1,12,0.9878048780487805,Evening
358,1981,6,3,1981-06-03,20:30:00,America/Chicago,1981-06-04T01:30:00Z,TX,48,2,0,0,50000,33.22,-102.28,0,0,2,40,1,1,445,0,0,0,FALSE,0,FALSE,0.045454545454545456,TRUE,3,Strong,South,4.698970004336019,2,1,0.8522727272727273,Night
614340,2016,8,28,2016-08-28,20:04:00,America/Chicago,2016-08-29T01:04:00Z,MN,27,2,0,0,315000,47.5,-96.41,47.3902,-96.2851,9.57,400,1,1,107,0,0,0,FALSE,0,FALSE,2.175,TRUE,3,Strong,Midwest,5.498310553789601,2,0,0.4594594594594595,Night
785,1965,9,8,1965-09-08,11:00:00,America/Chicago,1965-09-08T16:00:00Z,FL,12,1,0,0,50000,24.72,-81.1,0,0,0.1,10,1,1,87,0,0,0,FALSE,0,FALSE,5.681818181818183e-4,TRUE,4,Weak,South,4.698970004336019,1,0,1.25,Afternoon
412,1998,6,20,1998-06-20,16:05:00,America/Chicago,1998-06-20T21:05:00Z,NE,31,0,0,0,10000,40.13,-96.35,40.13,-96.35,0.2,100,1,1,133,0,0,0,FALSE,0,FALSE,0.011363636363636364,TRUE,3,Weak,Midwest,4,0,0,0.38461538461538464,Evening
595,2004,10,5,2004-10-05,12:44:00,America/Chicago,2004-10-05T17:44:00Z,CO,8,1,0,0,30000,37.15,-107.88,37.2,-107.85,2.5,25,1,1,67,0,0,0,FALSE,0,FALSE,0.03551136363636363,TRUE,4,Weak,West,4.477121254719663,1,0,0.20238095238095238,Afternoon
656,1999,8,15,1999-08-15,18:36:00,America/Chicago,1999-08-15T23:36:00Z,ND,38,2,0,0,80000,46.62,-99.58,46.7,-99.35,15,50,1,1,47,93,0,0,FALSE,0,FALSE,0.42613636363636365,TRUE,3,Strong,Midwest,4.903089986991944,2,0,0.4482758620689655,Evening
63,1980,4,2,1980-04-02,15:15:00,America/Chicago,1980-04-02T21:15:00Z,TX,48,2,1,0,500000,32.95,-98.02,32.9,-97.97,4.5,277,1,1,367,0,0,0,FALSE,1,FALSE,0.7082386363636364,TRUE,2,Strong,South,5.698970004336019,2,1,0.8223684210526315,Evening
342,1959,6,2,1959-06-02,13:40:00,America/Chicago,1959-06-02T18:40:00Z,SC,45,1,0,0,50000,33.8,-79.02,0,0,2,57,1,1,51,0,0,0,FALSE,0,FALSE,0.06477272727272727,TRUE,3,Weak,South,4.698970004336019,1,0,0.5,Evening
619241,2020,7,2,2020-07-02,14:24:00,America/Chicago,2020-07-02T19:24:00Z,CO,8,0,0,0,10000,40.22,-103.41,40.22,-103.41,0.01,50,1,1,121,0,0,0,FALSE,0,FALSE,2.840909090909091e-4,TRUE,3,Weak,West,4,0,0,0.37142857142857144,Evening
636,2009,6,9,2009-06-09,15:15:00,America/Chicago,2009-06-09T20:15:00Z,NE,31,0,0,0,10000,42.16,-101.67,42.16,-101.67,0.1,10,1,1,31,0,0,0,FALSE,0,FALSE,5.681818181818183e-4,TRUE,3,Weak,Midwest,4,0,0,0.4473684210526316,Evening
1051,1997,9,18,1997-09-18,18:30:00,America/Chicago,1997-09-18T23:30:00Z,MN,27,2,0,0,315000,45.88,-94.3,45.88,-94.1,8,300,1,1,97,0,0,0,FALSE,0,FALSE,1.3636363636363635,TRUE,4,Strong,Midwest,5.498310553789601,2,1,0.5957446808510638,Evening
352,1996,3,18,1996-03-18,15:50:00,America/Chicago,1996-03-18T21:50:00Z,MS,28,1,0,0,10000,31.43,-88.95,31.5,-88.77,12,300,1,1,153,0,0,0,FALSE,0,FALSE,2.0454545454545454,TRUE,2,Weak,South,4,1,0,0.7037037037037037,Evening
360,1960,6,9,1960-06-09,19:35:00,America/Chicago,1960-06-10T00:35:00Z,TX,48,1,0,0,500000,35.23,-101.65,0,0,1,33,1,1,375,0,0,0,FALSE,0,FALSE,0.01875,TRUE,3,Weak,South,5.698970004336019,1,3,1.025974025974026,Night
320,1974,4,21,1974-04-21,13:40:00,America/Chicago,1974-04-21T18:40:00Z,IL,17,2,0,0,5000,41.37,-90.05,0,0,2,50,1,1,73,0,0,0,FALSE,0,FALSE,0.056818181818181816,TRUE,2,Strong,Midwest,3.6989700043360187,2,2,0.7641509433962265,Evening
143,1954,4,27,1954-04-27,14:00:00,America/Chicago,1954-04-27T19:00:00Z,PA,42,1,0,0,500,40.75,-78.67,0,0,1,67,1,1,33,0,0,0,FALSE,0,FALSE,0.03806818181818182,TRUE,2,Weak,Northeast,2.6989700043360187,1,0,1.2380952380952381,Evening
666,1973,6,18,1973-06-18,17:00:00,America/Chicago,1973-06-18T22:00:00Z,OK,40,2,0,0,500,35.02,-98.75,0,0,0.5,83,1,1,75,0,0,0,FALSE,0,FALSE,0.023579545454545454,TRUE,3,Strong,South,2.6989700043360187,2,12,1.44,Evening
200,1950,12,2,1950-12-02,16:25:00,America/Chicago,1950-12-02T22:25:00Z,AR,5,3,0,0,50,36.12,-91.83,36.18,-91.72,7.8,10,1,1,65,0,0,0,FALSE,0,FALSE,0.04431818181818182,TRUE,1,Strong,South,1.6989700043360187,3,2,2.3333333333333335,Evening
621528,2022,5,12,2022-05-12,17:50:00,America/Chicago,2022-05-12T22:50:00Z,MN,27,0,0,0,10000,45.3534,-95.2893,45.3812,-95.2756,2.03,50,1,1,151,0,0,0,FALSE,0,FALSE,0.05767045454545454,TRUE,2,Weak,Midwest,4,0,0,0.704225352112676,Evening
222,1974,4,3,1974-04-03,21:00:00,America/Chicago,1974-04-04T02:00:00Z,KY,21,4,0,0,5000000,36.63,-84.78,36.75,-84.53,16.1,10,1,1,231,147,0,0,FALSE,0,FALSE,0.09147727272727274,TRUE,2,Violent,South,6.698970004336019,4,72,2.7419354838709675,Night
502,1960,7,29,1960-07-29,16:15:00,America/Chicago,1960-07-29T21:15:00Z,KS,20,0,0,0,500,37.55,-96.77,0,0,0.1,10,1,1,15,0,0,0,FALSE,0,FALSE,5.681818181818183e-4,TRUE,3,Weak,Midwest,2.6989700043360187,0,1,1.3833333333333333,Evening
223,1984,4,27,1984-04-27,14:10:00,America/Chicago,1984-04-27T20:10:00Z,WI,55,1,0,0,500000,43.73,-89.63,0,0,2,220,1,1,1,0,0,0,FALSE,0,FALSE,0.25,TRUE,2,Weak,Midwest,5.698970004336019,1,12,1.4705882352941178,Evening
451862,2013,5,20,2013-05-20,18:24:00,America/Chicago,2013-05-20T23:24:00Z,MO,29,1,0,0,50000,39.6938,-91.4486,39.7036,-91.4309,1.16,50,1,1,127,0,0,0,FALSE,0,FALSE,0.03295454545454545,TRUE,2,Weak,Midwest,4.698970004336019,1,0,0.8333333333333334,Evening
193,1980,4,28,1980-04-28,17:05:00,America/Chicago,1980-04-28T22:05:00Z,TN,47,2,1,0,500000,35.25,-84.33,35.27,-84.28,3.3,50,1,1,123,0,0,0,FALSE,1,FALSE,0.09374999999999999,TRUE,2,Strong,South,5.698970004336019,2,0,1.2777777777777777,Evening
1143,2001,9,24,2001-09-24,13:49:00,America/Chicago,2001-09-24T18:49:00Z,VA,51,1,0,0,180000,38.85,-77.78,38.92,-77.77,6,75,1,1,61,0,0,0,FALSE,0,FALSE,0.2556818181818182,TRUE,4,Weak,South,5.2552725051033065,1,0,0.7692307692307693,Evening
203,2003,9,26,2003-09-26,17:50:00,America/Chicago,2003-09-26T22:50:00Z,IL,17,1,1,0,10000000,39.53,-88.33,39.52,-88.32,1.5,250,1,1,29,0,0,0,FALSE,1,FALSE,0.21306818181818182,TRUE,4,Weak,Midwest,7,1,2,0.42857142857142855,Evening
99,1981,4,13,1981-04-13,21:50:00,America/Chicago,1981-04-14T03:50:00Z,MO,29,0,0,0,50,39.03,-91.45,0,0,0.1,10,1,1,139,0,0,0,FALSE,0,FALSE,5.681818181818183e-4,TRUE,2,Weak,Midwest,1.6989700043360187,0,3,0.7272727272727273,Night
975,2006,10,16,2006-10-16,08:30:00,America/Chicago,2006-10-16T13:30:00Z,LA,22,0,0,0,3000,31.22,-92.16,31.22,-92.16,0.1,10,1,1,9,0,0,0,FALSE,0,FALSE,5.681818181818183e-4,TRUE,4,Weak,South,3.4771212547196626,0,1,0.4878048780487805,Afternoon
984,1997,7,1,1997-07-01,17:43:00,America/Chicago,1997-07-01T22:43:00Z,MN,27,3,0,0,500000,45.12,-94.02,45.17,-93.93,5,800,1,1,171,0,0,0,FALSE,0,FALSE,2.2727272727272725,TRUE,3,Strong,Midwest,5.698970004336019,3,1,0.5957446808510638,Evening
438,1975,5,24,1975-05-24,11:15:00,America/Chicago,1975-05-24T16:15:00Z,TX,48,0,0,0,10000,29.58,-97.8,0,0,0.1,10,1,1,355,0,0,0,FALSE,0,FALSE,5.681818181818183e-4,TRUE,2,Weak,South,4,0,10,0.5982905982905983,Afternoon
418,1987,7,10,1987-07-10,23:30:00,America/Chicago,1987-07-11T04:30:00Z,NE,31,1,0,0,500000,42.17,-100.07,0,0,0.5,30,1,1,17,0,0,0,FALSE,0,FALSE,0.008522727272727272,TRUE,3,Weak,Midwest,5.698970004336019,1,0,0.6923076923076923,Night
616730,2018,9,20,2018-09-20,17:44:00,America/Chicago,2018-09-20T22:44:00Z,MN,27,1,0,0,50000,44.351,-93.2657,44.3824,-93.1821,4.66,440,1,1,131,0,0,0,FALSE,0,FALSE,1.165,TRUE,4,Weak,Midwest,4.698970004336019,1,0,0.6818181818181818,Evening
650,2001,4,20,2001-04-20,19:15:00,America/Chicago,2001-04-21T00:15:00Z,NE,31,0,0,0,50000,40.03,-98.08,40.03,-98.08,0.5,50,1,1,129,0,0,0,FALSE,0,FALSE,0.014204545454545454,TRUE,2,Weak,Midwest,4.698970004336019,0,0,0.46774193548387094,Night
316,1964,5,23,1964-05-23,19:30:00,America/Chicago,1964-05-24T00:30:00Z,WI,55,1,0,0,50000,44.47,-91.68,0,0,0.5,100,1,1,11,0,0,0,FALSE,0,FALSE,0.028409090909090908,TRUE,2,Weak,Midwest,4.698970004336019,1,0,1.6666666666666667,Night
166,1968,5,9,1968-05-09,13:35:00,America/Chicago,1968-05-09T18:35:00Z,TX,48,1,0,0,50,27.63,-97.32,0,0,1,17,1,1,355,0,0,0,FALSE,0,FALSE,0.009659090909090909,TRUE,2,Weak,South,1.6989700043360187,1,0,0.7647058823529411,Evening
619913,2021,5,3,2021-05-03,18:10:00,America/Chicago,2021-05-03T23:10:00Z,TX,48,1,0,0,50000,32.1367,-97.4546,32.1367,-97.4546,0.01,25,1,1,217,0,0,0,FALSE,0,FALSE,1.4204545454545454e-4,TRUE,2,Weak,South,4.698970004336019,1,1,0.8297872340425532,Evening
175,1971,4,22,1971-04-22,16:30:00,America/Chicago,1971-04-22T22:30:00Z,OK,40,2,0,0,500000,34.62,-96.67,0,0,1,400,1,1,123,0,0,0,FALSE,0,FALSE,0.22727272727272727,TRUE,2,Strong,South,5.698970004336019,2,0,1.1025641025641026,Evening
1205,1992,11,21,1992-11-21,23:23:00,America/Chicago,1992-11-22T05:23:00Z,MS,28,3,105,0,5000000,31.43,-89.92,31.77,-89.63,27,880,1,1,65,31,0,0,FALSE,105,FALSE,13.5,TRUE,4,Strong,South,6.698970004336019,3,18,0.7962962962962963,Night
316,1974,4,20,1974-04-20,16:30:00,America/Chicago,1974-04-20T21:30:00Z,TX,48,1,0,0,500,34.02,-98.42,0,0,0.5,100,1,1,485,0,0,0,FALSE,0,FALSE,0.028409090909090908,TRUE,2,Weak,South,2.6989700043360187,1,3,1.146551724137931,Evening
743,1977,9,11,1977-09-11,15:45:00,America/Chicago,1977-09-11T20:45:00Z,TX,48,0,0,0,50000,30.77,-96.7,0,0,0.1,40,1,1,331,0,0,0,FALSE,0,FALSE,0.002272727272727273,TRUE,4,Weak,South,4.698970004336019,0,1,0.8292682926829268,Evening
553,1968,9,9,1968-09-09,17:01:00,America/Chicago,1968-09-09T22:01:00Z,MI,26,2,0,0,50000,41.9,-83.47,0,0,0.9,20,1,1,115,0,0,0,FALSE,0,FALSE,0.010227272727272727,TRUE,4,Strong,Midwest,4.698970004336019,2,1,1.25,Evening
1336,1999,9,29,1999-09-29,16:00:00,America/Chicago,1999-09-29T21:00:00Z,NC,37,2,0,0,30000,35.27,-80.43,35.27,-80.43,0.1,50,1,1,167,0,0,0,FALSE,0,FALSE,0.002840909090909091,TRUE,4,Strong,South,4.477121254719663,2,1,0.6486486486486487,Evening
55,1966,4,13,1966-04-13,11:50:00,America/Chicago,1966-04-13T17:50:00Z,CO,8,0,0,0,10000,39.52,-103.22,0,0,0.1,10,1,1,73,0,0,0,FALSE,0,FALSE,5.681818181818183e-4,TRUE,2,Weak,West,4,0,0,0.09090909090909091,Afternoon
379183,2012,4,3,2012-04-03,12:08:00,America/Chicago,2012-04-03T17:08:00Z,TX,48,0,0,0,10000,32.5375,-97.2825,32.5414,-97.2824,0.27,50,1,1,251,0,0,0,FALSE,0,FALSE,0.007670454545454545,TRUE,2,Weak,South,4,0,0,0.30434782608695654,Afternoon
142,1993,4,16,1993-04-16,19:40:00,America/Chicago,1993-04-17T00:40:00Z,PA,42,1,0,0,50000,40.88,-76.65,0,0,0.2,30,1,1,97,0,0,0,FALSE,0,FALSE,0.003409090909090909,TRUE,2,Weak,Northeast,4.698970004336019,1,1,0.6923076923076923,Night
670,1957,7,4,1957-07-04,17:55:00,America/Chicago,1957-07-04T22:55:00Z,MI,26,4,6,0,500000,42.52,-83.73,42.52,-83.12,29.9,50,1,1,93,125,0,0,FALSE,6,FALSE,0.8494318181818181,TRUE,3,Violent,Midwest,5.698970004336019,4,1,1.5833333333333333,Evening
1656,2004,9,27,2004-09-27,17:30:00,America/Chicago,2004-09-27T22:30:00Z,NC,37,0,0,0,10000,35.7,-78.82,35.75,-78.87,4,50,1,1,183,0,0,0,FALSE,0,FALSE,0.11363636363636363,TRUE,4,Weak,South,4,0,3,0.2878787878787879,Evening
212,1969,5,25,1969-05-25,11:14:00,America/Chicago,1969-05-25T16:14:00Z,FL,12,0,0,0,10000,26.55,-80.47,0,0,0.1,10,1,1,99,0,0,0,FALSE,0,FALSE,5.681818181818183e-4,TRUE,2,Weak,South,4,0,0,0.7931034482758621,Afternoon
816,1997,6,22,1997-06-22,16:39:00,America/Chicago,1997-06-22T21:39:00Z,SD,46,0,0,0,10000,44.32,-96.68,44.32,-96.68,0.1,50,1,1,11,0,0,0,FALSE,0,FALSE,0.002840909090909091,TRUE,3,Weak,Midwest,4,0,0,0.13333333333333333,Evening
654,1992,6,27,1992-06-27,19:55:00,America/Chicago,1992-06-28T00:55:00Z,TX,48,0,0,0,10000,34.65,-102.72,0,0,0.5,20,1,1,369,0,0,0,FALSE,0,FALSE,0.005681818181818182,TRUE,3,Weak,South,4,0,0,0.5185185185185185,Night
781,1976,8,19,1976-08-19,16:15:00,America/Chicago,1976-08-19T21:15:00Z,ND,38,2,0,0,5000,46.78,-97.35,0,0,0.3,20,1,1,17,0,0,0,FALSE,0,FALSE,0.003409090909090909,TRUE,3,Strong,Midwest,3.6989700043360187,2,0,0.8846153846153846,Evening
634,2008,5,8,2008-05-08,12:06:00,America/Chicago,2008-05-08T17:06:00Z,AL,1,1,0,0,45000,33.87,-87.73,33.9,-87.55,11.04,100,1,1,57,127,0,0,FALSE,0,FALSE,0.6272727272727272,TRUE,2,Weak,South,4.653212513775344,1,6,0.8494623655913979,Afternoon
847,1973,8,12,1973-08-12,14:00:00,America/Chicago,1973-08-12T19:00:00Z,OH,39,0,0,0,5000,39.37,-84.57,0,0,0.5,70,1,1,17,0,0,0,FALSE,0,FALSE,0.019886363636363636,TRUE,3,Weak,Midwest,3.6989700043360187,0,6,0.9069767441860465,Evening
1212,2008,6,12,2008-06-12,15:55:00,America/Chicago,2008-06-12T20:55:00Z,IA,19,0,0,0,10000,40.62,-92.5,40.63,-92.48,1.27,50,1,1,51,0,0,0,FALSE,0,FALSE,0.036079545454545454,TRUE,3,Weak,Midwest,4,0,9,0.5384615384615384,Evening
492,1981,6,21,1981-06-21,16:30:00,America/Chicago,1981-06-21T21:30:00Z,WV,54,2,0,0,500000,39.53,-80.35,0,0,1,10,1,1,49,0,0,0,FALSE,0,FALSE,0.005681818181818182,TRUE,3,Strong,South,5.698970004336019,2,0,1,Evening
373,1975,5,13,1975-05-13,17:05:00,America/Chicago,1975-05-13T22:05:00Z,OK,40,1,0,0,500000,35.75,-96.88,0,0,0.5,50,1,1,81,0,0,0,FALSE,0,FALSE,0.014204545454545454,TRUE,2,Weak,South,5.698970004336019,1,3,1.6470588235294117,Evening
593975,2015,7,14,2015-07-14,17:18:00,America/Chicago,2015-07-14T22:18:00Z,AL,1,0,0,0,10000,34.6032,-87.5256,34.5813,-87.4871,2.67,50,1,1,33,79,0,0,FALSE,0,FALSE,0.07585227272727273,TRUE,3,Weak,South,4,0,0,0.5483870967741935,Evening
74,1964,4,6,1964-04-06,06:00:00,America/Chicago,1964-04-06T12:00:00Z,AL,1,1,0,0,50000,32.22,-88.1,0,0,0.1,10,1,1,23,0,0,0,FALSE,0,FALSE,5.681818181818183e-4,TRUE,2,Weak,South,4.698970004336019,1,12,1.8461538461538463,Afternoon
762,2004,3,27,2004-03-27,17:45:00,America/Chicago,2004-03-27T23:45:00Z,KS,20,0,0,0,10000,37.05,-98.68,37.05,-98.68,0.5,30,1,1,7,0,0,0,FALSE,0,FALSE,0.008522727272727272,TRUE,2,Weak,Midwest,4,0,0,0.4032258064516129,Evening
216,1987,6,2,1987-06-02,13:12:00,America/Chicago,1987-06-02T18:12:00Z,IL,17,2,0,0,50000,40.12,-88.03,0,0,0.1,10,1,1,19,0,0,0,FALSE,0,FALSE,5.681818181818183e-4,TRUE,3,Strong,Midwest,4.698970004336019,2,0,0.6363636363636364,Evening
161,1994,4,25,1994-04-25,15:45:00,America/Chicago,1994-04-25T20:45:00Z,NE,31,0,0,0,10000,41.98,-98.3,0,0,0.1,50,1,1,3,0,0,0,FALSE,0,FALSE,0.002840909090909091,TRUE,2,Weak,Midwest,4,0,0,0.41818181818181815,Evening
476,1980,6,5,1980-06-05,20:55:00,America/Chicago,1980-06-06T01:55:00Z,SD,46,0,0,0,10000,44.75,-99.2,0,0,0.1,10,1,1,59,0,0,0,FALSE,0,FALSE,5.681818181818183e-4,TRUE,3,Weak,Midwest,4,0,0,0.0196078431372549,Night
470,1971,6,8,1971-06-08,11:30:00,America/Chicago,1971-06-08T16:30:00Z,SD,46,0,0,0,10000,43.4,-98.08,0,0,0.1,10,1,1,67,0,0,0,FALSE,0,FALSE,5.681818181818183e-4,TRUE,3,Weak,Midwest,4,0,0,0.9787234042553191,Afternoon
153,2003,5,5,2003-05-05,18:00:00,America/Chicago,2003-05-05T23:00:00Z,MI,26,1,0,0,90000,42.85,-83.15,42.85,-83.13,1,100,1,1,125,0,0,0,FALSE,0,FALSE,0.056818181818181816,TRUE,2,Weak,Midwest,4.954242509439325,1,0,0.5384615384615384,Evening
917,1993,8,2,1993-08-02,08:20:00,America/Chicago,1993-08-02T13:20:00Z,NY,36,0,0,0,50000,43.47,-76.23,0,0,1.5,20,1,1,75,0,0,0,FALSE,0,FALSE,0.017045454545454544,TRUE,3,Weak,Northeast,4.698970004336019,0,2,0.47619047619047616,Afternoon
898,2003,5,28,2003-05-28,14:10:00,America/Chicago,2003-05-28T19:10:00Z,IL,17,0,0,0,10000,40.53,-89.4,40.53,-89.4,0.1,10,1,1,179,0,0,0,FALSE,0,FALSE,5.681818181818183e-4,TRUE,2,Weak,Midwest,4,0,2,0.42857142857142855,Evening
755,1993,7,8,1993-07-08,20:25:00,America/Chicago,1993-07-09T01:25:00Z,IA,19,0,0,0,5000,43.18,-92.33,0,0,0.1,20,1,1,37,0,0,0,FALSE,0,FALSE,0.0011363636363636365,TRUE,3,Weak,Midwest,3.6989700043360187,0,0,0.6666666666666666,Night
893,1984,11,9,1984-11-09,18:40:00,America/Chicago,1984-11-10T00:40:00Z,IL,17,0,0,0,10000,41.43,-87.98,0,0,0.1,10,1,1,197,0,0,0,FALSE,0,FALSE,5.681818181818183e-4,TRUE,4,Weak,Midwest,4,0,1,0.5882352941176471,Night
672,2008,5,10,2008-05-10,16:48:00,America/Chicago,2008-05-10T21:48:00Z,OK,40,1,0,0,50000,36.95,-94.7,36.95,-94.67,2.3,200,1,1,115,0,0,0,FALSE,0,FALSE,0.26136363636363635,TRUE,2,Weak,South,4.698970004336019,1,21,0.5454545454545454,Evening
60,1951,5,14,1951-05-14,18:00:00,America/Chicago,1951-05-14T23:00:00Z,OK,40,2,0,0,315000,36.87,-101.9,0,0,0.1,10,1,1,139,0,0,0,FALSE,0,FALSE,5.681818181818183e-4,TRUE,2,Strong,South,5.498310553789601,2,0,1.2790697674418605,Evening
285,1956,6,21,1956-06-21,17:00:00,America/Chicago,1956-06-21T22:00:00Z,SD,46,2,0,0,315000,45.17,-98.47,0,0,0.1,10,1,1,115,0,0,0,FALSE,0,FALSE,5.681818181818183e-4,TRUE,3,Strong,Midwest,5.498310553789601,2,0,1.3636363636363635,Evening
1072,1997,4,23,1997-04-23,08:20:00,America/Chicago,1997-04-23T13:20:00Z,FL,12,0,0,0,150000,28.8,-81.72,28.8,-81.72,0.3,30,1,1,69,0,0,0,FALSE,0,FALSE,0.005113636363636363,TRUE,2,Weak,South,5.176091259055681,0,0,0.2782608695652174,Afternoon
166,1951,6,25,1951-06-25,15:30:00,America/Chicago,1951-06-25T20:30:00Z,NE,31,2,1,0,315000,41.1,-103.05,41.22,-102.92,10.4,57,1,1,33,0,0,0,FALSE,1,FALSE,0.33681818181818185,TRUE,3,Strong,Midwest,5.498310553789601,2,0,0.8888888888888888,Evening
94,1951,5,30,1951-05-30,22:50:00,America/Chicago,1951-05-31T03:50:00Z,KS,20,1,0,0,5000,39.13,-97.05,39.22,-96.93,8.3,10,1,1,27,61,0,0,FALSE,0,FALSE,0.047159090909090914,TRUE,2,Weak,Midwest,3.6989700043360187,1,8,1.0649350649350648,Night
737,2001,5,6,2001-05-06,17:00:00,America/Chicago,2001-05-06T22:00:00Z,TX,48,0,0,0,10000,30.92,-97.55,30.92,-97.55,0.1,10,1,1,27,0,0,0,FALSE,0,FALSE,5.681818181818183e-4,TRUE,2,Weak,South,4,0,0,0.45255474452554745,Evening
101,1993,4,1,1993-04-01,17:20:00,America/Chicago,1993-04-01T23:20:00Z,DE,10,0,0,0,5000,38.92,-75.72,38.98,-75.52,10,10,1,1,1,0,0,0,FALSE,0,FALSE,0.05681818181818182,TRUE,2,Weak,South,3.6989700043360187,0,0,0.8,Evening
1025,2009,10,7,2009-10-07,00:30:00,America/Chicago,2009-10-07T05:30:00Z,AL,1,0,0,0,30000,34.4314,-87.3701,34.4309,-87.3571,0.75,25,1,1,79,0,0,0,FALSE,0,FALSE,0.01065340909090909,TRUE,4,Weak,South,4.477121254719663,0,2,0.620253164556962,Night
546,1971,6,19,1971-06-19,19:45:00,America/Chicago,1971-06-20T00:45:00Z,MN,27,1,0,0,500,46.95,-93.98,0,0,2,50,1,1,21,0,0,0,FALSE,0,FALSE,0.056818181818181816,TRUE,3,Weak,Midwest,2.6989700043360187,1,0,0.35,Night
604,1996,7,7,1996-07-07,19:45:00,America/Chicago,1996-07-08T00:45:00Z,OH,39,1,0,0,30000,40.98,-81.7,40.98,-81.7,1.3,75,1,1,169,0,0,0,FALSE,0,FALSE,0.05539772727272727,TRUE,3,Weak,Midwest,4.477121254719663,1,0,0.4,Night
770,1971,9,16,1971-09-16,19:45:00,America/Chicago,1971-09-17T00:45:00Z,FL,12,1,1,0,50000,30.47,-87.37,30.52,-87.33,4.1,100,1,1,33,0,0,0,FALSE,1,FALSE,0.23295454545454541,TRUE,4,Weak,South,4.698970004336019,1,0,1.0677966101694916,Night
744,1989,9,7,1989-09-07,20:30:00,America/Chicago,1989-09-08T01:30:00Z,IA,19,0,0,0,500000,41.78,-95.5,0,0,0.2,20,1,1,165,0,0,0,FALSE,0,FALSE,0.002272727272727273,TRUE,4,Weak,Midwest,5.698970004336019,0,0,0.7931034482758621,Night
620629,2021,10,16,2021-10-16,04:16:00,America/Chicago,2021-10-16T09:16:00Z,PA,42,1,0,0,50000,40.674,-80.27,40.689,-80.235,2.11,200,1,1,7,0,0,0,FALSE,0,FALSE,0.23977272727272725,TRUE,4,Weak,Northeast,4.698970004336019,1,2,0.7674418604651163,Morning
2,1995,1,6,1995-01-06,11:05:00,America/Chicago,1995-01-06T17:05:00Z,LA,22,1,8,0,500000,30.23,-92.18,30.23,-92.1,5,30,1,1,55,0,0,0,FALSE,8,FALSE,0.08522727272727272,TRUE,1,Weak,South,5.698970004336019,1,1,0.68,Afternoon
117,1968,4,22,1968-04-22,15:50:00,America/Chicago,1968-04-22T21:50:00Z,OK,40,2,1,0,500000,35.43,-97.4,0,0,0.1,17,1,1,109,0,0,0,FALSE,1,FALSE,9.65909090909091e-4,TRUE,2,Strong,South,5.698970004336019,2,0,1.0727272727272728,Evening
174,1989,5,3,1989-05-03,17:50:00,America/Chicago,1989-05-03T22:50:00Z,FL,12,0,0,0,10000,28.23,-80.6,0,0,0.2,10,1,1,9,0,0,0,FALSE,0,FALSE,0.0011363636363636365,TRUE,2,Weak,South,4,0,3,0.19718309859154928,Evening
694,2009,6,15,2009-06-15,00:49:00,America/Chicago,2009-06-15T05:49:00Z,KS,20,0,0,0,150000,37.0523,-96.8596,37.0529,-96.8103,2.72,100,1,1,35,0,0,0,FALSE,0,FALSE,0.15454545454545454,TRUE,3,Weak,Midwest,5.176091259055681,0,0,0.24271844660194175,Night
588,1977,7,13,1977-07-13,19:00:00,America/Chicago,1977-07-14T00:00:00Z,MN,27,2,0,0,500000,47.67,-96.9,47.7,-96.85,2.3,100,1,1,119,0,0,0,FALSE,0,FALSE,0.13068181818181818,TRUE,3,Strong,Midwest,5.698970004336019,2,0,1.6,Night
575,1979,7,29,1979-07-29,09:30:00,America/Chicago,1979-07-29T14:30:00Z,MN,27,0,0,0,50000,43.58,-95.67,0,0,0.1,27,1,1,105,0,0,0,FALSE,0,FALSE,0.0015340909090909092,TRUE,3,Weak,Midwest,4.698970004336019,0,0,0.72,Afternoon
579,1964,8,22,1964-08-22,16:00:00,America/Chicago,1964-08-22T21:00:00Z,WI,55,1,0,0,500000,42.87,-87.93,0,0,2,400,1,1,79,0,0,0,FALSE,0,FALSE,0.45454545454545453,TRUE,3,Weak,Midwest,5.698970004336019,1,0,1.6666666666666667,Evening
1228,2003,6,4,2003-06-04,20:20:00,America/Chicago,2003-06-05T01:20:00Z,NM,35,0,0,0,20000,34.18,-103.33,34.18,-103.33,0.1,30,1,1,41,0,0,0,FALSE,0,FALSE,0.0017045454545454545,TRUE,3,Weak,West,4.301029995663981,0,0,0,Night
87,1992,3,18,1992-03-18,19:36:00,America/Chicago,1992-03-19T01:36:00Z,TX,48,1,0,0,50000,29.77,-94.68,0,0,0.5,30,1,1,71,0,0,0,FALSE,0,FALSE,0.008522727272727272,TRUE,2,Weak,South,4.698970004336019,1,0,0.5185185185185185,Night
523,2001,11,23,2001-11-23,20:28:00,America/Chicago,2001-11-24T02:28:00Z,MO,29,2,3,0,1000000,36.67,-93.98,36.72,-93.93,4,440,1,1,9,0,0,0,FALSE,3,FALSE,1,TRUE,4,Strong,Midwest,6,2,1,0.48717948717948717,Night
65,1990,2,22,1990-02-22,05:51:00,America/Chicago,1990-02-22T11:51:00Z,AL,1,1,10,0,5000000,31.28,-86.25,0,0,1.5,50,1,1,39,0,0,0,FALSE,10,FALSE,0.04261363636363636,TRUE,1,Weak,South,6.698970004336019,1,0,0.47368421052631576,Morning
302244,2011,4,19,2011-04-19,17:48:00,America/Chicago,2011-04-19T22:48:00Z,OK,40,0,0,0,10000,34.5734,-94.5407,34.587,-94.4909,3,125,1,1,79,0,0,0,FALSE,0,FALSE,0.21306818181818182,TRUE,2,Weak,South,4,0,14,0.7627118644067796,Evening
745,1957,10,8,1957-10-08,11:30:00,America/Chicago,1957-10-08T16:30:00Z,FL,12,0,0,0,5000,25.77,-80.37,0,0,0.1,10,1,1,25,0,0,0,FALSE,0,FALSE,5.681818181818183e-4,TRUE,4,Weak,South,3.6989700043360187,0,0,0.9411764705882353,Afternoon
53,1985,4,5,1985-04-05,14:49:00,America/Chicago,1985-04-05T20:49:00Z,IN,18,2,0,0,50000,38.4,-86.22,0,0,1,17,1,1,61,0,0,0,FALSE,0,FALSE,0.009659090909090909,TRUE,2,Strong,Midwest,4.698970004336019,2,0,1.625,Evening
851,1994,8,7,1994-08-07,16:38:00,America/Chicago,1994-08-07T21:38:00Z,MN,27,0,0,0,10000,44.92,-95.05,0,0,0.1,10,1,1,67,0,0,0,FALSE,0,FALSE,5.681818181818183e-4,TRUE,3,Weak,Midwest,4,0,0,0.3235294117647059,Evening
588,1991,5,16,1991-05-16,16:25:00,America/Chicago,1991-05-16T21:25:00Z,KS,20,3,0,0,5000000,37.5,-97.45,37.6,-97.2,20,200,1,1,173,0,0,0,FALSE,0,FALSE,2.2727272727272725,TRUE,2,Strong,Midwest,6.698970004336019,3,19,0.5701754385964912,Evening
146,1969,5,10,1969-05-10,15:30:00,America/Chicago,1969-05-10T20:30:00Z,OH,39,1,0,0,5000,40.43,-83.15,0,0,1,160,1,1,101,0,0,0,FALSE,0,FALSE,0.09090909090909091,TRUE,2,Weak,Midwest,3.6989700043360187,1,5,1.4705882352941178,Evening
18,2002,3,19,2002-03-19,16:04:00,America/Chicago,2002-03-19T22:04:00Z,TX,48,0,0,0,10000,29.13,-100.47,29.13,-100.47,0.2,100,1,1,271,0,0,0,FALSE,0,FALSE,0.011363636363636364,TRUE,2,Weak,South,4,0,3,0.28160919540229884,Evening
197,1981,5,13,1981-05-13,18:07:00,America/Chicago,1981-05-13T23:07:00Z,TX,48,2,0,0,50000,33.53,-96.08,0,0,1,73,1,1,147,0,0,0,FALSE,0,FALSE,0.04147727272727273,TRUE,2,Strong,South,4.698970004336019,2,1,0.8522727272727273,Evening
616854,2018,10,31,2018-10-31,13:56:00,America/Chicago,2018-10-31T18:56:00Z,TX,48,0,0,0,10000,29.5354,-96.2906,29.5354,-96.2906,1.4,100,1,1,89,0,0,0,FALSE,0,FALSE,0.07954545454545454,TRUE,4,Weak,South,4,0,0,0.3584905660377358,Evening
1104,2010,10,21,2010-10-21,17:47:00,America/Chicago,2010-10-21T22:47:00Z,NM,35,0,0,0,10000,33.6199,-104.639,33.6471,-104.602,2.86,200,1,1,5,0,0,0,FALSE,0,FALSE,0.32499999999999996,TRUE,4,Weak,West,4,0,0,0.6363636363636364,Evening
442,1999,5,17,1999-05-17,09:59:00,America/Chicago,1999-05-17T14:59:00Z,AR,5,0,0,0,1000,36,-94.28,36,-94.28,0.5,50,1,1,143,0,0,0,FALSE,0,FALSE,0.014204545454545454,TRUE,2,Weak,South,3,0,8,1.145631067961165,Afternoon
566111,2015,5,13,2015-05-13,16:57:00,America/Chicago,2015-05-13T21:57:00Z,TX,48,0,0,0,10000,33.6231,-100.336,33.6234,-100.335,0.08,25,1,1,269,0,0,0,FALSE,0,FALSE,0.0011363636363636363,TRUE,2,Weak,South,4,0,17,0.49377593360995853,Evening
444,1991,5,5,1991-05-05,08:52:00,America/Chicago,1991-05-05T13:52:00Z,TX,48,0,0,0,500000,26.32,-98.32,0,0,0.2,10,1,1,215,0,0,0,FALSE,0,FALSE,0.0011363636363636365,TRUE,2,Weak,South,5.698970004336019,0,1,0.5677083333333334,Afternoon
614238,2016,7,26,2016-07-26,13:40:00,America/Chicago,2016-07-26T18:40:00Z,ND,38,0,0,0,10000,46.95,-98.1,46.95,-98.1,0.25,20,1,1,3,0,0,0,FALSE,0,FALSE,0.002840909090909091,TRUE,3,Weak,Midwest,4,0,0,0.5454545454545454,Evening
758,1997,5,27,1997-05-27,13:50:00,America/Chicago,1997-05-27T18:50:00Z,TX,48,1,0,0,50000,31.02,-97.53,31.02,-97.53,0.2,40,1,1,27,0,0,0,FALSE,0,FALSE,0.004545454545454546,TRUE,2,Weak,South,4.698970004336019,1,29,0.43455497382198954,Evening
315,2001,7,10,2001-07-10,14:05:00,America/Chicago,2001-07-10T19:05:00Z,IN,18,0,0,0,10000,40.98,-86.98,40.87,-86.87,3.5,30,1,1,73,131,0,0,FALSE,0,FALSE,0.059659090909090905,TRUE,3,Weak,Midwest,4,0,2,0.6956521739130435,Evening
452441,2013,5,29,2013-05-29,14:35:00,America/Chicago,2013-05-29T19:35:00Z,KS,20,0,0,0,10000,38.83,-101.18,38.83,-101.18,0.1,25,1,1,109,0,0,0,FALSE,0,FALSE,0.0014204545454545455,TRUE,2,Weak,Midwest,4,0,0,0.4909090909090909,Evening
353666,2011,4,27,2011-04-27,17:31:00,America/Chicago,2011-04-27T22:31:00Z,TN,47,4,0,0,1050000,35.5324,-84.0504,35.6633,-83.846,14.45,1320,1,1,123,9,0,0,FALSE,0,FALSE,10.837499999999999,TRUE,2,Violent,South,6.021189299069938,4,20,0.8556701030927835,Evening
619074,2020,5,21,2020-05-21,14:41:00,America/Chicago,2020-05-21T19:41:00Z,KS,20,0,0,0,10000,37.593,-101.805,37.5938,-101.8043,0.07,30,1,1,187,0,0,0,FALSE,0,FALSE,0.0011931818181818183,TRUE,2,Weak,Midwest,4,0,0,0.6470588235294118,Evening
1018,1995,8,9,1995-08-09,14:50:00,America/Chicago,1995-08-09T19:50:00Z,IL,17,0,0,0,10000,41.4,-88.72,0,0,0.2,20,1,1,99,0,0,0,FALSE,0,FALSE,0.002272727272727273,TRUE,3,Weak,Midwest,4,0,0,0.5526315789473685,Evening
615892,2017,12,20,2017-12-20,01:02:00,America/Chicago,2017-12-20T07:02:00Z,LA,22,1,0,0,75000,32.3366,-92.6804,32.3433,-92.6662,0.95,110,1,1,49,0,0,0,FALSE,0,FALSE,0.059375,TRUE,1,Weak,South,4.8750612633917,1,3,0.9285714285714286,Morning
1025,1995,8,17,1995-08-17,19:45:00,America/Chicago,1995-08-18T00:45:00Z,SD,46,0,0,0,10000,45.82,-101.35,0,0,0.1,10,1,1,31,0,0,0,FALSE,0,FALSE,5.681818181818183e-4,TRUE,3,Weak,Midwest,4,0,0,0,Night
444664,2013,5,28,2013-05-28,16:05:00,America/Chicago,2013-05-28T21:05:00Z,NE,31,0,0,0,10000,42.13,-103.42,42.12,-103.38,2.16,50,1,1,13,0,0,0,FALSE,0,FALSE,0.06136363636363636,TRUE,2,Weak,Midwest,4,0,0,0.5,Evening
657,2001,4,10,2001-04-10,23:05:00,America/Chicago,2001-04-11T04:05:00Z,KS,20,1,0,0,150000,39.3,-99.02,39.42,-98.95,9,100,1,1,141,0,0,0,FALSE,0,FALSE,0.5113636363636364,TRUE,2,Weak,Midwest,5.176091259055681,1,1,0.3465346534653465,Night
614102,2016,6,19,2016-06-19,18:11:00,America/Chicago,2016-06-19T23:11:00Z,MN,27,2,0,0,315000,46.4449,-93.9158,46.4128,-93.8585,3.52,730,1,1,35,0,0,0,FALSE,0,FALSE,1.4600000000000002,TRUE,3,Strong,Midwest,5.498310553789601,2,0,0.4594594594594595,Evening
367,1999,5,10,1999-05-10,06:50:00,America/Chicago,1999-05-10T11:50:00Z,TX,48,1,0,0,50000,30.82,-94.37,30.87,-94.32,4.5,50,1,1,457,0,0,0,FALSE,0,FALSE,0.1278409090909091,TRUE,2,Weak,South,4.698970004336019,1,6,0.47878787878787876,Morning
617746,2019,5,23,2019-05-23,15:15:00,America/Chicago,2019-05-23T20:15:00Z,IN,18,1,0,0,50000,40.595,-85.5741,40.5953,-85.5724,0.09,50,1,1,53,0,0,0,FALSE,0,FALSE,0.002556818181818182,TRUE,2,Weak,Midwest,4.698970004336019,1,0,0.967741935483871,Evening
301,1999,5,4,1999-05-04,14:50:00,America/Chicago,1999-05-04T19:50:00Z,TX,48,1,0,0,50000,32.55,-94.55,32.58,-94.65,4.6,50,1,1,203,0,0,0,FALSE,0,FALSE,0.13068181818181818,TRUE,2,Weak,South,4.698970004336019,1,6,0.47878787878787876,Evening
158,1976,3,21,1976-03-21,06:20:00,America/Chicago,1976-03-21T12:20:00Z,FL,12,0,0,0,50000,30.63,-85.58,30.63,-85.48,6.2,20,1,1,133,0,0,0,FALSE,0,FALSE,0.07045454545454546,TRUE,2,Weak,South,4.698970004336019,0,1,0.19402985074626866,Afternoon
620458,2021,8,23,2021-08-23,09:40:00,America/Chicago,2021-08-23T14:40:00Z,MA,25,0,0,0,8000,42.311,-71.577,42.32,-71.586,0.75,10,1,1,17,0,0,0,FALSE,0,FALSE,0.004261363636363636,TRUE,3,Weak,Northeast,3.9030899869919438,0,0,0,Afternoon
1015,1994,10,17,1994-10-17,15:01:00,America/Chicago,1994-10-17T20:01:00Z,NE,31,0,0,0,10000,40.37,-99.37,0,0,0.2,23,1,1,137,0,0,0,FALSE,0,FALSE,0.0026136363636363636,TRUE,4,Weak,Midwest,4,0,0,0.41818181818181815,Evening
827,1992,7,15,1992-07-15,21:12:00,America/Chicago,1992-07-16T02:12:00Z,KS,20,0,0,0,10000,38.93,-101.67,0,0,0.1,10,1,1,199,0,0,0,FALSE,0,FALSE,5.681818181818183e-4,TRUE,3,Weak,Midwest,4,0,0,0.6847826086956522,Night
554,1989,6,11,1989-06-11,23:40:00,America/Chicago,1989-06-12T04:40:00Z,TX,48,0,0,0,50000,34.73,-100.58,34.75,-100.53,3,150,1,1,191,0,0,0,FALSE,0,FALSE,0.2556818181818182,TRUE,3,Weak,South,4.698970004336019,0,1,0.7,Night
756,2003,3,19,2003-03-19,12:52:00,America/Chicago,2003-03-19T18:52:00Z,AL,1,1,0,0,1000,34.63,-85.92,34.65,-85.9,1,40,1,1,71,0,0,0,FALSE,0,FALSE,0.022727272727272728,TRUE,2,Weak,South,3,1,0,0.5,Evening
526,1981,6,23,1981-06-23,17:42:00,America/Chicago,1981-06-23T22:42:00Z,SD,46,0,0,0,10000,43.58,-98.65,0,0,0.5,10,1,1,1,0,0,0,FALSE,0,FALSE,0.002840909090909091,TRUE,3,Weak,Midwest,4,0,0,0.631578947368421,Evening
830,1976,10,9,1976-10-09,04:45:00,America/Chicago,1976-10-09T09:45:00Z,NC,37,1,0,0,50000,35.3,-77.77,35.37,-77.7,5.7,50,1,1,107,0,0,0,FALSE,0,FALSE,0.16193181818181818,TRUE,4,Weak,South,4.698970004336019,1,3,1.2173913043478262,Morning
373,1971,5,31,1971-05-31,17:30:00,America/Chicago,1971-05-31T22:30:00Z,KS,20,1,0,0,5000,39.62,-101.57,0,0,0.5,20,1,1,23,0,0,0,FALSE,0,FALSE,0.005681818181818182,TRUE,2,Weak,Midwest,3.6989700043360187,1,0,1.4102564102564104,Evening
668,2000,3,16,2000-03-16,16:52:00,America/Chicago,2000-03-16T22:52:00Z,SC,45,0,0,0,10000,33.9,-80.83,33.92,-80.83,0.2,50,1,1,79,0,0,0,FALSE,0,FALSE,0.005681818181818182,TRUE,2,Weak,South,4,0,1,0.4,Evening
1084,1996,12,23,1996-12-23,12:00:00,America/Chicago,1996-12-23T18:00:00Z,CA,6,1,0,0,200000,38.25,-122.93,38.25,-122.83,6,20,1,1,41,0,0,0,FALSE,0,FALSE,0.06818181818181818,TRUE,1,Weak,West,5.301029995663981,1,0,0.2727272727272727,Evening
621647,2022,5,30,2022-05-30,14:39:00,America/Chicago,2022-05-30T19:39:00Z,MN,27,1,0,0,50000,45.1454,-95.9201,45.1706,-95.9136,1.77,100,1,1,23,151,0,0,FALSE,0,FALSE,0.10056818181818182,TRUE,2,Weak,Midwest,4.698970004336019,1,0,0.704225352112676,Evening
568,1969,10,10,1969-10-10,20:00:00,America/Chicago,1969-10-11T01:00:00Z,IL,17,2,0,0,500000,40.63,-89.33,0,0,1,200,1,1,179,203,0,0,FALSE,0,FALSE,0.11363636363636363,TRUE,4,Strong,Midwest,5.698970004336019,2,0,1,Night
210,2008,2,17,2008-02-17,15:40:00,America/Chicago,2008-02-17T21:40:00Z,AL,1,2,12,0,1000000,32.09,-85.16,32.76,-83.97,75.63,1000,2,0,0,0,0,0,FALSE,12,FALSE,42.971590909090914,TRUE,1,Strong,South,6,2,6,0.8494623655913979,Evening
891,2002,10,3,2002-10-03,14:50:00,America/Chicago,2002-10-03T19:50:00Z,MS,28,0,0,0,10000,30.55,-88.9,30.55,-88.9,0.3,30,1,1,47,0,0,0,FALSE,0,FALSE,0.005113636363636363,TRUE,4,Weak,South,4,0,1,0.5862068965517241,Evening
613635,2016,3,13,2016-03-13,17:15:00,America/Chicago,2016-03-13T22:15:00Z,AR,5,0,0,0,10000,34.9355,-92.6487,34.9389,-92.6418,1.71,50,1,1,119,105,0,0,FALSE,0,FALSE,0.04857954545454545,TRUE,2,Weak,South,4,0,0,0.6521739130434783,Evening
272715,2011,1,1,2011-01-01,02:00:00,America/Chicago,2011-01-01T08:00:00Z,MS,28,2,0,0,800000,32.9012,-88.7666,32.9368,-88.671,6.07,860,1,1,69,103,0,0,FALSE,0,FALSE,2.9660227272727275,TRUE,1,Strong,South,5.903089986991944,2,42,1.3404255319148937,Morning
331,1975,5,7,1975-05-07,19:00:00,America/Chicago,1975-05-08T00:00:00Z,IA,19,2,0,0,50000,40.82,-93.83,0,0,0.1,10,1,1,53,0,0,0,FALSE,0,FALSE,5.681818181818183e-4,TRUE,2,Strong,Midwest,4.698970004336019,2,0,1.2702702702702702,Night
112,1978,4,18,1978-04-18,17:15:00,America/Chicago,1978-04-18T23:15:00Z,AL,1,2,0,0,50000,33.02,-86.32,0,0,0.1,80,1,1,37,0,0,0,FALSE,0,FALSE,0.004545454545454546,TRUE,2,Strong,South,4.698970004336019,2,0,0.9545454545454546,Evening
305346,2011,4,19,2011-04-19,21:59:00,America/Chicago,2011-04-20T02:59:00Z,IN,18,1,0,0,50000,38.5856,-86.2558,38.595,-86.23,1.54,200,1,1,175,0,0,0,FALSE,0,FALSE,0.175,TRUE,2,Weak,Midwest,4.698970004336019,1,0,0.8333333333333334,Night
426,1999,6,20,1999-06-20,20:58:00,America/Chicago,1999-06-21T01:58:00Z,ND,38,0,0,0,10000,46.23,-103.75,46.23,-103.75,2,20,1,1,11,0,0,0,FALSE,0,FALSE,0.022727272727272728,TRUE,3,Weak,Midwest,4,0,0,0.4482758620689655,Night
57,1975,2,6,1975-02-06,11:25:00,America/Chicago,1975-02-06T17:25:00Z,FL,12,2,4,0,5000000,30,-83.2,30.08,-82.83,22.9,100,1,1,67,121,0,0,FALSE,4,FALSE,1.3011363636363635,TRUE,1,Strong,South,6.698970004336019,2,2,0.6185567010309279,Afternoon
155,1991,3,27,1991-03-27,16:37:00,America/Chicago,1991-03-27T22:37:00Z,IL,17,0,0,0,5000,41.42,-87.73,0,0,0.5,50,1,1,197,0,0,0,FALSE,0,FALSE,0.014204545454545454,TRUE,2,Weak,Midwest,3.6989700043360187,0,0,0.53125,Evening
621410,2022,4,28,2022-04-28,17:30:00,America/Chicago,2022-04-28T22:30:00Z,NE,31,1,0,0,50000,40.03,-99.43,40.03,-99.43,0.01,20,1,1,83,0,0,0,FALSE,0,FALSE,1.1363636363636364e-4,TRUE,2,Weak,Midwest,4.698970004336019,1,0,0.9615384615384616,Evening
1165,2005,9,5,2005-09-05,18:50:00,America/Chicago,2005-09-05T23:50:00Z,ND,38,2,0,0,315000,46.7,-96.85,46.7,-96.8,4,200,1,1,17,0,0,0,FALSE,0,FALSE,0.45454545454545453,TRUE,4,Strong,Midwest,5.498310553789601,2,0,0.5094339622641509,Evening
586,1957,6,19,1957-06-19,14:00:00,America/Chicago,1957-06-19T19:00:00Z,CT,9,1,0,0,500000,41.7,-72.6,0,0,0.3,367,1,1,3,0,0,0,FALSE,0,FALSE,0.06255681818181819,TRUE,3,Weak,Northeast,5.698970004336019,1,0,1,Evening
1264,2010,12,31,2010-12-31,11:16:00,America/Chicago,2010-12-31T17:16:00Z,MO,29,1,0,0,40000,38.5003,-91.0222,38.5088,-91.012,0.8,100,1,1,71,0,0,0,FALSE,0,FALSE,0.045454545454545456,TRUE,1,Weak,Midwest,4.6020599913279625,1,5,0.532258064516129,Afternoon
37,1968,3,27,1968-03-27,18:20:00,America/Chicago,1968-03-28T00:20:00Z,WI,55,2,1,0,500000,44.3,-91.35,44.37,-91.27,5.7,100,1,1,121,0,0,0,FALSE,1,FALSE,0.32386363636363635,TRUE,2,Strong,Midwest,5.698970004336019,2,2,1.35,Night
156,1995,4,19,1995-04-19,18:43:00,America/Chicago,1995-04-19T23:43:00Z,TX,48,0,0,0,10000,33.53,-98.2,0,0,0.1,20,1,1,77,0,0,0,FALSE,0,FALSE,0.0011363636363636365,TRUE,2,Weak,South,4,0,6,0.354978354978355,Evening
693,1996,8,15,1996-08-15,17:00:00,America/Chicago,1996-08-15T22:00:00Z,CO,8,0,0,0,10000,39.62,-104.08,39.62,-104.08,0.1,50,1,1,5,0,0,0,FALSE,0,FALSE,0.002840909090909091,TRUE,3,Weak,West,4,0,0,0.19387755102040816,Evening
46,1984,3,15,1984-03-15,17:30:00,America/Chicago,1984-03-15T23:30:00Z,OK,40,1,0,0,500000,35.48,-94.8,0,0,1,77,1,1,135,0,0,0,FALSE,0,FALSE,0.04375,TRUE,2,Weak,South,5.698970004336019,1,13,0.9795918367346939,Evening
588,1982,6,4,1982-06-04,20:42:00,America/Chicago,1982-06-05T01:42:00Z,NE,31,0,0,0,50,42.6,-103,0,0,0.1,30,1,1,45,0,0,0,FALSE,0,FALSE,0.0017045454545454545,TRUE,3,Weak,Midwest,1.6989700043360187,0,0,0.8529411764705882,Night
283,1954,5,31,1954-05-31,14:50:00,America/Chicago,1954-05-31T19:50:00Z,KS,20,0,0,0,10000,38.18,-95.38,0,0,0.1,10,1,1,3,0,0,0,FALSE,0,FALSE,5.681818181818183e-4,TRUE,2,Weak,Midwest,4,0,0,1.1764705882352942,Evening
1211,2003,5,6,2003-05-06,07:16:00,America/Chicago,2003-05-06T12:16:00Z,AL,1,1,0,0,100000,34.85,-86.57,34.85,-86.55,1,200,1,1,89,0,0,0,FALSE,0,FALSE,0.11363636363636363,TRUE,2,Weak,South,5,1,0,0.5,Afternoon
1109,2009,12,2,2009-12-02,13:45:00,America/Chicago,2009-12-02T19:45:00Z,GA,13,1,0,0,3000000,31.62,-82.58,31.63,-82.58,0.66,100,1,1,5,0,0,0,FALSE,0,FALSE,0.0375,TRUE,1,Weak,South,6.477121254719663,1,1,0.9629629629629629,Evening
396,2006,4,16,2006-04-16,16:18:00,America/Chicago,2006-04-16T21:18:00Z,IL,17,2,0,0,315000,39.03,-88.35,39.05,-88.32,1.5,150,1,1,79,0,0,0,FALSE,0,FALSE,0.1278409090909091,TRUE,2,Strong,Midwest,5.498310553789601,2,1,0.5126050420168067,Evening
622017,2022,11,30,2022-11-30,05:42:00,America/Chicago,2022-11-30T11:42:00Z,AL,1,0,0,0,10000,31.8216,-85.7711,31.8181,-85.7474,1.42,150,1,1,109,0,0,0,FALSE,0,FALSE,0.12102272727272725,TRUE,4,Weak,South,4,0,3,0.7040816326530612,Morning
1426,2008,8,14,2008-08-14,17:45:00,America/Chicago,2008-08-14T22:45:00Z,ND,38,0,0,0,10000,47.33,-97.73,0,0,0.2,25,1,1,91,0,0,0,FALSE,0,FALSE,0.002840909090909091,TRUE,3,Weak,Midwest,4,0,0,0.21875,Evening
499,1955,7,31,1955-07-31,17:10:00,America/Chicago,1955-07-31T22:10:00Z,WI,55,2,0,0,500000,43.97,-89.5,43.95,-89.43,2.7,50,1,1,77,0,0,0,FALSE,0,FALSE,0.07670454545454546,TRUE,3,Strong,Midwest,5.698970004336019,2,0,1.6666666666666667,Evening
615870,2017,11,18,2017-11-18,10:15:00,America/Chicago,2017-11-18T16:15:00Z,IN,18,0,0,0,8000,40.3889,-86.7377,40.3895,-86.7316,0.32,110,1,1,157,0,0,0,FALSE,0,FALSE,0.02,TRUE,4,Weak,Midwest,3.9030899869919438,0,0,1.0344827586206897,Afternoon
946,1993,8,6,1993-08-06,12:50:00,America/Chicago,1993-08-06T17:50:00Z,VA,51,1,0,0,50000,37.13,-75.97,0,0,0.5,150,1,1,131,0,0,0,FALSE,0,FALSE,0.04261363636363636,TRUE,3,Weak,South,4.698970004336019,1,4,1.0357142857142858,Afternoon
680,1988,11,28,1988-11-28,02:30:00,America/Chicago,1988-11-28T08:30:00Z,NC,37,1,5,0,5000000,35.03,-76.72,35.22,-76.57,30,100,1,1,137,0,0,0,FALSE,5,FALSE,1.7045454545454546,TRUE,4,Weak,South,6.698970004336019,1,4,1.0526315789473684,Morning
361150,2012,3,2,2012-03-02,15:26:00,America/Chicago,2012-03-02T21:26:00Z,AL,1,0,0,0,10000,34.8564,-87.0143,34.8628,-86.927,4.97,75,1,1,83,0,0,0,FALSE,0,FALSE,0.2117897727272727,TRUE,2,Weak,South,4,0,3,0.9090909090909091,Evening
182,1972,4,22,1972-04-22,11:00:00,America/Chicago,1972-04-22T17:00:00Z,GA,13,1,0,0,50000,32.23,-83.53,0,0,1,100,1,1,235,0,0,0,FALSE,0,FALSE,0.056818181818181816,TRUE,2,Weak,South,4.698970004336019,1,1,1.119047619047619,Afternoon
290,2003,7,10,2003-07-10,18:30:00,America/Chicago,2003-07-10T23:30:00Z,VA,51,0,0,0,10000,38.33,-77.15,38.33,-77.15,0.1,40,1,1,99,0,0,0,FALSE,0,FALSE,0.002272727272727273,TRUE,3,Weak,South,4,0,0,0.3548387096774194,Evening
136,1972,4,13,1972-04-13,01:00:00,America/Chicago,1972-04-13T07:00:00Z,OK,40,1,0,0,50000,35.93,-95.23,35.52,-94.72,40.8,50,1,1,21,0,0,0,FALSE,0,FALSE,1.159090909090909,TRUE,2,Weak,South,4.698970004336019,1,5,1.2666666666666666,Morning
899,1990,7,18,1990-07-18,14:15:00,America/Chicago,1990-07-18T19:15:00Z,MI,26,0,0,0,10000,42.95,-83.75,42.97,-83.68,3,30,1,1,49,0,0,0,FALSE,0,FALSE,0.05113636363636363,TRUE,3,Weak,Midwest,4,0,0,1,Evening
536,2008,4,28,2008-04-28,11:10:00,America/Chicago,2008-04-28T16:10:00Z,VA,51,1,0,0,500000,36.54,-78.79,36.55,-78.77,0.92,240,1,1,83,0,0,0,FALSE,0,FALSE,0.12545454545454546,TRUE,2,Weak,South,5.698970004336019,1,0,0.5128205128205128,Afternoon
618134,2019,6,27,2019-06-27,17:10:00,America/Chicago,2019-06-27T22:10:00Z,MT,30,0,0,0,10000,47.1,-109.98,47.1,-109.98,0.25,400,1,1,45,0,0,0,FALSE,0,FALSE,0.056818181818181816,TRUE,3,Weak,West,4,0,0,0.25,Evening
675,1977,8,10,1977-08-10,15:05:00,America/Chicago,1977-08-10T20:05:00Z,CO,8,1,0,0,50000,39.13,-104.58,0,0,1,60,1,1,41,0,0,0,FALSE,0,FALSE,0.03409090909090909,TRUE,3,Weak,West,4.698970004336019,1,0,1.032258064516129,Evening
474,2006,5,5,2006-05-05,18:25:00,America/Chicago,2006-05-05T23:25:00Z,TX,48,0,0,0,10000,32.58,-102.28,32.58,-102.28,0.1,50,1,1,165,0,0,0,FALSE,0,FALSE,0.002840909090909091,TRUE,2,Weak,South,4,0,4,0.3565217391304348,Evening
20,1962,2,15,1962-02-15,16:00:00,America/Chicago,1962-02-15T22:00:00Z,LA,22,0,0,0,50,32.5,-92.77,0,0,0.2,33,1,1,61,0,0,0,FALSE,0,FALSE,0.00375,TRUE,1,Weak,South,1.6989700043360187,0,2,0.631578947368421,Evening
87,1978,4,17,1978-04-17,13:54:00,America/Chicago,1978-04-17T19:54:00Z,OK,40,2,0,0,50000,36.73,-97.13,36.78,-96.98,9,40,1,1,71,0,0,0,FALSE,0,FALSE,0.20454545454545456,TRUE,2,Strong,South,4.698970004336019,2,0,1.3333333333333333,Evening
612739,2015,12,28,2015-12-28,15:58:00,America/Chicago,2015-12-28T21:58:00Z,NC,37,0,0,0,50000,34.877,-80.526,34.89,-80.522,0.9,75,1,1,179,0,0,0,FALSE,0,FALSE,0.03835227272727273,TRUE,1,Weak,South,4.698970004336019,0,0,0.5555555555555556,Evening
874,2006,9,16,2006-09-16,16:05:00,America/Chicago,2006-09-16T21:05:00Z,SD,46,0,0,0,10000,44.32,-96.77,44.32,-96.75,0.4,50,1,1,11,0,0,0,FALSE,0,FALSE,0.011363636363636364,TRUE,4,Weak,Midwest,4,0,0,0.5925925925925926,Evening
147,2005,6,6,2005-06-06,19:04:00,America/Chicago,2005-06-07T00:04:00Z,MT,30,0,0,0,10000,46.48,-104.22,46.48,-104.22,1,0,1,1,25,0,0,0,FALSE,0,FALSE,0,TRUE,3,Weak,West,4,0,0,0,Night
312,1984,5,3,1984-05-03,10:48:00,America/Chicago,1984-05-03T15:48:00Z,AL,1,0,0,0,500,32.38,-88.32,0,0,0.1,30,1,1,119,0,0,0,FALSE,0,FALSE,0.0017045454545454545,TRUE,2,Weak,South,2.6989700043360187,0,5,1.3095238095238095,Afternoon
18,1960,2,9,1960-02-09,20:35:00,America/Chicago,1960-02-10T02:35:00Z,IL,17,1,2,0,500000,38.73,-89.88,0,0,0.1,10,1,1,119,0,0,0,FALSE,2,FALSE,5.681818181818183e-4,TRUE,1,Weak,Midwest,5.698970004336019,1,0,1.2,Night
208,1992,5,14,1992-05-14,16:08:00,America/Chicago,1992-05-14T21:08:00Z,TX,48,0,0,0,10000,26.23,-97.62,0,0,0.1,10,1,1,61,0,0,0,FALSE,0,FALSE,5.681818181818183e-4,TRUE,2,Weak,South,4,0,0,0.5185185185185185,Evening
729,1989,8,26,1989-08-26,18:50:00,America/Chicago,1989-08-26T23:50:00Z,SD,46,0,0,0,10000,44.03,-97.53,0,0,0.5,50,1,1,97,0,0,0,FALSE,0,FALSE,0.014204545454545454,TRUE,3,Weak,Midwest,4,0,0,0.4,Evening
619919,2021,5,3,2021-05-03,19:00:00,America/Chicago,2021-05-04T00:00:00Z,TX,48,0,0,0,500,32.2771,-97.1279,32.2797,-97.1251,0.24,50,1,1,251,0,0,0,FALSE,0,FALSE,0.006818181818181818,TRUE,2,Weak,South,2.6989700043360187,0,1,0.8297872340425532,Night
517601,2014,6,5,2014-06-05,13:14:00,America/Chicago,2014-06-05T18:14:00Z,SD,46,0,0,0,10000,43.63,-96.9,43.631,-96.897,0.17,50,1,1,99,0,0,0,FALSE,0,FALSE,0.004829545454545454,TRUE,3,Weak,Midwest,4,0,0,0.6206896551724138,Evening
412013,2012,8,31,2012-08-31,14:27:00,America/Chicago,2012-08-31T19:27:00Z,IL,17,0,0,0,10000,39.2823,-90.4076,39.3031,-90.4088,1.44,60,1,1,61,0,0,0,FALSE,0,FALSE,0.04909090909090909,TRUE,3,Weak,Midwest,4,0,9,0.6,Evening
851,2005,6,5,2005-06-05,17:44:00,America/Chicago,2005-06-05T22:44:00Z,TX,48,0,0,0,10000,32.63,-101.23,32.62,-101.25,1,100,1,1,33,0,0,0,FALSE,0,FALSE,0.056818181818181816,TRUE,3,Weak,South,4,0,0,0.26666666666666666,Evening
461,2008,4,11,2008-04-11,13:07:00,America/Chicago,2008-04-11T18:07:00Z,AL,1,0,0,0,10000,34.88,-86.61,34.9,-86.57,3.78,200,1,1,89,0,0,0,FALSE,0,FALSE,0.4295454545454545,TRUE,2,Weak,South,4,0,6,0.8494623655913979,Evening
632,1987,11,16,1987-11-16,15:28:00,America/Chicago,1987-11-16T21:28:00Z,MS,28,2,0,0,500000,31.82,-90.02,32.05,-89.77,20,100,1,1,127,0,0,0,FALSE,0,FALSE,1.1363636363636362,TRUE,4,Strong,South,5.698970004336019,2,6,1.1428571428571428,Evening
322,1997,6,24,1997-06-24,02:15:00,America/Chicago,1997-06-24T07:15:00Z,SD,46,0,0,0,10000,45.45,-101.07,45.45,-101.07,0.1,10,1,1,41,0,0,0,FALSE,0,FALSE,5.681818181818183e-4,TRUE,3,Weak,Midwest,4,0,0,0.13333333333333333,Morning
647,1988,11,19,1988-11-19,15:19:00,America/Chicago,1988-11-19T21:19:00Z,LA,22,1,0,0,500,32.62,-93.33,0,0,0.2,10,1,1,119,0,0,0,FALSE,0,FALSE,0.0011363636363636365,TRUE,4,Weak,South,2.6989700043360187,1,0,0.6666666666666666,Evening
453,1982,5,20,1982-05-20,16:23:00,America/Chicago,1982-05-20T21:23:00Z,KS,20,1,0,0,500000,37.7,-95.47,0,0,2,200,1,1,133,0,0,0,FALSE,0,FALSE,0.22727272727272727,TRUE,2,Weak,Midwest,5.698970004336019,1,4,0.7068965517241379,Evening
1175,1999,5,3,1999-05-03,21:03:00,America/Chicago,1999-05-04T02:03:00Z,OK,40,3,0,0,180000,35.55,-97.97,35.77,-97.83,22,350,1,1,17,73,0,0,FALSE,0,FALSE,4.375,TRUE,2,Strong,South,5.2552725051033065,3,42,0.7163120567375887,Night
497,1998,7,14,1998-07-14,20:14:00,America/Chicago,1998-07-15T01:14:00Z,MN,27,0,0,0,10000,44.95,-95.03,44.95,-95.03,0.1,50,1,1,67,0,0,0,FALSE,0,FALSE,0.002840909090909091,TRUE,3,Weak,Midwest,4,0,3,0.5423728813559322,Night
323,1958,7,1,1958-07-01,21:45:00,America/Chicago,1958-07-02T02:45:00Z,NE,31,2,0,0,500000,41.15,-102.63,40.93,-102.57,15.2,10,1,1,33,49,0,0,FALSE,0,FALSE,0.08636363636363636,TRUE,3,Strong,Midwest,5.698970004336019,2,0,0.7222222222222222,Night
621920,2022,9,28,2022-09-28,00:25:00,America/Chicago,2022-09-28T05:25:00Z,FL,12,0,0,0,50000,26.827,-81.0781,26.8376,-81.0912,1.09,75,1,1,43,0,0,0,FALSE,0,FALSE,0.046448863636363635,TRUE,4,Weak,South,4.698970004336019,0,2,0.5652173913043478,Night
174,1994,4,25,1994-04-25,18:35:00,America/Chicago,1994-04-25T23:35:00Z,OK,40,1,0,0,50000,34.68,-94.88,0,0,2,30,1,1,79,0,0,0,FALSE,0,FALSE,0.03409090909090909,TRUE,2,Weak,South,4.698970004336019,1,0,0.3902439024390244,Evening
832,2008,5,23,2008-05-23,18:15:00,America/Chicago,2008-05-23T23:15:00Z,KS,20,0,0,0,10000,39.18,-100.28,39.26,-100.26,6.1,350,1,1,179,0,0,0,FALSE,0,FALSE,1.2130681818181817,TRUE,2,Weak,Midwest,4,0,4,0.518918918918919,Evening
475305,2013,8,14,2013-08-14,17:40:00,America/Chicago,2013-08-14T22:40:00Z,TX,48,0,0,0,10000,35.95,-101.57,35.95,-101.57,0.11,40,1,1,233,0,0,0,FALSE,0,FALSE,0.0025,TRUE,3,Weak,South,4,0,7,0.34523809523809523,Evening
512,1984,6,7,1984-06-07,21:30:00,America/Chicago,1984-06-08T02:30:00Z,MO,29,2,0,0,500000,39.87,-94.1,0,0,1,100,1,1,61,0,0,0,FALSE,0,FALSE,0.056818181818181816,TRUE,3,Strong,Midwest,5.698970004336019,2,5,1.05,Night
302467,2011,4,15,2011-04-15,09:51:00,America/Chicago,2011-04-15T14:51:00Z,MS,28,3,10,0,8000000,32.2908,-90.3754,32.3919,-90.1188,16.53,528,1,1,49,0,0,0,FALSE,10,FALSE,4.9590000000000005,TRUE,2,Strong,South,6.903089986991944,3,42,1.3404255319148937,Afternoon
1218,1999,6,29,1999-06-29,18:50:00,America/Chicago,1999-06-29T23:50:00Z,TX,48,0,0,0,10000,36.07,-101.47,36.07,-101.47,0.1,0,1,1,195,0,0,0,FALSE,0,FALSE,0,TRUE,3,Weak,South,4,0,6,0.47878787878787876,Evening
32,1972,1,13,1972-01-13,17:45:00,America/Chicago,1972-01-13T23:45:00Z,GA,13,0,0,0,5000,32.67,-81.63,0,0,0.5,50,1,1,251,0,0,0,FALSE,0,FALSE,0.014204545454545454,TRUE,1,Weak,South,3.6989700043360187,0,1,1.119047619047619,Evening
531591,2014,6,30,2014-06-30,21:39:00,America/Chicago,2014-07-01T02:39:00Z,IN,18,1,0,0,50000,41.2537,-87.4601,41.2522,-87.4106,2.57,250,1,1,89,0,0,0,FALSE,0,FALSE,0.3650568181818182,TRUE,3,Weak,Midwest,4.698970004336019,1,0,0.7777777777777778,Night
912,1974,10,30,1974-10-30,16:00:00,America/Chicago,1974-10-30T22:00:00Z,TX,48,2,0,0,50000,33.72,-96.9,0,0,0.1,10,1,1,181,0,0,0,FALSE,0,FALSE,5.681818181818183e-4,TRUE,4,Strong,South,4.698970004336019,2,3,1.146551724137931,Evening
793,2002,7,24,2002-07-24,18:25:00,America/Chicago,2002-07-24T23:25:00Z,NE,31,0,0,0,10000,41.57,-99.13,41.57,-99.13,0.1,25,1,1,175,0,0,0,FALSE,0,FALSE,0.0014204545454545455,TRUE,3,Weak,Midwest,4,0,0,0.037037037037037035,Evening
1242,2004,5,31,2004-05-31,00:00:00,America/Chicago,2004-05-31T05:00:00Z,KY,21,0,0,0,10000,37.38,-83.77,37.38,-83.77,0.1,366,1,1,189,0,0,0,FALSE,0,FALSE,0.020795454545454548,TRUE,2,Weak,South,4,0,0,0.6363636363636364,Night
398,1955,6,17,1955-06-17,13:30:00,America/Chicago,1955-06-17T18:30:00Z,KS,20,0,0,0,10000,37.27,-100.35,0,0,0.1,10,1,1,119,0,0,0,FALSE,0,FALSE,5.681818181818183e-4,TRUE,3,Weak,Midwest,4,0,1,0.59375,Evening
538,1988,9,22,1988-09-22,20:00:00,America/Chicago,1988-09-23T01:00:00Z,NM,35,0,0,0,10000,33.12,-104.37,0,0,0.1,10,1,1,5,0,0,0,FALSE,0,FALSE,5.681818181818183e-4,TRUE,4,Weak,West,4,0,0,0.2,Night
618687,2020,3,12,2020-03-12,16:17:00,America/Chicago,2020-03-12T21:17:00Z,MO,29,0,0,0,5000,36.8794,-90.6777,36.8748,-90.6726,0.42,75,1,1,35,0,0,0,FALSE,0,FALSE,0.01789772727272727,TRUE,2,Weak,Midwest,3.6989700043360187,0,0,0.3684210526315789,Evening
137,2007,3,23,2007-03-23,19:59:00,America/Chicago,2007-03-24T00:59:00Z,TX,48,0,0,0,10000,34.37,-103.03,34.35,-103.03,1,50,1,1,369,0,0,0,FALSE,0,FALSE,0.028409090909090908,TRUE,2,Weak,South,4,0,11,0.41919191919191917,Night
786,1989,10,15,1989-10-15,20:20:00,America/Chicago,1989-10-16T01:20:00Z,TX,48,0,0,0,10000,29.5,-95.1,0,0,0.2,10,1,1,167,0,0,0,FALSE,0,FALSE,0.0011363636363636365,TRUE,4,Weak,South,4,0,1,0.7,Night
613946,2016,5,22,2016-05-22,20:00:00,America/Chicago,2016-05-23T01:00:00Z,KS,20,1,0,0,50000,38.2837,-101.0218,38.2985,-100.9402,6.4,100,1,1,171,0,0,0,FALSE,0,FALSE,0.36363636363636365,TRUE,2,Weak,Midwest,4.698970004336019,1,0,0.5588235294117647,Night
510331,2014,6,3,2014-06-03,21:30:00,America/Chicago,2014-06-04T02:30:00Z,KS,20,3,2,0,500000,39.97,-96.0455,39.9274,-95.9397,6.33,500,1,1,131,0,0,0,FALSE,2,FALSE,1.7982954545454548,TRUE,3,Strong,Midwest,5.698970004336019,3,0,0.35,Night
621,2001,4,8,2001-04-08,21:49:00,America/Chicago,2001-04-09T02:49:00Z,IA,19,1,1,0,100000,41.13,-94.73,41.13,-94.72,1,50,1,1,3,0,0,0,FALSE,1,FALSE,0.028409090909090908,TRUE,2,Weak,Midwest,5,1,2,0.3557692307692308,Night
618842,2020,4,12,2020-04-12,20:12:00,America/Chicago,2020-04-13T01:12:00Z,AL,1,2,0,0,315000,34.1239,-86.7087,34.1337,-86.6669,2.5,350,1,1,43,0,0,0,FALSE,0,FALSE,0.4971590909090909,TRUE,2,Strong,South,5.498310553789601,2,5,0.8571428571428571,Night
1121,1997,10,23,1997-10-23,17:35:00,America/Chicago,1997-10-23T22:35:00Z,TX,48,0,0,0,10000,30.57,-94.68,30.67,-94.57,10,23,1,1,373,0,0,0,FALSE,0,FALSE,0.13068181818181818,TRUE,4,Weak,South,4,0,29,0.43455497382198954,Evening
450,1983,6,3,1983-06-03,17:35:00,America/Chicago,1983-06-03T22:35:00Z,TX,48,0,0,0,50,32.43,-99.3,0,0,0.1,17,1,1,133,0,0,0,FALSE,0,FALSE,9.65909090909091e-4,TRUE,3,Weak,South,1.6989700043360187,0,8,0.5268817204301075,Evening
575541,2015,7,1,2015-07-01,20:56:00,America/Chicago,2015-07-02T01:56:00Z,MO,29,1,0,0,500000,38.2844,-93.4278,38.2431,-93.3966,3.25,600,1,1,15,0,0,0,FALSE,0,FALSE,1.1079545454545454,TRUE,3,Weak,Midwest,5.698970004336019,1,0,0.5106382978723404,Night
530653,2014,6,26,2014-06-26,16:55:00,America/Chicago,2014-06-26T21:55:00Z,WY,56,0,0,0,10000,44.053,-105.689,44.053,-105.689,0.33,30,1,1,5,0,0,0,FALSE,0,FALSE,0.005625,TRUE,3,Weak,West,4,0,0,0.3076923076923077,Evening
78,1950,5,4,1950-05-04,21:45:00,America/Chicago,1950-05-05T02:45:00Z,OK,40,2,0,0,500000,36.57,-99.57,0,0,1,100,1,1,153,0,0,0,FALSE,0,FALSE,0.056818181818181816,TRUE,2,Strong,South,5.698970004336019,2,6,1.565217391304348,Night
119,1989,4,22,1989-04-22,10:20:00,America/Chicago,1989-04-22T15:20:00Z,IA,19,0,0,0,10000,42.27,-94.1,0,0,0.2,30,1,1,187,0,0,0,FALSE,0,FALSE,0.003409090909090909,TRUE,2,Weak,Midwest,4,0,0,0.7931034482758621,Afternoon
301983,2011,6,21,2011-06-21,00:15:00,America/Chicago,2011-06-21T05:15:00Z,IA,19,0,0,0,75000,42.0851,-92.4039,42.0881,-92.3889,0.8,30,1,1,171,0,0,0,FALSE,0,FALSE,0.013636363636363636,TRUE,3,Weak,Midwest,4.8750612633917,0,0,0.9019607843137255,Night
460,1982,5,20,1982-05-20,19:37:00,America/Chicago,1982-05-21T00:37:00Z,OK,40,1,0,0,500000,34.65,-98.4,0,0,0.5,50,1,1,31,0,0,0,FALSE,0,FALSE,0.014204545454545454,TRUE,2,Weak,South,5.698970004336019,1,3,1.0909090909090908,Night
55,1974,3,10,1974-03-10,15:00:00,America/Chicago,1974-03-10T20:00:00Z,OK,40,1,0,0,5000,35.15,-96.7,35.17,-96.65,3.3,33,1,1,133,0,0,0,FALSE,0,FALSE,0.06187499999999999,TRUE,2,Weak,South,3.6989700043360187,1,16,1.7555555555555555,Evening
811,1996,10,7,1996-10-07,13:15:00,America/Chicago,1996-10-07T18:15:00Z,FL,12,0,0,0,60000,29,-82.17,29.02,-82.17,0.2,20,1,1,83,0,0,0,FALSE,0,FALSE,0.002272727272727273,TRUE,4,Weak,South,4.778151250383644,0,3,0.25757575757575757,Evening
715,1973,6,26,1973-06-26,17:13:00,America/Chicago,1973-06-26T22:13:00Z,OH,39,1,1,0,50000,41.1,-83.67,0,0,2,33,1,1,63,0,0,0,FALSE,1,FALSE,0.0375,TRUE,3,Weak,Midwest,4.698970004336019,1,6,0.9069767441860465,Evening
109,1991,3,22,1991-03-22,17:25:00,America/Chicago,1991-03-22T23:25:00Z,TN,47,1,0,0,50000,35.22,-88.32,0,0,1,50,1,1,71,0,0,0,FALSE,0,FALSE,0.028409090909090908,TRUE,2,Weak,South,4.698970004336019,1,5,1.2222222222222223,Evening
1633,2008,11,14,2008-11-14,21:50:00,America/Chicago,2008-11-15T03:50:00Z,SC,45,1,0,0,510000,33.67,-80.54,33.71,-80.5,8.13,200,1,1,17,85,0,0,FALSE,0,FALSE,0.9238636363636364,TRUE,4,Weak,South,5.707570176097937,1,0,0.6964285714285714,Night
330508,2011,6,29,2011-06-29,19:09:00,America/Chicago,2011-06-30T00:09:00Z,MT,30,1,0,0,300000,48.5279,-107.33,48.5279,-107.33,0.75,25,1,1,71,0,0,0,FALSE,0,FALSE,0.01065340909090909,TRUE,3,Weak,West,5.477121254719663,1,0,0.3333333333333333,Night
169,1967,4,21,1967-04-21,15:03:00,America/Chicago,1967-04-21T21:03:00Z,MO,29,0,0,0,50,39.1,-93.65,0,0,0.1,10,1,1,107,0,0,0,FALSE,0,FALSE,5.681818181818183e-4,TRUE,2,Weak,Midwest,1.6989700043360187,0,8,1.2571428571428571,Evening
194,1958,6,1,1958-06-01,20:10:00,America/Chicago,1958-06-02T01:10:00Z,NE,31,2,0,0,5000,41.77,-102.98,41.77,-102.98,0.1,10,1,1,123,0,0,0,FALSE,0,FALSE,5.681818181818183e-4,TRUE,3,Strong,Midwest,3.6989700043360187,2,0,0.7222222222222222,Night
179,1960,5,5,1960-05-05,19:10:00,America/Chicago,1960-05-06T00:10:00Z,OK,40,4,106,16,5000000,34.88,-95.3,35.45,-94.82,62.4,200,1,1,77,61,135,0,FALSE,122,TRUE,7.090909090909091,TRUE,2,Violent,South,6.698970004336019,4,35,1.6020408163265305,Night
268,1990,5,4,1990-05-04,15:22:00,America/Chicago,1990-05-04T20:22:00Z,VA,51,2,10,2,5000000,38.1,-79.33,0,0,7,27,1,1,15,0,0,0,FALSE,12,TRUE,0.10738636363636364,TRUE,2,Strong,South,6.698970004336019,2,3,1,Evening
750,1973,7,1,1973-07-01,17:15:00,America/Chicago,1973-07-01T22:15:00Z,SD,46,3,3,1,50000,45.25,-98.5,0,0,0.3,30,1,1,13,0,0,0,FALSE,4,TRUE,0.005113636363636363,TRUE,3,Strong,Midwest,4.698970004336019,3,2,1.2142857142857142,Evening
807,2004,4,20,2004-04-20,16:44:00,America/Chicago,2004-04-20T21:44:00Z,IL,17,3,12,8,8000000,41.25,-89.28,41.33,-89.02,15.8,880,1,1,155,99,0,0,FALSE,20,TRUE,7.9,TRUE,2,Strong,Midwest,6.903089986991944,3,9,0.5375,Evening
1048,1997,9,18,1997-09-18,17:15:00,America/Chicago,1997-09-18T22:15:00Z,MN,27,3,1,1,1700000,46.07,-94.05,46.08,-93.67,17,800,1,1,97,95,0,0,FALSE,2,TRUE,7.727272727272727,TRUE,4,Strong,Midwest,6.230448921378274,3,1,0.5957446808510638,Evening
617707,2019,5,22,2019-05-22,00:29:00,America/Chicago,2019-05-22T05:29:00Z,IA,19,2,1,1,500000,41.4557,-94.6249,41.524,-94.6152,4.75,150,1,1,1,77,0,0,FALSE,2,TRUE,0.4048295454545454,TRUE,2,Strong,Midwest,5.698970004336019,2,1,0.8571428571428571,Night
303871,2011,4,27,2011-04-27,18:38:00,America/Chicago,2011-04-27T23:38:00Z,VA,51,2,7,1,315000,36.7825,-79.0945,36.9796,-78.8786,18.1,350,1,1,83,0,0,0,FALSE,8,TRUE,3.5994318181818183,TRUE,2,Strong,South,5.498310553789601,2,6,0.75,Evening
545,2004,9,15,2004-09-15,20:07:00,America/Chicago,2004-09-16T01:07:00Z,FL,12,2,5,4,2500000,30.5,-85.05,30.57,-85.12,7,600,1,1,13,0,0,0,FALSE,9,TRUE,2.3863636363636362,TRUE,4,Strong,South,6.3979400086720375,2,6,0.3173076923076923,Night
255,1961,5,5,1961-05-05,20:30:00,America/Chicago,1961-05-06T01:30:00Z,AR,5,2,4,1,50000,35.45,-93.13,0,0,1,50,1,1,115,0,0,0,FALSE,5,TRUE,0.028409090909090908,TRUE,2,Strong,South,4.698970004336019,2,7,1.6944444444444444,Night
368708,2012,3,2,2012-03-02,18:04:00,America/Chicago,2012-03-03T00:04:00Z,KY,21,2,40,6,5000000,37.1954,-84.2114,37.2358,-84.0918,7.15,310,1,1,125,0,0,0,FALSE,46,TRUE,1.2593750000000001,TRUE,2,Strong,South,6.698970004336019,2,25,1.3170731707317074,Night
439,1978,6,17,1978-06-17,18:15:00,America/Chicago,1978-06-17T23:15:00Z,KS,20,1,3,16,500000,38.68,-95.65,38.68,-95.52,7.3,150,1,1,139,0,0,0,FALSE,19,TRUE,0.6221590909090908,TRUE,3,Weak,Midwest,5.698970004336019,1,19,0.5384615384615384,Evening
50,1986,3,10,1986-03-10,16:03:00,America/Chicago,1986-03-10T22:03:00Z,OH,39,2,10,1,5000000,41.05,-82.68,41.17,-82.58,8,200,1,1,77,0,0,0,FALSE,11,TRUE,0.9090909090909091,TRUE,2,Strong,Midwest,6.698970004336019,2,3,1.3181818181818181,Evening
196,1974,4,3,1974-04-03,18:44:00,America/Chicago,1974-04-03T23:44:00Z,MI,26,2,31,2,5000000,41.92,-84.65,42.12,-84.37,19.3,440,1,1,59,75,0,0,FALSE,33,TRUE,4.825,TRUE,2,Strong,Midwest,6.698970004336019,2,3,1.5897435897435896,Evening
86,1959,4,2,1959-04-02,06:30:00,America/Chicago,1959-04-02T12:30:00Z,FL,12,2,9,1,500000,28.57,-81.27,0,0,0.1,100,1,1,95,0,0,0,FALSE,10,TRUE,0.005681818181818182,TRUE,2,Strong,South,5.698970004336019,2,1,1.1111111111111112,Afternoon
174,1960,5,5,1960-05-05,18:16:00,America/Chicago,1960-05-05T23:16:00Z,OK,40,3,15,2,500000,35.48,-95.85,0,0,0.8,150,1,1,111,0,0,0,FALSE,17,TRUE,0.06818181818181818,TRUE,2,Strong,South,5.698970004336019,3,35,1.6020408163265305,Evening
817,1976,9,26,1976-09-26,16:55:00,America/Chicago,1976-09-26T21:55:00Z,IN,18,3,1,1,500000,38.8,-85.67,38.75,-85.4,14.6,300,1,1,77,0,0,0,FALSE,2,TRUE,2.4886363636363633,TRUE,4,Strong,Midwest,5.698970004336019,3,3,1.0833333333333333,Evening
334,1964,5,29,1964-05-29,13:03:00,America/Chicago,1964-05-29T18:03:00Z,NM,35,3,8,1,500000,36.53,-104.58,36.52,-104.53,3,10,1,1,7,0,0,0,FALSE,9,TRUE,0.017045454545454544,TRUE,2,Strong,West,5.698970004336019,3,1,1.2727272727272727,Evening
508387,2014,4,28,2014-04-28,17:27:00,America/Chicago,2014-04-28T22:27:00Z,MS,28,3,10,1,13084000,32.2291,-90.2225,32.3269,-89.7269,29.72,400,1,1,49,121,123,0,FALSE,11,TRUE,6.754545454545454,TRUE,2,Strong,South,7.116740535452944,3,16,1.175,Evening
275,2008,3,14,2008-03-14,19:38:00,America/Chicago,2008-03-15T00:38:00Z,GA,13,2,30,1,25050000,33.77,-84.43,33.73,-84.33,6.25,200,1,1,121,89,0,0,FALSE,31,TRUE,0.7102272727272727,TRUE,2,Strong,South,7.398807730203265,2,5,1.0161290322580645,Night
123,1993,4,8,1993-04-08,13:10:00,America/Chicago,1993-04-08T18:10:00Z,LA,22,2,39,3,5000000,29.2,-90.17,29.25,-90,6,250,1,1,51,0,0,0,FALSE,42,TRUE,0.8522727272727273,TRUE,2,Strong,South,6.698970004336019,2,3,0.9166666666666666,Evening
313,1954,6,2,1954-06-02,17:30:00,America/Chicago,1954-06-02T22:30:00Z,TX,48,2,8,1,50000,33.4,-95.7,33.45,-95.62,5.9,1000,1,1,119,0,0,0,FALSE,9,TRUE,3.352272727272728,TRUE,3,Strong,South,4.698970004336019,2,3,1.3246753246753247,Evening
94,1997,3,28,1997-03-28,19:15:00,America/Chicago,1997-03-29T01:15:00Z,KY,21,2,6,1,3000000,37.18,-85.32,37.22,-85.08,10,200,1,1,169,0,0,0,FALSE,7,TRUE,1.1363636363636362,TRUE,2,Strong,South,6.477121254719663,2,3,0.8421052631578947,Night
634,2000,2,13,2000-02-13,22:42:00,America/Chicago,2000-02-14T04:42:00Z,GA,13,3,175,11,20000000,31.17,-84.27,31.23,-84.12,9.2,300,1,1,205,0,0,0,FALSE,186,TRUE,1.568181818181818,TRUE,1,Strong,South,7.301029995663981,3,19,0.8571428571428571,Night
980,1973,11,19,1973-11-19,19:30:00,America/Chicago,1973-11-20T01:30:00Z,OK,40,3,36,5,5000000,35.13,-97.65,35.43,-97.45,24.2,500,1,1,87,27,109,0,FALSE,41,TRUE,6.875,TRUE,4,Strong,South,6.698970004336019,3,12,1.44,Night
220,2003,5,4,2003-05-04,16:45:00,America/Chicago,2003-05-04T21:45:00Z,KS,20,3,34,5,23900000,37.08,-94.95,37.2,-94.52,25,880,2,0,0,0,0,0,FALSE,39,TRUE,12.5,TRUE,2,Strong,Midwest,7.378397900948138,3,11,0.5434782608695652,Evening
336,1985,5,31,1985-05-31,15:10:00,America/Chicago,1985-05-31T20:10:00Z,PA,42,2,0,1,315000,41.65,-80.42,41.68,-80.35,4,200,1,1,39,0,0,0,FALSE,1,TRUE,0.45454545454545453,TRUE,2,Strong,Northeast,5.498310553789601,2,29,1.7857142857142858,Evening
144,1981,4,30,1981-04-30,20:15:00,America/Chicago,1981-05-01T01:15:00Z,OK,40,2,4,1,500000,35.3,-97.97,34.88,-97.88,29.1,10,1,1,51,0,0,0,FALSE,5,TRUE,0.1653409090909091,TRUE,2,Strong,South,5.698970004336019,2,6,1.3157894736842106,Night
738,1978,9,16,1978-09-16,19:25:00,America/Chicago,1978-09-17T00:25:00Z,IA,19,3,45,6,500000,41.97,-93.18,41.65,-92.7,31.8,200,1,1,127,99,157,0,FALSE,51,TRUE,3.6136363636363638,TRUE,4,Strong,Midwest,5.698970004336019,3,6,1.173913043478261,Night
199,1989,5,5,1989-05-05,18:01:00,America/Chicago,1989-05-05T23:01:00Z,NC,37,4,6,1,50000000,34.98,-80.73,35.1,-80.55,13,500,1,1,179,0,0,0,FALSE,7,TRUE,3.6931818181818183,TRUE,2,Violent,South,7.698970004336019,4,5,1.565217391304348,Evening
114,1977,4,4,1977-04-04,15:15:00,America/Chicago,1977-04-04T21:15:00Z,GA,13,3,15,1,5000000,34.17,-85.2,34.25,-85.08,8.8,400,1,1,115,0,0,0,FALSE,16,TRUE,2,TRUE,2,Strong,South,6.698970004336019,3,1,1.2352941176470589,Evening
67,1952,3,21,1952-03-21,19:00:00,America/Chicago,1952-03-22T01:00:00Z,AR,5,3,57,1,500000,35.67,-90.52,35.95,-89.9,39.7,880,1,1,93,0,0,0,FALSE,58,TRUE,19.85,TRUE,2,Strong,South,5.698970004336019,3,112,2.3076923076923075,Night
283,1973,5,1,1973-05-01,20:30:00,America/Chicago,1973-05-02T01:30:00Z,MO,29,3,20,2,5000000,40.42,-91.73,40.45,-91.67,3.6,440,1,1,45,0,0,0,FALSE,22,TRUE,0.9,TRUE,2,Strong,Midwest,6.698970004336019,3,8,1.518987341772152,Night
621574,2022,5,20,2022-05-20,13:35:00,America/Chicago,2022-05-20T18:35:00Z,MI,26,3,44,2,50175000,44.9743,-84.8794,45.0555,-84.5408,17.54,200,1,1,9,137,0,0,FALSE,46,TRUE,1.993181818181818,TRUE,2,Strong,Midwest,7.700487381159523,3,2,0.75,Evening
157,1953,5,10,1953-05-10,17:30:00,America/Chicago,1953-05-10T22:30:00Z,IA,19,4,24,2,5000000,43.45,-92.4,45.5,-90.42,162,100,3,0,0,0,0,0,FALSE,26,TRUE,9.204545454545455,TRUE,2,Violent,Midwest,6.698970004336019,4,4,2.3043478260869565,Evening
365,1978,5,31,1978-05-31,15:30:00,America/Chicago,1978-05-31T20:30:00Z,KS,20,3,1,3,500000,39.32,-96.38,39.47,-95.72,37,1300,1,1,149,85,0,0,FALSE,4,TRUE,27.329545454545453,TRUE,2,Strong,Midwest,5.698970004336019,3,19,0.5384615384615384,Evening
626,1986,8,15,1986-08-15,16:30:00,America/Chicago,1986-08-15T21:30:00Z,NY,36,2,3,1,500000,44.28,-75.57,0,0,0.2,10,1,1,89,0,0,0,FALSE,4,TRUE,0.0011363636363636365,TRUE,3,Strong,Northeast,5.698970004336019,2,1,1.2222222222222223,Evening
230,1967,4,30,1967-04-30,18:05:00,America/Chicago,1967-04-30T23:05:00Z,MN,27,3,23,2,50000000,43.67,-93.58,43.93,-93.67,18.4,100,1,1,47,161,0,0,FALSE,25,TRUE,1.0454545454545454,TRUE,2,Strong,Midwest,7.698970004336019,3,14,1.0384615384615385,Evening
172,1965,4,11,1965-04-11,22:30:00,America/Chicago,1965-04-12T04:30:00Z,OH,39,2,62,4,5000000,40.37,-83.27,40.47,-82.83,22.2,400,1,1,159,41,117,0,FALSE,66,TRUE,5.045454545454545,TRUE,2,Strong,Midwest,6.698970004336019,2,62,1.8387096774193548,Night
616936,2018,11,6,2018-11-06,00:16:00,America/Chicago,2018-11-06T06:16:00Z,TN,47,2,3,1,3790000,35.6504,-86.5305,35.7043,-86.3988,8.45,150,1,1,3,149,0,0,FALSE,4,TRUE,0.7201704545454545,TRUE,4,Strong,South,6.578639209968072,2,2,0.68,Morning
945,1992,8,25,1992-08-25,20:10:00,America/Chicago,1992-08-26T01:10:00Z,LA,22,3,32,2,50000000,30.07,-90.45,30.12,-90.62,9,150,1,1,95,0,0,0,FALSE,34,TRUE,0.7670454545454545,TRUE,3,Strong,South,7.698970004336019,3,2,1.139240506329114,Night
41,1995,2,16,1995-02-16,04:59:00,America/Chicago,1995-02-16T10:59:00Z,AL,1,3,130,6,5000000,34.25,-86.58,34.27,-86.32,14,703,1,1,43,95,0,0,FALSE,136,TRUE,5.592045454545454,TRUE,1,Strong,South,6.698970004336019,3,7,0.4594594594594595,Morning
1026,2006,11,15,2006-11-15,01:55:00,America/Chicago,2006-11-15T07:55:00Z,LA,22,2,2,1,500000,30.75,-90.54,30.8,-90.55,6.02,100,1,1,91,105,0,0,FALSE,3,TRUE,0.3420454545454545,TRUE,4,Strong,South,5.698970004336019,2,1,0.4878048780487805,Morning
558,2001,11,23,2001-11-23,19:36:00,America/Chicago,2001-11-24T01:36:00Z,AR,5,2,4,1,2000000,35.45,-93.78,35.75,-93.4,31.5,500,1,1,47,71,101,0,FALSE,5,TRUE,8.948863636363637,TRUE,4,Strong,South,6.301029995663981,2,2,1.0256410256410255,Night
30,1990,2,9,1990-02-09,23:50:00,America/Chicago,1990-02-10T05:50:00Z,MS,28,1,4,1,500000,32.62,-89.9,0,0,1,40,1,1,89,0,0,0,FALSE,5,TRUE,0.022727272727272728,TRUE,1,Weak,South,5.698970004336019,1,3,1.1304347826086956,Night
106,1991,3,22,1991-03-22,16:35:00,America/Chicago,1991-03-22T22:35:00Z,TN,47,3,45,4,50000000,35.05,-88.72,35.23,-88.4,22,200,1,1,109,0,0,0,FALSE,49,TRUE,2.5,TRUE,2,Strong,South,7.698970004336019,3,5,1.2222222222222223,Evening
220,1976,3,30,1976-03-30,13:40:00,America/Chicago,1976-03-30T19:40:00Z,MI,26,3,7,1,500000,44.27,-83.93,44.37,-83.92,6.4,117,1,1,129,0,0,0,FALSE,8,TRUE,0.42545454545454553,TRUE,2,Strong,Midwest,5.698970004336019,3,3,1.5625,Evening
330,1978,5,26,1978-05-26,22:19:00,America/Chicago,1978-05-27T03:19:00Z,TX,48,0,0,1,10000,34.72,-100.53,34.77,-100.48,4.5,60,1,1,191,0,0,0,FALSE,1,TRUE,0.15340909090909088,TRUE,2,Weak,South,4,0,1,0.4744525547445255,Night
113,1977,4,4,1977-04-04,15:00:00,America/Chicago,1977-04-04T21:00:00Z,AL,1,5,130,22,50000000,33.52,-86.93,33.6,-86.7,14.7,550,1,1,73,0,0,0,FALSE,152,TRUE,4.59375,TRUE,2,Violent,South,7.698970004336019,5,23,2,Evening
896,1983,12,6,1983-12-06,02:51:00,America/Chicago,1983-12-06T08:51:00Z,AL,1,3,19,1,5000000,32.4,-87.07,32.55,-86.9,13,500,1,1,47,0,0,0,FALSE,20,TRUE,3.6931818181818183,TRUE,1,Strong,South,6.698970004336019,3,3,1.3777777777777778,Morning
106,2008,2,5,2008-02-05,18:21:00,America/Chicago,2008-02-06T00:21:00Z,TN,47,3,14,3,10300000,35.37,-89.37,35.65,-88.94,31.13,600,1,1,47,75,113,0,FALSE,17,TRUE,10.612499999999999,TRUE,1,Strong,South,7.012837224705172,3,28,1.2142857142857142,Night
156,1974,4,3,1974-04-03,16:15:00,America/Chicago,1974-04-03T21:15:00Z,TN,47,3,50,3,500000,35.18,-84.87,35.32,-84.55,21.2,500,1,1,11,11,139,107,FALSE,53,TRUE,6.022727272727273,TRUE,2,Strong,South,5.698970004336019,3,47,1.813953488372093,Evening
693,1982,6,17,1982-06-17,20:15:00,America/Chicago,1982-06-18T01:15:00Z,FL,12,2,4,1,500000,26.72,-81.5,26.83,-81.45,8,17,1,1,51,43,0,0,FALSE,5,TRUE,0.07727272727272727,TRUE,3,Strong,South,5.698970004336019,2,2,0.6376811594202898,Night
793,1997,7,23,1997-07-23,21:53:00,America/Chicago,1997-07-24T02:53:00Z,SC,45,2,6,1,920000,33.85,-81.05,33.88,-81.02,3.5,200,1,1,63,0,0,0,FALSE,7,TRUE,0.3977272727272727,TRUE,3,Strong,South,5.963787827345556,2,1,0.9411764705882353,Night
54,1952,3,21,1952-03-21,16:50:00,America/Chicago,1952-03-21T22:50:00Z,AR,5,4,325,50,5000000,35.22,-91.7,35.37,-91.52,14.6,1760,1,1,145,0,0,0,FALSE,375,TRUE,14.6,TRUE,2,Violent,South,6.698970004336019,4,112,2.3076923076923075,Evening
846,1984,10,16,1984-10-16,19:05:00,America/Chicago,1984-10-17T00:05:00Z,TN,47,1,2,1,5000000,36.02,-88.63,0,0,0.5,50,1,1,17,0,0,0,FALSE,3,TRUE,0.014204545454545454,TRUE,4,Weak,South,6.698970004336019,1,1,1.0909090909090908,Night
39,1950,3,27,1950-03-27,05:00:00,America/Chicago,1950-03-27T11:00:00Z,MS,28,2,2,1,315000,33.17,-90.55,0,0,0.1,10,1,1,53,0,0,0,FALSE,3,TRUE,5.681818181818183e-4,TRUE,2,Strong,South,5.498310553789601,2,6,1.6428571428571428,Morning
620740,2021,12,10,2021-12-10,20:27:00,America/Chicago,2021-12-11T02:27:00Z,IL,17,3,1,6,5000000,38.757,-90.058,38.781,-89.986,4.22,300,1,1,119,0,0,0,FALSE,7,TRUE,0.7193181818181817,TRUE,1,Strong,Midwest,6.698970004336019,3,6,0.821917808219178,Night
370174,2012,3,2,2012-03-02,16:33:00,America/Chicago,2012-03-02T22:33:00Z,OH,39,2,2,1,2000000,38.811,-83.5182,38.8417,-83.3163,11.07,330,1,1,1,0,0,0,FALSE,3,TRUE,2.075625,TRUE,2,Strong,Midwest,6.301029995663981,2,1,0.25,Evening
660,1967,8,2,1967-08-02,02:05:00,America/Chicago,1967-08-02T07:05:00Z,WI,55,3,5,2,50000,43.13,-89.45,43.12,-89.43,0.1,200,1,1,25,0,0,0,FALSE,7,TRUE,0.011363636363636364,TRUE,3,Strong,Midwest,4.698970004336019,3,2,1.3666666666666667,Morning
25,2003,3,27,2003-03-27,16:46:00,America/Chicago,2003-03-27T22:46:00Z,FL,12,2,14,1,8000000,25.77,-80.2,25.77,-80.2,6,600,1,1,86,0,0,0,FALSE,15,TRUE,2.0454545454545454,TRUE,2,Strong,South,6.903089986991944,2,1,0.2727272727272727,Evening
13,1972,1,10,1972-01-10,10:25:00,America/Chicago,1972-01-10T16:25:00Z,GA,13,3,9,1,500000,33.67,-84.4,33.7,-84.3,6.3,200,1,1,121,89,0,0,FALSE,10,TRUE,0.7159090909090908,TRUE,1,Strong,South,5.698970004336019,3,1,1.119047619047619,Afternoon
29,1993,2,21,1993-02-21,16:05:00,America/Chicago,1993-02-21T22:05:00Z,TN,47,3,55,1,50000,35.83,-84.42,35.75,-84,30,100,1,1,145,105,9,0,FALSE,56,TRUE,1.7045454545454546,TRUE,1,Strong,South,4.698970004336019,3,1,1.3,Evening
333,1991,4,26,1991-04-26,19:10:00,America/Chicago,1991-04-27T00:10:00Z,OK,40,4,24,1,5000000,36.17,-96.52,36.38,-96,32,1700,1,1,117,113,0,0,FALSE,25,TRUE,30.90909090909091,TRUE,2,Violent,South,6.698970004336019,4,2,0.958904109589041,Night
379209,2012,6,24,2012-06-24,10:23:00,America/Chicago,2012-06-24T15:23:00Z,FL,12,0,0,1,15000,27.04,-81.36,27.1413,-81.3455,3.45,150,1,1,55,0,0,0,FALSE,1,TRUE,0.2940340909090909,TRUE,3,Weak,South,4.176091259055681,0,1,0.20833333333333334,Afternoon
616225,2018,5,15,2018-05-15,14:16:00,America/Chicago,2018-05-15T19:16:00Z,NY,36,0,0,1,50000,41.5359,-74.0123,41.5361,-73.9999,0.64,50,1,1,71,0,0,0,FALSE,1,TRUE,0.01818181818181818,TRUE,2,Weak,Northeast,4.698970004336019,0,1,0.6666666666666666,Evening
811,2003,5,6,2003-05-06,20:32:00,America/Chicago,2003-05-07T01:32:00Z,IL,17,4,33,2,16000000,37.27,-89.03,37.38,-88.48,33,1000,1,1,153,127,151,0,FALSE,35,TRUE,18.75,TRUE,2,Violent,Midwest,7.204119982655925,4,2,0.42857142857142855,Night
699,2000,3,28,2000-03-28,18:18:00,America/Chicago,2000-03-29T00:18:00Z,TX,48,3,80,2,500000,32.75,-97.35,32.75,-97.35,4,250,1,1,439,0,0,0,FALSE,82,TRUE,0.5681818181818182,TRUE,2,Strong,South,5.698970004336019,3,4,0.42857142857142855,Night
100,1978,4,18,1978-04-18,00:30:00,America/Chicago,1978-04-18T06:30:00Z,MS,28,4,31,4,500000,31.55,-90.12,31.67,-89.83,19.1,100,1,1,77,65,0,0,FALSE,35,TRUE,1.0852272727272727,TRUE,2,Violent,South,5.698970004336019,4,5,2.090909090909091,Morning
500,1969,8,9,1969-08-09,16:57:00,America/Chicago,1969-08-09T21:57:00Z,OH,39,3,247,4,5000000,39.22,-84.52,39.12,-84.12,22.2,400,1,1,61,25,0,0,FALSE,251,TRUE,5.045454545454545,TRUE,3,Strong,Midwest,6.698970004336019,3,5,1.4705882352941178,Evening
534,1955,9,16,1955-09-16,14:30:00,America/Chicago,1955-09-16T19:30:00Z,MN,27,1,0,1,500000,45.77,-93.55,45.85,-93.32,10.4,10,1,1,95,65,0,0,FALSE,1,TRUE,0.0590909090909091,TRUE,4,Weak,Midwest,5.698970004336019,1,2,1.5454545454545454,Evening
883,2006,9,16,2006-09-16,20:52:00,America/Chicago,2006-09-17T01:52:00Z,MN,27,2,0,1,30050000,45.2,-93.63,45.25,-93.43,8,100,1,1,53,3,0,0,FALSE,1,TRUE,0.45454545454545453,TRUE,4,Strong,Midwest,7.477844476338758,2,2,0.76,Night
37,1982,3,15,1982-03-15,17:57:00,America/Chicago,1982-03-15T23:57:00Z,OK,40,3,36,1,5000000,34.8,-96.7,34.85,-96.58,6,60,1,1,123,0,0,0,FALSE,37,TRUE,0.20454545454545453,TRUE,2,Strong,South,6.698970004336019,3,3,1.0909090909090908,Evening
29,1956,2,24,1956-02-24,23:45:00,America/Chicago,1956-02-25T05:45:00Z,MO,29,4,36,6,5000000,38.45,-90.92,38.62,-89.52,77.6,500,2,0,0,0,0,0,FALSE,42,TRUE,22.045454545454547,TRUE,1,Violent,Midwest,6.698970004336019,4,6,1.1818181818181819,Night
701,1964,12,25,1964-12-25,23:35:00,America/Chicago,1964-12-26T05:35:00Z,GA,13,3,16,2,5000000,32.72,-84,32.9,-83.67,0.1,600,1,1,79,1,169,9,FALSE,18,TRUE,0.03409090909090909,TRUE,1,Strong,South,6.698970004336019,3,2,1.5,Night
149,1951,6,19,1951-06-19,17:30:00,America/Chicago,1951-06-19T22:30:00Z,MN,27,4,20,1,5000000,44.88,-94.37,45.22,-93.35,52.6,330,1,1,85,171,53,3,FALSE,21,TRUE,9.8625,TRUE,3,Violent,Midwest,6.698970004336019,4,6,3,Evening
63,1952,3,21,1952-03-21,18:00:00,America/Chicago,1952-03-22T00:00:00Z,TN,47,4,10,2,500000,36.02,-89.2,36.08,-89.18,4.7,200,1,1,45,0,0,0,FALSE,12,TRUE,0.5340909090909091,TRUE,2,Violent,South,5.698970004336019,4,68,2.4545454545454546,Night
66,1952,3,21,1952-03-21,18:45:00,America/Chicago,1952-03-22T00:45:00Z,AR,5,3,5,1,500000,35.53,-90.42,35.62,-90.28,9.4,200,1,1,111,0,0,0,FALSE,6,TRUE,1.0681818181818181,TRUE,2,Strong,South,5.698970004336019,3,112,2.3076923076923075,Night
618848,2020,4,12,2020-04-12,21:15:00,America/Chicago,2020-04-13T02:15:00Z,GA,13,3,18,2,250000,34.9407,-85.2582,35.104,-84.9816,19.34,1500,2,0,0,0,0,0,FALSE,20,TRUE,16.482954545454547,TRUE,2,Strong,South,5.3979400086720375,3,11,0.6333333333333333,Night
313,1975,5,6,1975-05-06,15:33:00,America/Chicago,1975-05-06T20:33:00Z,NE,31,4,133,3,500000,41.17,-96.07,41.28,-96.02,8,267,1,1,153,55,0,0,FALSE,136,TRUE,1.2136363636363636,TRUE,2,Violent,Midwest,5.698970004336019,4,4,0.9871794871794872,Evening
429,1973,5,26,1973-05-26,16:00:00,America/Chicago,1973-05-26T21:00:00Z,OK,40,4,25,5,500000,35.55,-95.32,35.58,-95.27,3.6,500,1,1,101,0,0,0,FALSE,30,TRUE,1.022727272727273,TRUE,2,Violent,South,5.698970004336019,4,12,1.44,Evening
767,1978,12,3,1978-12-03,03:38:00,America/Chicago,1978-12-03T09:38:00Z,LA,22,3,4,2,500000,32.47,-93.3,33.03,-92.53,60,300,2,0,0,0,0,0,FALSE,6,TRUE,10.227272727272727,TRUE,1,Strong,South,5.698970004336019,3,4,1.380952380952381,Morning
796,1979,10,3,1979-10-03,13:00:00,America/Chicago,1979-10-03T18:00:00Z,CT,9,4,500,3,500000000,41.88,-72.67,42.05,-72.7,11.3,1400,1,1,3,0,0,0,FALSE,503,TRUE,8.988636363636363,TRUE,4,Violent,Northeast,8.698970004336019,4,3,4,Evening
1055,2006,11,16,2006-11-16,05:37:00,America/Chicago,2006-11-16T11:37:00Z,NC,37,3,20,8,500000,34.34,-78.24,34.36,-78.23,2.15,300,1,1,47,0,0,0,FALSE,28,TRUE,0.3664772727272727,TRUE,4,Strong,South,5.698970004336019,3,9,0.5483870967741935,Morning
82,1987,4,15,1987-04-15,08:15:00,America/Chicago,1987-04-15T13:15:00Z,FL,12,2,7,1,5000000,28.8,-81.63,28.83,-81.6,3,100,1,1,69,0,0,0,FALSE,8,TRUE,0.17045454545454544,TRUE,2,Strong,South,6.698970004336019,2,1,0.24444444444444444,Afternoon
416,1953,12,5,1953-12-05,17:45:00,America/Chicago,1953-12-05T23:45:00Z,MS,28,5,270,38,50000000,32.33,-90.9,32.42,-90.78,9,500,1,1,149,0,0,0,FALSE,308,TRUE,2.556818181818182,TRUE,1,Violent,South,7.698970004336019,5,39,1.8095238095238095,Evening
212,2009,4,10,2009-04-10,11:19:00,America/Chicago,2009-04-10T16:19:00Z,TN,47,4,58,2,100000000,35.7579,-86.848,35.9145,-86.2789,23.25,750,1,1,149,0,0,0,FALSE,60,TRUE,9.907670454545455,TRUE,2,Violent,South,8,4,2,0.7391304347826086,Afternoon
134,1965,4,11,1965-04-11,14:30:00,America/Chicago,1965-04-11T20:30:00Z,WI,55,2,28,3,5000000,43.03,-88.88,43.2,-88.7,14.5,1320,1,1,55,0,0,0,FALSE,31,TRUE,10.875,TRUE,2,Strong,Midwest,6.698970004336019,2,3,1.3333333333333333,Evening
31,2007,2,13,2007-02-13,03:10:00,America/Chicago,2007-02-13T09:10:00Z,LA,22,2,10,1,1000000,30.01,-90.05,30.02,-90.03,1.29,50,1,1,71,0,0,0,FALSE,11,TRUE,0.03664772727272727,TRUE,1,Strong,South,6,2,3,0.8695652173913043,Morning
219,1968,5,15,1968-05-15,18:30:00,America/Chicago,1968-05-15T23:30:00Z,AR,5,3,25,3,50000,36.38,-92.38,36.38,-92.25,7.3,200,1,1,5,0,0,0,FALSE,28,TRUE,0.8295454545454545,TRUE,2,Strong,South,4.698970004336019,3,65,2.2222222222222223,Evening
180,1996,4,14,1996-04-14,18:10:00,America/Chicago,1996-04-14T23:10:00Z,AR,5,4,35,7,3000000,35.82,-92.35,36.2,-91.72,44,880,1,1,137,65,0,0,FALSE,42,TRUE,22,TRUE,2,Violent,South,6.477121254719663,4,9,1.1785714285714286,Evening
197,1960,5,6,1960-05-06,01:00:00,America/Chicago,1960-05-06T06:00:00Z,AR,5,3,30,1,5000000,35.1,-92.62,35.32,-92.23,26.7,300,1,1,29,45,0,0,FALSE,31,TRUE,4.551136363636363,TRUE,2,Strong,South,6.698970004336019,3,1,1.6785714285714286,Morning
341,2002,11,10,2002-11-10,21:43:00,America/Chicago,2002-11-11T03:43:00Z,TN,47,3,18,4,500000,35.9,-85.1,35.9,-84.9,12.2,900,1,1,35,0,0,0,FALSE,22,TRUE,6.238636363636363,TRUE,4,Strong,South,5.698970004336019,3,17,1.2,Night
1011,1992,8,29,1992-08-29,19:10:00,America/Chicago,1992-08-30T00:10:00Z,WI,55,3,30,1,50000000,44.07,-89.52,44.13,-89,28,800,1,1,137,0,0,0,FALSE,31,TRUE,12.727272727272727,TRUE,3,Strong,Midwest,7.698970004336019,3,1,0.9615384615384616,Night
620514,2021,9,1,2021-09-01,15:35:00,America/Chicago,2021-09-01T20:35:00Z,PA,42,2,2,1,5000000,40.107,-75.238,40.21,-75.158,8.28,400,1,1,91,0,0,0,FALSE,3,TRUE,1.8818181818181816,TRUE,4,Strong,Northeast,6.698970004336019,2,2,0.7674418604651163,Evening
590,2001,11,24,2001-11-24,03:10:00,America/Chicago,2001-11-24T09:10:00Z,MS,28,2,33,3,7500000,34.15,-90.45,34.67,-90.1,43.5,300,1,1,119,107,137,0,FALSE,36,TRUE,7.414772727272727,TRUE,4,Strong,South,6.8750612633917,2,12,0.6440677966101694,Morning
384,1983,5,20,1983-05-20,14:00:00,America/Chicago,1983-05-20T19:00:00Z,TX,48,2,2,1,500000,29.9,-96.1,29.92,-95,4,333,1,1,201,0,0,0,FALSE,3,TRUE,0.7568181818181818,TRUE,2,Strong,South,5.698970004336019,2,8,0.5268817204301075,Evening
133,2008,2,5,2008-02-05,22:02:00,America/Chicago,2008-02-06T04:02:00Z,TN,47,3,63,22,27802000,36.38,-86.34,36.78,-85.56,50.32,880,2,0,0,0,0,0,FALSE,85,TRUE,25.16,TRUE,1,Strong,South,7.444076039001569,3,28,1.2142857142857142,Night
152,1975,3,24,1975-03-24,05:28:00,America/Chicago,1975-03-24T10:28:00Z,GA,13,3,152,3,500000000,33.77,-84.53,33.9,-84.33,14.8,500,1,1,121,0,0,0,FALSE,155,TRUE,4.204545454545455,TRUE,2,Strong,South,8.698970004336019,3,5,1.380952380952381,Morning
52,1973,3,10,1973-03-10,01:40:00,America/Chicago,1973-03-10T07:40:00Z,TX,48,2,7,1,500000,31.58,-100.25,0,0,0.3,70,1,1,451,0,0,0,FALSE,8,TRUE,0.01193181818181818,TRUE,2,Strong,South,5.698970004336019,2,14,1.2857142857142858,Morning
620733,2021,12,10,2021-12-10,19:35:00,America/Chicago,2021-12-11T01:35:00Z,MO,29,3,2,1,3400000,38.598,-90.907,38.743,-90.487,24.77,150,1,1,183,189,183,189,FALSE,3,TRUE,2.1110795454545452,TRUE,1,Strong,Midwest,6.531478917042255,3,1,0.782608695652174,Night
290,1970,6,11,1970-06-11,20:00:00,America/Chicago,1970-06-12T01:00:00Z,OK,40,2,14,1,5000000,35.25,-95.5,35.3,-95.43,5.2,440,1,1,121,0,0,0,FALSE,15,TRUE,1.3,TRUE,3,Strong,South,6.698970004336019,2,7,1.12,Night
1141,2005,8,18,2005-08-18,17:15:00,America/Chicago,2005-08-18T22:15:00Z,WI,55,3,23,1,34310000,42.92,-89.43,42.93,-88.98,18.6,600,1,1,25,55,0,0,FALSE,24,TRUE,6.340909090909091,TRUE,3,Strong,Midwest,7.535420718056173,3,1,0.4126984126984127,Evening
520552,2014,7,8,2014-07-08,17:02:00,America/Chicago,2014-07-08T22:02:00Z,NY,36,2,0,4,600000,42.99,-75.64,42.99,-75.64,2.5,235,1,1,53,0,0,0,FALSE,4,TRUE,0.3338068181818182,TRUE,3,Strong,Northeast,5.778151250383644,2,4,1.1818181818181819,Evening
1252,1992,11,22,1992-11-22,14:52:00,America/Chicago,1992-11-22T20:52:00Z,KY,21,4,10,1,5000000,38.6,-85.07,38.92,-84.8,26.7,60,2,0,0,0,0,0,FALSE,11,TRUE,0.9102272727272727,TRUE,4,Violent,South,6.698970004336019,4,1,0.7777777777777778,Evening
27,1951,4,21,1951-04-21,19:25:00,America/Chicago,1951-04-22T01:25:00Z,MS,28,3,16,2,50000,31.68,-89.25,32.15,-89.12,33.5,10,1,1,67,61,0,0,FALSE,18,TRUE,0.1903409090909091,TRUE,2,Strong,South,4.698970004336019,3,3,1.375,Night
628,1978,7,23,1978-07-23,15:05:00,America/Chicago,1978-07-23T20:05:00Z,PA,42,1,24,1,500000,40.98,-79.6,0,0,0.1,10,1,1,31,0,0,0,TRUE,25,TRUE,5.681818181818183e-4,TRUE,3,Weak,Northeast,5.698970004336019,1,1,0.8666666666666667,Evening
510,1958,10,8,1958-10-08,19:05:00,America/Chicago,1958-10-09T00:05:00Z,MO,29,3,7,2,500000,40.42,-94.63,40.45,-94.22,23.1,300,1,1,147,81,227,0,FALSE,9,TRUE,3.9375,TRUE,4,Strong,Midwest,5.698970004336019,3,2,1.3225806451612903,Night
504758,2014,4,27,2014-04-27,18:06:00,America/Chicago,2014-04-27T23:06:00Z,AR,5,4,193,16,223450000,34.7787,-92.652,35.1415,-92.0787,41.1,1320,1,1,119,45,145,0,FALSE,209,TRUE,30.825000000000003,TRUE,2,Violent,South,8.349180358996378,4,17,1,Evening
62,2002,4,27,2002-04-27,23:40:00,America/Chicago,2002-04-28T04:40:00Z,MO,29,3,16,1,4000000,37.22,-90.07,37.27,-90.02,4,200,1,1,17,0,0,0,FALSE,17,TRUE,0.45454545454545453,TRUE,2,Strong,Midwest,6.6020599913279625,3,4,0.7857142857142857,Night
617079,2019,3,3,2019-03-03,14:00:00,America/Chicago,2019-03-03T20:00:00Z,AL,1,4,90,23,1750000,32.4472,-85.4818,32.7452,-84.3697,68.04,1600,2,0,0,81,0,0,FALSE,113,TRUE,61.85454545454546,TRUE,2,Violent,South,6.243038048686294,4,25,0.65,Evening
829,1994,7,27,1994-07-27,21:52:00,America/Chicago,1994-07-28T02:52:00Z,PA,42,3,25,3,50000000,40.23,-75.52,0,0,2,100,1,1,91,0,0,0,FALSE,28,TRUE,0.11363636363636363,TRUE,3,Strong,Northeast,7.698970004336019,3,3,1.037037037037037,Night
510,1989,6,8,1989-06-08,16:00:00,America/Chicago,1989-06-08T21:00:00Z,FL,12,2,4,3,5000000,29.72,-84.92,29.75,-84.87,3,300,1,1,37,0,0,0,FALSE,7,TRUE,0.5113636363636364,TRUE,3,Strong,South,6.698970004336019,2,3,0.19718309859154928,Evening
181,1967,4,21,1967-04-21,17:00:00,America/Chicago,1967-04-21T23:00:00Z,IL,17,4,100,1,5000000,42.15,-88.27,42.22,-88.1,8.8,150,1,1,111,97,0,0,FALSE,101,TRUE,0.75,TRUE,2,Violent,Midwest,6.698970004336019,4,59,1.7,Evening
717,1978,8,29,1978-08-29,06:30:00,America/Chicago,1978-08-29T11:30:00Z,MS,28,1,2,1,500000,31.98,-90.42,32.28,-90.33,21.3,100,1,1,29,0,0,0,FALSE,3,TRUE,1.2102272727272727,TRUE,3,Weak,South,5.698970004336019,1,5,2.090909090909091,Morning
14,1959,1,21,1959-01-21,12:30:00,America/Chicago,1959-01-21T18:30:00Z,KY,21,3,0,3,500000,37.4,-86.62,37.43,-86.5,6.6,10,1,1,85,0,0,0,FALSE,3,TRUE,0.0375,TRUE,1,Strong,South,5.698970004336019,3,3,2.3333333333333335,Evening
93,1975,2,23,1975-02-23,13:45:00,America/Chicago,1975-02-23T18:45:00Z,AL,1,4,49,1,50000000,33.08,-87.6,33.25,-87.45,14.4,500,1,1,125,0,0,0,FALSE,50,TRUE,4.090909090909092,TRUE,1,Violent,South,7.698970004336019,4,2,1.1764705882352942,Evening
567,1975,6,17,1975-06-17,13:10:00,America/Chicago,1975-06-17T18:10:00Z,MI,26,2,0,1,315000,43.43,-85.77,0,0,1.5,60,1,1,123,0,0,0,FALSE,1,TRUE,0.05113636363636363,TRUE,3,Strong,Midwest,5.498310553789601,2,1,0.8461538461538461,Evening
471,1955,7,8,1955-07-08,02:00:00,America/Chicago,1955-07-08T07:00:00Z,NE,31,2,13,1,500000,41.28,-99.22,41.28,-98.58,31.2,10,1,1,41,163,93,0,FALSE,14,TRUE,0.17727272727272728,TRUE,3,Strong,Midwest,5.698970004336019,2,3,1.1,Morning
675,1997,3,1,1997-03-01,19:00:00,America/Chicago,1997-03-02T01:00:00Z,TN,47,4,15,1,2000000,35.95,-89.67,36.12,-89.18,15,200,1,1,45,0,0,0,FALSE,16,TRUE,1.7045454545454546,TRUE,2,Violent,South,6.301029995663981,4,1,1.6666666666666667,Night
359691,2012,2,29,2012-02-29,04:51:00,America/Chicago,2012-02-29T10:51:00Z,IL,17,4,108,8,2000000,37.6945,-88.65,37.7996,-88.1926,26.09,325,1,1,165,59,0,0,FALSE,116,TRUE,4.8177556818181815,TRUE,1,Violent,Midwest,6.301029995663981,4,9,0.6,Morning
428,1961,6,9,1961-06-09,14:00:00,America/Chicago,1961-06-09T19:00:00Z,KY,21,3,63,1,5000000,37.67,-83.83,37.67,-83.77,2.6,150,1,1,65,129,0,0,FALSE,64,TRUE,0.2215909090909091,TRUE,3,Strong,South,6.698970004336019,3,1,2.5,Evening
215,1974,4,3,1974-04-03,19:50:00,America/Chicago,1974-04-04T00:50:00Z,TN,47,4,150,7,5000000,36.25,-85.08,36.43,-84.83,18.8,200,1,1,49,0,0,0,FALSE,157,TRUE,2.1363636363636362,TRUE,2,Violent,South,6.698970004336019,4,47,1.813953488372093,Night
108,1963,4,22,1963-04-22,17:30:00,America/Chicago,1963-04-22T23:30:00Z,IL,17,3,5,1,500000,39.85,-89.85,39.85,-89.03,42.9,10,1,1,167,115,0,0,FALSE,6,TRUE,0.24375,TRUE,2,Strong,Midwest,5.698970004336019,3,2,2.1818181818181817,Evening
414,1981,6,13,1981-06-13,13:23:00,America/Chicago,1981-06-13T18:23:00Z,OH,39,3,56,4,50000000,40.5,-82.9,40.55,-82.85,3.8,350,1,1,117,0,0,0,FALSE,60,TRUE,0.7556818181818181,TRUE,3,Strong,Midwest,7.698970004336019,3,4,1.08,Evening
1053,1994,11,15,1994-11-15,17:53:00,America/Chicago,1994-11-15T23:53:00Z,FL,12,2,40,1,50000000,27.88,-80.5,0,0,2.5,50,1,1,9,0,0,0,FALSE,41,TRUE,0.07102272727272727,TRUE,4,Strong,South,7.698970004336019,2,1,0.12987012987012986,Evening
56,1952,3,21,1952-03-21,17:00:00,America/Chicago,1952-03-21T23:00:00Z,AR,5,4,6,2,500000,34.9,-91.85,34.8,-91.8,7.6,10,1,1,85,0,0,0,FALSE,8,TRUE,0.04318181818181818,TRUE,2,Violent,South,5.698970004336019,4,112,2.3076923076923075,Evening
145,1956,4,15,1956-04-15,15:00:00,America/Chicago,1956-04-15T21:00:00Z,AL,1,4,200,25,5000000,33.5,-86.97,33.63,-86.63,21.3,200,1,1,73,0,0,0,FALSE,225,TRUE,2.4204545454545454,TRUE,2,Violent,South,6.698970004336019,4,25,2.4,Evening
229,1962,5,25,1962-05-25,18:50:00,America/Chicago,1962-05-25T23:50:00Z,TX,48,3,1,1,50000,32.83,-100,32.88,-99.97,4.1,67,1,1,253,0,0,0,FALSE,2,TRUE,0.15607954545454544,TRUE,2,Strong,South,4.698970004336019,3,1,1.027972027972028,Evening
313,1976,4,20,1976-04-20,20:11:00,America/Chicago,1976-04-21T02:11:00Z,LA,22,1,27,1,5000000,31.73,-93.08,0,0,0.4,60,1,1,69,0,0,0,FALSE,28,TRUE,0.013636363636363636,TRUE,2,Weak,South,6.698970004336019,1,1,1.4615384615384615,Night
374200,2012,3,23,2012-03-23,12:26:00,America/Chicago,2012-03-23T17:26:00Z,IL,17,2,2,1,150000,38.273,-88.814,38.3064,-88.7929,2.58,100,1,1,81,0,0,0,FALSE,3,TRUE,0.14659090909090908,TRUE,2,Strong,Midwest,5.176091259055681,2,9,0.6,Afternoon
46,1986,3,10,1986-03-10,15:25:00,America/Chicago,1986-03-10T21:25:00Z,OH,39,2,10,1,5000000,39.48,-83.57,39.75,-83.22,28,100,1,1,47,97,129,0,FALSE,11,TRUE,1.5909090909090908,TRUE,2,Strong,Midwest,6.698970004336019,2,3,1.3181818181818181,Evening
545,1990,6,2,1990-06-02,17:20:00,America/Chicago,1990-06-02T22:20:00Z,IL,17,4,12,1,5000000,38.25,-88.47,38.68,-86.62,106,300,2,0,0,0,0,0,FALSE,13,TRUE,18.068181818181817,TRUE,3,Violent,Midwest,6.698970004336019,4,30,1.3673469387755102,Evening
221,2003,5,4,2003-05-04,15:35:00,America/Chicago,2003-05-04T20:35:00Z,KS,20,4,30,4,20200000,37.42,-95.1,37.58,-94.53,33,880,2,0,0,0,0,0,FALSE,34,TRUE,16.5,TRUE,2,Violent,Midwest,7.3053513694466234,4,11,0.5434782608695652,Evening
287,1970,6,11,1970-06-11,19:00:00,America/Chicago,1970-06-12T00:00:00Z,OK,40,2,1,1,500000,36.62,-95.15,36.83,-95.08,15.4,150,1,1,35,0,0,0,FALSE,2,TRUE,1.3125,TRUE,3,Strong,South,5.698970004336019,2,7,1.12,Night
10,1955,3,1,1955-03-01,01:52:00,America/Chicago,1955-03-01T07:52:00Z,OH,39,3,6,1,500000,41.27,-80.67,0,0,2.5,40,1,1,99,0,0,0,FALSE,7,TRUE,0.05681818181818182,TRUE,2,Strong,Midwest,5.698970004336019,3,1,2,Morning
232,1995,5,7,1995-05-07,00:40:00,America/Chicago,1995-05-07T05:40:00Z,TX,48,2,12,1,500000,34.98,-102,35.17,-101.87,12,200,1,1,381,0,0,0,FALSE,13,TRUE,1.3636363636363635,TRUE,2,Strong,South,5.698970004336019,2,6,0.354978354978355,Night
210,2000,5,12,2000-05-12,16:10:00,America/Chicago,2000-05-12T21:10:00Z,TX,48,3,0,2,3000000,31.9,-97.37,31.9,-97.37,7,400,1,1,35,0,0,0,FALSE,2,TRUE,1.5909090909090908,TRUE,2,Strong,South,6.477121254719663,3,4,0.42857142857142855,Evening
9,1963,1,20,1963-01-20,16:00:00,America/Chicago,1963-01-20T22:00:00Z,GA,13,1,4,1,5000000,31.6,-85.05,31.87,-83.9,70.2,500,1,1,61,243,273,177,FALSE,5,TRUE,19.94318181818182,TRUE,1,Weak,South,6.698970004336019,1,1,1.6666666666666667,Evening
605,1987,11,15,1987-11-15,18:30:00,America/Chicago,1987-11-16T00:30:00Z,TX,48,3,116,1,50000000,31.87,-94.18,32.48,-93.75,48,500,2,0,0,0,0,0,FALSE,117,TRUE,13.636363636363637,TRUE,4,Strong,South,7.698970004336019,3,43,0.7301587301587301,Night
110,1982,4,2,1982-04-02,17:20:00,America/Chicago,1982-04-02T23:20:00Z,AR,5,4,23,3,5000000,33.93,-94.28,33.87,-93.5,45,200,1,1,133,61,57,0,FALSE,26,TRUE,5.113636363636363,TRUE,2,Violent,South,6.698970004336019,4,18,1.513157894736842,Evening
517,1958,10,19,1958-10-19,07:35:00,America/Chicago,1958-10-19T12:35:00Z,FL,12,3,24,1,500000,26.82,-80.67,27.03,-80.45,20.2,440,1,1,99,85,0,0,FALSE,25,TRUE,5.05,TRUE,4,Strong,South,5.698970004336019,3,1,1.3846153846153846,Afternoon
455,1955,7,2,1955-07-02,18:00:00,America/Chicago,1955-07-02T23:00:00Z,ND,38,4,19,2,500000,46.5,-97,46.5,-96.8,9.1,150,1,1,77,0,0,0,FALSE,21,TRUE,0.7755681818181818,TRUE,3,Violent,Midwest,5.698970004336019,4,2,1.75,Evening
478,1978,6,25,1978-06-25,12:10:00,America/Chicago,1978-06-25T17:10:00Z,IL,17,1,0,1,500000,41.27,-88.07,41.22,-87.98,1.3,17,1,1,197,91,0,0,FALSE,1,TRUE,0.012556818181818181,TRUE,3,Weak,Midwest,5.698970004336019,1,1,1.6153846153846154,Afternoon
455,2007,5,4,2007-05-04,20:00:00,America/Chicago,2007-05-05T01:00:00Z,KS,20,5,63,11,250000000,37.36,-99.45,37.62,-99.33,28.81,3000,1,1,33,97,0,0,FALSE,74,TRUE,49.10795454545455,TRUE,2,Violent,Midwest,8.397940008672037,5,14,0.4642857142857143,Night
620732,2021,12,10,2021-12-10,19:07:00,America/Chicago,2021-12-11T01:07:00Z,AR,5,4,14,8,13500000,35.7867,-90.5511,36.3993,-89.3113,81.17,1800,3,0,0,93,0,0,FALSE,22,TRUE,83.01477272727273,TRUE,1,Violent,South,7.1303337684950066,4,8,0.75,Night
209,1952,7,19,1952-07-19,18:30:00,America/Chicago,1952-07-19T23:30:00Z,MT,30,3,2,1,500000,46.97,-104.25,47.02,-103.88,16.4,10,2,0,0,0,0,0,FALSE,3,TRUE,0.09318181818181817,TRUE,3,Strong,West,5.698970004336019,3,1,3,Evening
690,1973,6,24,1973-06-24,18:45:00,America/Chicago,1973-06-24T23:45:00Z,SD,46,2,1,1,50000,43.02,-98.3,0,0,0.1,10,1,1,23,0,0,0,FALSE,2,TRUE,5.681818181818183e-4,TRUE,3,Strong,Midwest,4.698970004336019,2,2,1.2142857142857142,Evening
295,1969,6,22,1969-06-22,18:35:00,America/Chicago,1969-06-22T23:35:00Z,MO,29,4,14,4,5000000,37.73,-90.55,37.72,-90.27,15.1,440,1,1,187,0,0,0,FALSE,18,TRUE,3.775,TRUE,3,Violent,Midwest,6.698970004336019,4,6,1.4545454545454546,Evening
977,2001,11,24,2001-11-24,00:40:00,America/Chicago,2001-11-24T06:40:00Z,LA,22,3,11,3,2250000,32.8,-91.88,33.13,-91.52,30,880,2,0,0,0,0,0,FALSE,14,TRUE,15,TRUE,4,Strong,South,6.352182518111363,3,4,0.71875,Morning
1067,1990,10,18,1990-10-18,15:00:00,America/Chicago,1990-10-18T20:00:00Z,VA,51,3,0,1,5000000,37.62,-77.1,37.67,-77.05,5,430,1,1,101,0,0,0,FALSE,1,TRUE,1.2215909090909092,TRUE,4,Strong,South,6.698970004336019,3,3,1,Evening
531,1968,8,19,1968-08-19,16:10:00,America/Chicago,1968-08-19T21:10:00Z,WI,55,4,3,2,5000000,45.08,-88.08,45.07,-87.63,21.8,33,1,1,75,0,0,0,FALSE,5,TRUE,0.40875,TRUE,3,Violent,Midwest,6.698970004336019,4,2,1.35,Evening
892,1974,10,28,1974-10-28,16:40:00,America/Chicago,1974-10-28T22:40:00Z,TX,48,3,7,1,5000000,29.7,-95.02,29.73,-94.98,3.3,50,1,1,201,0,0,0,FALSE,8,TRUE,0.09374999999999999,TRUE,4,Strong,South,6.698970004336019,3,3,1.146551724137931,Evening
243,1971,5,6,1971-05-06,10:50:00,America/Chicago,1971-05-06T15:50:00Z,IN,18,1,2,1,5000,38.35,-86.32,38.32,-86.17,8.1,40,1,1,25,61,0,0,FALSE,3,TRUE,0.18409090909090908,TRUE,2,Weak,Midwest,3.6989700043360187,1,1,1.2142857142857142,Afternoon
1261,2010,12,31,2010-12-31,10:06:00,America/Chicago,2010-12-31T16:06:00Z,MO,29,3,6,2,1000000,37.9394,-91.8018,38.0438,-91.6572,11,500,1,1,161,0,0,0,FALSE,8,TRUE,3.1250000000000004,TRUE,1,Strong,Midwest,6,3,5,0.532258064516129,Afternoon
454,1979,6,30,1979-06-30,00:30:00,America/Chicago,1979-06-30T05:30:00Z,TN,47,1,1,2,50000,36.25,-85.6,0,0,2,100,1,1,87,0,0,0,FALSE,3,TRUE,0.11363636363636363,TRUE,3,Weak,South,4.698970004336019,1,2,1.1666666666666667,Night
129,1981,4,22,1981-04-22,17:54:00,America/Chicago,1981-04-22T23:54:00Z,MO,29,3,0,1,5000000,38.18,-90.5,38.23,-90.38,7.1,100,1,1,99,0,0,0,FALSE,1,TRUE,0.4034090909090909,TRUE,2,Strong,Midwest,6.698970004336019,3,3,0.7272727272727273,Evening
616705,2018,9,17,2018-09-17,13:38:00,America/Chicago,2018-09-17T18:38:00Z,VA,51,2,1,1,1000000,37.4065,-77.6107,37.5101,-77.5635,7.5,350,1,1,41,0,0,0,FALSE,2,TRUE,1.4914772727272727,TRUE,4,Strong,South,6,2,1,0.6785714285714286,Evening
1640,2008,11,15,2008-11-15,02:30:00,America/Chicago,2008-11-15T08:30:00Z,NC,37,3,4,1,1000000,35.75,-77.92,35.84,-77.82,8.19,100,1,1,195,0,0,0,FALSE,5,TRUE,0.465340909090909,TRUE,4,Strong,South,6,3,3,0.5636363636363636,Morning
396,1976,5,15,1976-05-15,15:50:00,America/Chicago,1976-05-15T20:50:00Z,NC,37,2,4,3,500000,34.58,-79.28,34.72,-79.22,10.1,33,1,1,155,0,0,0,FALSE,7,TRUE,0.189375,TRUE,2,Strong,South,5.698970004336019,2,3,1.2173913043478262,Evening
512776,2014,4,25,2014-04-25,17:20:00,America/Chicago,2014-04-25T22:20:00Z,NC,37,2,1,1,2105000,36.054,-76.74,36.348,-76.036,37.48,400,1,1,15,41,143,139,FALSE,2,TRUE,8.518181818181818,TRUE,2,Strong,South,6.323252100171687,2,1,0.7741935483870968,Evening
146,1965,4,11,1965-04-11,17:15:00,America/Chicago,1965-04-11T23:15:00Z,IN,18,4,252,31,5000000,41.52,-86.07,41.7,-85.73,21.2,10,1,1,39,0,0,0,FALSE,283,TRUE,0.12045454545454545,TRUE,2,Violent,Midwest,6.698970004336019,4,162,2.090909090909091,Evening
642,1971,7,18,1971-07-18,15:35:00,America/Chicago,1971-07-18T20:35:00Z,WI,55,2,2,1,500000,45.02,-92.2,44.83,-91.43,38.5,100,1,1,33,17,35,0,FALSE,3,TRUE,2.1875,TRUE,3,Strong,Midwest,5.698970004336019,2,1,1.2666666666666666,Evening
365,1990,5,16,1990-05-16,18:40:00,America/Chicago,1990-05-16T23:40:00Z,AR,5,2,1,1,315000,36.45,-90.58,36.5,-90.38,15,77,1,1,21,0,0,0,FALSE,2,TRUE,0.65625,TRUE,2,Strong,South,5.498310553789601,2,2,0.5,Evening
198,1974,4,3,1974-04-03,18:45:00,America/Chicago,1974-04-03T23:45:00Z,TN,47,4,121,11,5000000,35,-86.5,35.32,-86.08,27.5,800,1,1,103,51,0,0,FALSE,132,TRUE,12.5,TRUE,2,Violent,South,6.698970004336019,4,47,1.813953488372093,Evening
281,1982,5,11,1982-05-11,17:02:00,America/Chicago,1982-05-11T22:02:00Z,OK,40,3,18,2,500000,34.7,-99.27,34.82,-99.35,10,700,1,1,65,0,0,0,FALSE,20,TRUE,3.977272727272727,TRUE,2,Strong,South,5.698970004336019,3,3,1.0909090909090908,Evening
198,1976,3,29,1976-03-29,14:03:00,America/Chicago,1976-03-29T20:03:00Z,MS,28,4,177,3,50000000,32.58,-90.22,32.72,-89.87,22.3,880,1,1,89,0,0,0,FALSE,180,TRUE,11.15,TRUE,2,Violent,South,7.698970004336019,4,5,2.0588235294117645,Evening
839,1989,11,16,1989-11-16,11:05:00,America/Chicago,1989-11-16T17:05:00Z,NY,36,1,18,9,50000000,41.32,-74.2,41.52,-74.15,9.1,100,1,1,71,0,0,0,FALSE,27,TRUE,0.5170454545454545,TRUE,4,Weak,Northeast,7.698970004336019,1,11,1,Afternoon
621,2002,5,5,2002-05-05,17:45:00,America/Chicago,2002-05-05T22:45:00Z,TX,48,2,4,2,4040000,34.73,-101.85,34.82,-101.72,5,150,1,1,437,381,0,0,FALSE,6,TRUE,0.4261363636363636,TRUE,2,Strong,South,6.606381365110605,2,3,0.28160919540229884,Evening
907,1967,12,21,1967-12-21,00:45:00,America/Chicago,1967-12-21T06:45:00Z,MO,29,4,52,3,5000000,37.68,-91.13,37.95,-90.75,27.9,200,1,1,93,221,0,0,FALSE,55,TRUE,3.170454545454545,TRUE,1,Violent,Midwest,6.698970004336019,4,8,1.2571428571428571,Morning
70,1954,3,25,1954-03-25,00:55:00,America/Chicago,1954-03-25T06:55:00Z,MO,29,4,0,2,50000,37.32,-92.23,37.45,-92.08,12.1,100,1,1,215,0,0,0,FALSE,2,TRUE,0.6875,TRUE,2,Violent,Midwest,4.698970004336019,4,2,1.4545454545454546,Morning
41,1970,3,19,1970-03-19,23:08:00,America/Chicago,1970-03-20T05:08:00Z,AL,1,3,14,2,500000,32.83,-85.2,0,0,2,200,1,1,17,0,0,0,FALSE,16,TRUE,0.22727272727272727,TRUE,2,Strong,South,5.698970004336019,3,2,1.6428571428571428,Night
66,1968,4,3,1968-04-03,21:45:00,America/Chicago,1968-04-04T03:45:00Z,TN,47,3,32,4,5000000,35.33,-89.92,35.65,-89.58,28.8,1760,1,1,157,167,0,0,FALSE,36,TRUE,28.8,TRUE,2,Strong,South,6.698970004336019,3,4,1.2307692307692308,Night
180,1994,4,25,1994-04-25,20:30:00,America/Chicago,1994-04-26T01:30:00Z,TX,48,4,48,3,500000000,32.6,-96.75,32.67,-96.67,6,800,1,1,113,0,0,0,FALSE,51,TRUE,2.727272727272727,TRUE,2,Violent,South,8.698970004336019,4,4,0.33689839572192515,Night
160,1956,4,28,1956-04-28,23:30:00,America/Chicago,1956-04-29T05:30:00Z,IL,17,1,0,2,50000,39.2,-89.7,39.23,-89.62,4.7,10,1,1,135,0,0,0,FALSE,2,TRUE,0.026704545454545457,TRUE,2,Weak,Midwest,4.698970004336019,1,2,1.6296296296296295,Night
58,1994,3,27,1994-03-27,12:17:00,America/Chicago,1994-03-27T18:17:00Z,GA,13,3,45,3,50000000,34.5,-84.22,34.72,-83.47,44,2613,1,1,85,187,311,137,FALSE,48,TRUE,65.325,TRUE,2,Strong,South,7.698970004336019,3,20,0.9230769230769231,Evening
533,1966,10,14,1966-10-14,13:55:00,America/Chicago,1966-10-14T18:55:00Z,IA,19,5,172,6,50000000,42.8,-93.65,42.92,-93.53,9.7,1000,1,1,197,0,0,0,FALSE,178,TRUE,5.511363636363637,TRUE,4,Violent,Midwest,7.698970004336019,5,6,1.564102564102564,Evening
232,1975,4,23,1975-04-23,16:40:00,America/Chicago,1975-04-23T21:40:00Z,MO,29,4,4,1,5000000,39.68,-92.67,39.67,-92.13,28.2,1700,1,1,121,205,0,0,FALSE,5,TRUE,27.238636363636363,TRUE,2,Violent,Midwest,6.698970004336019,4,5,1.7777777777777777,Evening
613604,2016,2,24,2016-02-24,14:28:00,America/Chicago,2016-02-24T20:28:00Z,VA,51,3,7,1,11200000,37.2318,-78.8576,37.403,-78.648,16.89,400,1,1,11,0,0,0,FALSE,8,TRUE,3.838636363636364,TRUE,1,Strong,South,7.049218022670182,3,4,1.2222222222222223,Evening
92,1968,4,19,1968-04-19,15:12:00,America/Chicago,1968-04-19T21:12:00Z,AR,5,4,270,14,5000000,35.2,-94.27,0,0,2,300,1,1,131,0,0,0,FALSE,284,TRUE,0.3409090909090909,TRUE,2,Violent,South,6.698970004336019,4,65,2.2222222222222223,Evening
61,1952,3,21,1952-03-21,17:30:00,America/Chicago,1952-03-21T23:30:00Z,AR,5,4,180,29,5000000,35,-91.25,35.13,-91.08,13.1,880,1,1,147,0,0,0,FALSE,209,TRUE,6.55,TRUE,2,Violent,South,6.698970004336019,4,112,2.3076923076923075,Evening
96,1956,4,2,1956-04-02,21:30:00,America/Chicago,1956-04-03T03:30:00Z,OK,40,4,29,2,5000000,36.82,-96.97,38.1,-95.88,108.3,880,2,0,0,0,0,0,FALSE,31,TRUE,54.15,TRUE,2,Violent,South,6.698970004336019,4,7,1.3877551020408163,Night
8,1957,1,22,1957-01-22,10:50:00,America/Chicago,1957-01-22T16:50:00Z,LA,22,3,9,3,500000,32.6,-93.5,0,0,1.7,167,1,1,15,0,0,0,FALSE,12,TRUE,0.16130681818181816,TRUE,1,Strong,South,5.698970004336019,3,14,1.6,Afternoon
492,1989,6,8,1989-06-08,05:04:00,America/Chicago,1989-06-08T10:04:00Z,LA,22,2,30,2,5000000,30.35,-91.48,30.43,-91.33,10,77,1,1,47,121,0,0,FALSE,32,TRUE,0.4375,TRUE,3,Strong,South,6.698970004336019,2,2,1.1111111111111112,Morning
252,1983,5,6,1983-05-06,17:30:00,America/Chicago,1983-05-06T22:30:00Z,KS,20,3,25,1,50000000,38.9,-95.87,39.05,-95.58,19,150,1,1,177,0,0,0,FALSE,26,TRUE,1.6193181818181817,TRUE,2,Strong,Midwest,7.698970004336019,3,1,0.3548387096774194,Evening
18,1964,3,4,1964-03-04,05:20:00,America/Chicago,1964-03-04T11:20:00Z,AR,5,3,0,1,500000,33.35,-93.4,33.45,-93.3,9.1,600,1,1,27,99,0,0,FALSE,1,TRUE,3.102272727272727,TRUE,2,Strong,South,5.698970004336019,3,1,1.0357142857142858,Morning
163,1974,4,3,1974-04-03,16:50:00,America/Chicago,1974-04-03T21:50:00Z,KY,21,4,122,4,500000,38.05,-85.07,38.38,-84.53,79.4,10,1,1,5,73,209,0,FALSE,126,TRUE,0.45113636363636367,TRUE,2,Violent,South,5.698970004336019,4,72,2.7419354838709675,Evening
278,1953,6,9,1953-06-09,14:25:00,America/Chicago,1953-06-09T19:25:00Z,MA,25,4,1228,94,500000000,42.47,-72.17,42.3,-71.52,34.9,900,1,1,27,0,0,0,FALSE,1322,TRUE,17.846590909090907,TRUE,3,Violent,Northeast,8.698970004336019,4,94,3.5,Evening
311079,2011,4,27,2011-04-27,16:42:00,America/Chicago,2011-04-27T21:42:00Z,MS,28,4,17,7,25813000,32.0296,-89.5042,32.4829,-87.4942,122.04,1050,2,0,0,0,0,0,FALSE,24,TRUE,72.80795454545455,TRUE,2,Violent,South,7.411838481402912,4,42,1.3404255319148937,Evening
338,1985,5,31,1985-05-31,15:23:00,America/Chicago,1985-05-31T20:23:00Z,PA,42,3,0,2,500000,41.7,-80.15,41.75,-79.73,23,277,1,1,39,0,0,0,FALSE,2,TRUE,3.6198863636363634,TRUE,2,Strong,Northeast,5.698970004336019,3,29,1.7857142857142858,Evening
306882,2011,4,27,2011-04-27,22:38:00,America/Chicago,2011-04-28T03:38:00Z,GA,13,3,22,2,15040000,32.9958,-84.321,33.2,-83.846,30.82,1056,1,1,231,171,207,35,FALSE,24,TRUE,18.492,TRUE,2,Strong,South,7.177247836255623,3,26,1.1842105263157894,Night
1019,2000,7,25,2000-07-25,16:57:00,America/Chicago,2000-07-25T21:57:00Z,MN,27,4,15,1,20000000,44.9,-95.67,44.82,-95.55,9,160,1,1,173,0,0,0,FALSE,16,TRUE,0.8181818181818182,TRUE,3,Violent,Midwest,7.301029995663981,4,1,0.53125,Evening
69,1996,3,6,1996-03-06,03:42:00,America/Chicago,1996-03-06T09:42:00Z,AL,1,3,40,4,8000000,32.42,-87.23,32.5,-86.97,19,400,1,1,47,0,0,0,FALSE,44,TRUE,4.318181818181818,TRUE,2,Strong,South,6.903089986991944,3,7,0.9696969696969697,Morning
161,1997,3,1,1997-03-01,15:41:00,America/Chicago,1997-03-01T21:41:00Z,AR,5,4,180,5,5000000,34.62,-92.35,34.75,-92.2,11,1407,1,1,119,0,0,0,FALSE,185,TRUE,8.79375,TRUE,2,Violent,South,6.698970004336019,4,26,1.6888888888888889,Evening
95,1984,3,28,1984-03-28,19:45:00,America/Chicago,1984-03-29T01:45:00Z,NC,37,4,153,16,50000000,35.33,-77.78,35.68,-77.2,28,1223,1,1,107,79,147,0,FALSE,169,TRUE,19.456818181818182,TRUE,2,Violent,South,7.698970004336019,4,40,1.75,Night
362596,2012,2,29,2012-02-29,16:30:00,America/Chicago,2012-02-29T22:30:00Z,TN,47,2,7,2,1000000,36.0887,-85.1102,36.1171,-85.0053,6.18,300,1,1,35,0,0,0,FALSE,9,TRUE,1.0534090909090907,TRUE,1,Strong,South,6,2,3,0.8214285714285714,Evening
117,1974,4,3,1974-04-03,13:30:00,America/Chicago,1974-04-03T18:30:00Z,IN,18,3,26,1,50000000,38.77,-86.3,39.12,-85.77,35.8,177,1,1,93,71,5,79,FALSE,27,TRUE,3.600340909090909,TRUE,2,Strong,Midwest,7.698970004336019,3,50,2.5172413793103448,Evening
116,1956,4,3,1956-04-03,17:35:00,America/Chicago,1956-04-03T23:35:00Z,MI,26,4,25,1,500000,44.38,-86.26,44.96,-85.6,50.3,400,1,1,101,19,55,89,FALSE,26,TRUE,11.431818181818182,TRUE,2,Violent,Midwest,5.698970004336019,4,22,1.9565217391304348,Evening
223,1968,5,15,1968-05-15,20:45:00,America/Chicago,1968-05-16T01:45:00Z,IL,17,3,60,4,500000,38.4,-89.9,0,0,2,200,1,1,163,0,0,0,FALSE,64,TRUE,0.22727272727272727,TRUE,2,Strong,Midwest,5.698970004336019,3,8,1.875,Night
11,1983,1,31,1983-01-31,21:30:00,America/Chicago,1983-02-01T03:30:00Z,LA,22,3,2,1,500000,30.93,-92.17,30.98,-92.12,5,100,1,1,9,0,0,0,FALSE,3,TRUE,0.28409090909090906,TRUE,1,Strong,South,5.698970004336019,3,5,1.78125,Night
618471,2019,11,26,2019-11-26,18:03:00,America/Chicago,2019-11-27T00:03:00Z,LA,22,2,1,1,120000,32.2351,-91.7783,32.3184,-91.7095,7.02,700,1,1,41,0,0,0,FALSE,2,TRUE,2.792045454545454,TRUE,4,Strong,South,5.079181246047625,2,4,0.9390243902439024,Night
225,1974,4,3,1974-04-03,21:24:00,America/Chicago,1974-04-04T02:24:00Z,AL,1,3,7,2,5000000,34.53,-86.9,34.85,-86.18,46.5,700,1,1,103,83,89,71,FALSE,9,TRUE,18.49431818181818,TRUE,2,Strong,South,6.698970004336019,3,80,1.8461538461538463,Night
80,2006,3,11,2006-03-11,21:20:00,America/Chicago,2006-03-12T03:20:00Z,MO,29,3,12,2,2200000,37.82,-90,38.18,-89.27,53.5,400,2,0,0,0,0,0,FALSE,14,TRUE,12.159090909090908,TRUE,2,Strong,Midwest,6.342422680822207,3,11,0.90625,Night
186,1967,4,21,1967-04-21,17:24:00,America/Chicago,1967-04-21T23:24:00Z,IL,17,4,500,33,50000000,41.67,-87.83,41.73,-87.55,15,200,1,1,31,0,0,0,FALSE,533,TRUE,1.7045454545454546,TRUE,2,Violent,Midwest,7.698970004336019,4,59,1.7,Evening
619772,2021,3,27,2021-03-27,18:38:00,America/Chicago,2021-03-27T23:38:00Z,TX,48,2,3,1,1500000,32.0982,-94.3089,32.2012,-94.0669,15.84,1600,1,1,365,0,0,0,FALSE,4,TRUE,14.399999999999999,TRUE,2,Strong,South,6.176091259055681,2,1,0.8297872340425532,Evening
616081,2018,4,13,2018-04-13,23:10:00,America/Chicago,2018-04-14T04:10:00Z,LA,22,1,0,1,7000000,32.4521,-93.8531,32.607,-93.5129,22.54,1100,1,1,17,15,0,0,FALSE,1,TRUE,14.087499999999999,TRUE,2,Weak,South,6.845098040014257,1,1,0.9382716049382716,Night
308979,2011,4,27,2011-04-27,05:58:00,America/Chicago,2011-04-27T10:58:00Z,AL,1,1,0,1,50000,34.5735,-85.9678,34.8376,-85.5984,27.85,300,1,1,71,49,0,0,FALSE,1,TRUE,4.747159090909091,TRUE,2,Weak,South,4.698970004336019,1,237,1.3014705882352942,Morning
75,1952,3,21,1952-03-21,23:00:00,America/Chicago,1952-03-22T05:00:00Z,TN,47,2,8,1,500000,35.93,-88.5,0,0,0.1,150,1,1,17,0,0,0,FALSE,9,TRUE,0.008522727272727272,TRUE,2,Strong,South,5.698970004336019,2,68,2.4545454545454546,Night
1024,1982,12,24,1982-12-24,16:30:00,America/Chicago,1982-12-24T22:30:00Z,AR,5,3,7,1,500000,34.98,-92.27,35.23,-92.13,16.5,150,1,1,45,0,0,0,FALSE,8,TRUE,1.40625,TRUE,1,Strong,South,5.698970004336019,3,18,1.513157894736842,Evening
19,1958,2,26,1958-02-26,17:40:00,America/Chicago,1958-02-26T23:40:00Z,MS,28,3,34,1,5000000,31.97,-90.1,32.73,-89.3,71,60,1,1,127,121,123,79,FALSE,35,TRUE,2.4204545454545454,TRUE,1,Strong,South,6.698970004336019,3,13,2,Evening
613559,2016,2,23,2016-02-23,15:31:00,America/Chicago,2016-02-23T21:31:00Z,LA,22,2,75,2,315000,30.0408,-90.9632,30.125,-90.7697,12.95,350,1,1,93,0,0,0,FALSE,77,TRUE,2.575284090909091,TRUE,1,Strong,South,5.498310553789601,2,2,0.6296296296296297,Evening
130,1968,4,23,1968-04-23,15:05:00,America/Chicago,1968-04-23T21:05:00Z,OH,39,5,93,7,5000000,38.7,-82.8,38.82,-82.2,34,400,1,1,145,87,53,0,FALSE,100,TRUE,7.727272727272727,TRUE,2,Violent,Midwest,6.698970004336019,5,8,1.6923076923076923,Evening
991,1990,8,28,1990-08-28,14:30:00,America/Chicago,1990-08-28T19:30:00Z,IL,17,5,350,29,500000,41.68,-88.35,41.52,-88.1,16.4,600,1,1,93,197,0,0,FALSE,379,TRUE,5.59090909090909,TRUE,3,Violent,Midwest,5.698970004336019,5,30,1.3673469387755102,Evening
483775,2013,11,17,2013-11-17,10:59:00,America/Chicago,2013-11-17T16:59:00Z,IL,17,4,125,3,935225000,40.622,-89.5678,41.0063,-88.8439,46.36,880,1,1,179,203,99,105,FALSE,128,TRUE,23.18,TRUE,4,Violent,Midwest,8.97091610766718,4,5,1.0961538461538463,Afternoon
17,1956,2,16,1956-02-16,18:10:00,America/Chicago,1956-02-17T00:10:00Z,MS,28,3,55,1,5000000,33.8,-88.67,33.83,-88.53,8,200,1,1,95,0,0,0,FALSE,56,TRUE,0.9090909090909091,TRUE,1,Strong,South,6.698970004336019,3,1,1.5,Night
73,1996,3,6,1996-03-06,05:20:00,America/Chicago,1996-03-06T11:20:00Z,AL,1,2,17,2,1500000,32.33,-86.13,32.38,-86.08,4,200,1,1,101,0,0,0,FALSE,19,TRUE,0.45454545454545453,TRUE,2,Strong,South,6.176091259055681,2,7,0.9696969696969697,Morning
15,1969,3,24,1969-03-24,20:20:00,America/Chicago,1969-03-25T02:20:00Z,VA,51,3,4,1,50000,36.63,-78.8,0,0,0.1,20,1,1,83,0,0,0,FALSE,5,TRUE,0.0011363636363636365,TRUE,2,Strong,South,4.698970004336019,3,1,1.7142857142857142,Night
1232,1992,11,22,1992-11-22,11:10:00,America/Chicago,1992-11-22T17:10:00Z,GA,13,3,7,1,5000000,34.57,-83.93,34.68,-83.8,10,867,1,1,187,0,0,0,FALSE,8,TRUE,4.926136363636363,TRUE,4,Strong,South,6.698970004336019,3,7,1.4444444444444444,Afternoon
310083,2011,4,15,2011-04-15,16:04:00,America/Chicago,2011-04-15T21:04:00Z,AL,1,3,4,1,3990000,32.1899,-88.0057,32.3431,-87.8159,15.33,800,1,1,91,0,0,0,FALSE,5,TRUE,6.968181818181818,TRUE,2,Strong,South,6.600972895686748,3,237,1.3014705882352942,Evening
429,1980,6,3,1980-06-03,19:45:00,America/Chicago,1980-06-04T00:45:00Z,NE,31,3,25,1,5000000,41.02,-98.4,40.92,-98.38,6.4,700,1,1,79,0,0,0,FALSE,26,TRUE,2.5454545454545454,TRUE,3,Strong,Midwest,6.698970004336019,3,5,1.131578947368421,Night
1098,1992,10,3,1992-10-03,07:40:00,America/Chicago,1992-10-03T12:40:00Z,FL,12,2,0,1,5000000,27.88,-82.8,27.9,-82.75,3,200,1,1,103,0,0,0,FALSE,1,TRUE,0.3409090909090909,TRUE,4,Strong,South,6.698970004336019,2,4,0.3,Afternoon
511,1958,10,8,1958-10-08,23:30:00,America/Chicago,1958-10-09T04:30:00Z,IL,17,2,0,1,5000000,42.42,-89.47,42.38,-87.87,81,10,1,1,177,7,201,111,FALSE,1,TRUE,0.46022727272727276,TRUE,4,Strong,Midwest,6.698970004336019,2,2,1.4074074074074074,Night
764,2000,5,11,2000-05-11,18:03:00,America/Chicago,2000-05-11T23:03:00Z,IA,19,3,25,1,1750000,42.52,-92.45,42.6,-92,18.6,210,1,1,13,19,0,0,FALSE,26,TRUE,2.219318181818182,TRUE,2,Strong,Midwest,6.243038048686294,3,1,0.4,Evening
31,1964,3,9,1964-03-09,17:00:00,America/Chicago,1964-03-09T23:00:00Z,AL,1,3,2,2,500000,34.85,-87.38,34.9,-87.32,5.2,10,1,1,77,0,0,0,FALSE,4,TRUE,0.02954545454545455,TRUE,2,Strong,South,5.698970004336019,3,12,1.8461538461538463,Evening
150,1997,3,1,1997-03-01,14:20:00,America/Chicago,1997-03-01T20:20:00Z,AR,5,4,100,6,5000000,33.9,-93.33,34.15,-93.02,27,1053,1,1,19,0,0,0,FALSE,106,TRUE,16.15397727272727,TRUE,2,Violent,South,6.698970004336019,4,26,1.6888888888888889,Evening
653,2008,5,8,2008-05-08,21:29:00,America/Chicago,2008-05-09T02:29:00Z,NC,37,2,3,1,4000000,36.06,-80.02,36.1,-79.98,3.85,200,1,1,81,0,0,0,FALSE,4,TRUE,0.4375,TRUE,2,Strong,South,6.6020599913279625,2,3,0.5636363636363636,Night
197,1954,5,1,1954-05-01,16:00:00,America/Chicago,1954-05-01T21:00:00Z,OK,40,3,3,3,500000,34.23,-98.62,34.35,-98.47,12.3,10,1,1,141,33,0,0,FALSE,6,TRUE,0.06988636363636365,TRUE,2,Strong,South,5.698970004336019,3,3,1.5,Evening
379,1980,5,30,1980-05-30,10:30:00,America/Chicago,1980-05-30T15:30:00Z,IN,18,1,0,1,50000,41.52,-87.13,0,0,0.1,10,1,1,127,0,0,0,FALSE,1,TRUE,5.681818181818183e-4,TRUE,2,Weak,Midwest,4.698970004336019,1,5,1.1714285714285715,Afternoon
145,1974,4,3,1974-04-03,15:37:00,America/Chicago,1974-04-03T20:37:00Z,KY,21,4,225,3,5000000,38.2,-85.75,38.37,-85.48,18.5,10,1,1,111,185,0,0,FALSE,228,TRUE,0.10511363636363637,TRUE,2,Violent,South,6.698970004336019,4,72,2.7419354838709675,Evening
1310,1998,9,10,1998-09-10,17:15:00,America/Chicago,1998-09-10T22:15:00Z,LA,22,2,6,1,500000,29.55,-90.35,29.57,-90.4,4,50,1,1,57,0,0,0,FALSE,7,TRUE,0.11363636363636363,TRUE,4,Strong,South,5.698970004336019,2,1,0.3076923076923077,Evening
262,1966,6,9,1966-06-09,05:20:00,America/Chicago,1966-06-09T10:20:00Z,IL,17,2,30,1,315000,42.1,-87.93,0,0,2.5,10,1,1,31,0,0,0,FALSE,31,TRUE,0.014204545454545456,TRUE,3,Strong,Midwest,5.498310553789601,2,1,1.1818181818181819,Morning
8,1988,1,19,1988-01-19,11:30:00,America/Chicago,1988-01-19T17:30:00Z,TN,47,2,6,1,500000,35.65,-89.22,35.68,-89.17,3,60,1,1,75,0,0,0,FALSE,7,TRUE,0.10227272727272727,TRUE,1,Strong,South,5.698970004336019,2,6,1.7272727272727273,Afternoon
614525,2017,1,21,2017-01-21,03:35:00,America/Chicago,2017-01-21T09:35:00Z,MS,28,3,57,4,9460000,31.1855,-89.4799,31.4193,-89.0342,31.06,900,1,1,73,35,111,0,FALSE,61,TRUE,15.882954545454545,TRUE,1,Strong,South,6.975891136401793,3,5,0.8529411764705882,Morning
73,1952,3,21,1952-03-21,22:45:00,America/Chicago,1952-03-22T04:45:00Z,TN,47,2,2,2,50000,35.8,-88.78,0,0,0.1,150,1,1,53,0,0,0,FALSE,4,TRUE,0.008522727272727272,TRUE,2,Strong,South,4.698970004336019,2,68,2.4545454545454546,Night
22,1950,2,12,1950-02-12,14:00:00,America/Chicago,1950-02-12T20:00:00Z,LA,22,3,25,5,500000,31.63,-93.65,32.55,-93.03,74.5,100,1,1,85,69,81,13,FALSE,30,TRUE,4.232954545454545,TRUE,1,Strong,South,5.698970004336019,3,29,1.35,Evening
558,2010,6,5,2010-06-05,21:20:00,America/Chicago,2010-06-06T02:20:00Z,OH,39,4,28,7,102400000,41.5512,-83.538,41.5723,-83.3709,8.8,400,1,1,173,123,0,0,FALSE,35,TRUE,2,TRUE,3,Violent,Midwest,8.010299956639813,4,8,0.85,Night
190,1952,7,1,1952-07-01,18:00:00,America/Chicago,1952-07-01T23:00:00Z,ND,38,4,26,1,500000,47.05,-100.5,47.2,-99.5,48,150,1,1,15,43,0,0,FALSE,27,TRUE,4.090909090909091,TRUE,3,Violent,Midwest,5.698970004336019,4,1,2.3333333333333335,Evening
118,1980,4,8,1980-04-08,14:10:00,America/Chicago,1980-04-08T20:10:00Z,KY,21,2,9,2,500000,36.72,-84.47,36.57,-84.55,11.2,200,1,1,147,0,0,0,FALSE,11,TRUE,1.2727272727272727,TRUE,2,Strong,South,5.698970004336019,2,2,1.1666666666666667,Evening
123,1953,5,2,1953-05-02,03:00:00,America/Chicago,1953-05-02T08:00:00Z,TN,47,4,8,4,500000,35.52,-84.78,35.53,-84.72,4.2,33,1,1,121,107,0,0,FALSE,12,TRUE,0.07875,TRUE,2,Violent,South,5.698970004336019,4,4,1.7333333333333334,Morning
23,1974,1,30,1974-01-30,00:01:00,America/Chicago,1974-01-30T05:01:00Z,FL,12,2,4,1,500000,30.65,-84.42,30.65,-84.37,3.3,100,1,1,39,0,0,0,FALSE,5,TRUE,0.18749999999999997,TRUE,1,Strong,South,5.698970004336019,2,1,0.6481481481481481,Night
120,1974,4,3,1974-04-03,13:45:00,America/Chicago,1974-04-03T18:45:00Z,IN,18,3,25,1,50000000,39.58,-85.87,39.85,-85.67,20.7,440,1,1,145,59,0,0,FALSE,26,TRUE,5.175,TRUE,2,Strong,Midwest,7.698970004336019,3,50,2.5172413793103448,Evening
81,1970,4,18,1970-04-18,01:00:00,America/Chicago,1970-04-18T07:00:00Z,TX,48,4,42,16,5000000,34.65,-101.53,35.23,-100.65,65,880,1,1,437,45,11,129,FALSE,58,TRUE,32.5,TRUE,2,Violent,South,6.698970004336019,4,51,1.256198347107438,Morning
819,1976,9,26,1976-09-26,18:30:00,America/Chicago,1976-09-26T23:30:00Z,KY,21,1,0,1,500000,38.77,-84.6,0,0,1,120,1,1,81,0,0,0,FALSE,1,TRUE,0.06818181818181818,TRUE,4,Weak,South,5.698970004336019,1,1,1,Evening
666,2008,5,10,2008-05-10,16:20:00,America/Chicago,2008-05-10T21:20:00Z,OK,40,4,350,21,60600000,37,-95.14,36.82,-93.78,75.51,1760,2,0,0,0,0,0,FALSE,371,TRUE,75.51,TRUE,2,Violent,South,7.782472624166286,4,21,0.5454545454545454,Evening
445,1958,8,4,1958-08-04,19:30:00,America/Chicago,1958-08-05T00:30:00Z,MN,27,1,2,1,500,44.42,-95.4,0,0,2,27,1,1,127,0,0,0,FALSE,3,TRUE,0.03068181818181818,TRUE,3,Weak,Midwest,2.6989700043360187,1,2,0.9285714285714286,Night
811,1998,5,7,1998-05-07,18:15:00,America/Chicago,1998-05-07T23:15:00Z,SC,45,3,9,1,1000000,33.67,-82.07,33.65,-81.85,12,880,1,1,37,0,0,0,FALSE,10,TRUE,6,TRUE,2,Strong,South,6,3,3,0.6428571428571429,Evening
384508,2012,6,4,2012-06-04,19:44:00,America/Chicago,2012-06-05T00:44:00Z,MO,29,2,0,3,100000,36.9736,-89.43,36.9664,-89.43,0.5,75,1,1,201,0,0,0,FALSE,3,TRUE,0.02130681818181818,TRUE,3,Strong,Midwest,5,2,6,0.896551724137931,Night
138,1976,3,20,1976-03-20,20:20:00,America/Chicago,1976-03-21T02:20:00Z,MS,28,3,9,1,500000,33.6,-89.18,33.95,-88.43,49.4,1400,1,1,155,25,95,0,FALSE,10,TRUE,39.29545454545454,TRUE,2,Strong,South,5.698970004336019,3,5,2.0588235294117645,Night
376,1957,5,20,1957-05-20,18:15:00,America/Chicago,1957-05-20T23:15:00Z,KS,20,5,207,44,5000000,38.45,-95.5,38.98,-94.4,69.4,440,2,0,0,0,0,0,FALSE,251,TRUE,17.35,TRUE,2,Violent,Midwest,6.698970004336019,5,44,0.8571428571428571,Evening
226,1955,5,25,1955-05-25,21:26:00,America/Chicago,1955-05-26T02:26:00Z,OK,40,5,280,20,50000000,36.72,-97.28,37,-97.4,28.4,500,2,0,0,0,0,0,FALSE,300,TRUE,8.068181818181818,TRUE,2,Violent,South,7.698970004336019,5,101,0.9868421052631579,Night
43,1993,2,21,1993-02-21,22:20:00,America/Chicago,1993-02-22T04:20:00Z,GA,13,2,2,1,5000000,33.07,-84.47,33.07,-84.35,8,100,1,1,231,0,0,0,FALSE,3,TRUE,0.45454545454545453,TRUE,1,Strong,South,6.698970004336019,2,5,0.9523809523809523,Night
454,1961,6,21,1961-06-21,14:30:00,America/Chicago,1961-06-21T19:30:00Z,SD,46,3,7,1,5000,45.47,-98.23,44.52,-96.72,156.3,10,1,1,13,115,25,77,FALSE,8,TRUE,0.8880681818181819,TRUE,3,Strong,Midwest,3.6989700043360187,3,1,1.6363636363636365,Evening
433,1980,6,3,1980-06-03,21:16:00,America/Chicago,1980-06-04T02:16:00Z,NE,31,4,110,3,500000000,40.92,-98.3,40.9,-98.3,1.1,1700,1,1,79,0,0,0,FALSE,113,TRUE,1.0625000000000002,TRUE,3,Violent,Midwest,8.698970004336019,4,5,1.131578947368421,Night
215,1961,4,25,1961-04-25,16:00:00,America/Chicago,1961-04-25T22:00:00Z,OH,39,2,4,2,500000,39.3,-84,39.37,-83.53,25,50,1,1,27,71,0,0,FALSE,6,TRUE,0.7102272727272727,TRUE,2,Strong,Midwest,5.698970004336019,2,2,1.0625,Evening
85,2002,5,9,2002-05-09,01:11:00,America/Chicago,2002-05-09T06:11:00Z,IL,17,1,0,2,50000,38.53,-89.13,38.53,-89.13,0.5,100,1,1,121,0,0,0,FALSE,2,TRUE,0.028409090909090908,TRUE,2,Weak,Midwest,4.698970004336019,1,4,0.7027027027027027,Morning
329,1959,5,30,1959-05-30,18:00:00,America/Chicago,1959-05-30T23:00:00Z,NE,31,2,2,1,500000,42.72,-97.62,42.83,-97.13,26.8,10,1,1,107,27,0,0,FALSE,3,TRUE,0.15227272727272728,TRUE,2,Strong,Midwest,5.698970004336019,2,1,0.9302325581395349,Evening
5,1973,1,18,1973-01-18,14:15:00,America/Chicago,1973-01-18T20:15:00Z,LA,22,3,2,1,50000,32.13,-92.3,32.4,-91.73,38,73,1,1,21,83,0,0,FALSE,3,TRUE,1.5761363636363637,TRUE,1,Strong,South,4.698970004336019,3,1,1.2333333333333334,Evening
57,1950,4,28,1950-04-28,14:17:00,America/Chicago,1950-04-28T20:17:00Z,OK,40,3,1,1,500000,34.88,-99.28,35.17,-99.2,20.8,400,1,1,75,149,0,0,FALSE,2,TRUE,4.7272727272727275,TRUE,2,Strong,South,5.698970004336019,3,6,1.565217391304348,Evening
269,1975,4,29,1975-04-29,22:30:00,America/Chicago,1975-04-30T03:30:00Z,LA,22,2,8,2,500000,30.93,-93.18,30.93,-92.93,14.8,50,1,1,115,0,0,0,FALSE,10,TRUE,0.42045454545454547,TRUE,2,Strong,South,5.698970004336019,2,3,1.2592592592592593,Night
135,1967,4,16,1967-04-16,16:00:00,America/Chicago,1967-04-16T22:00:00Z,IA,19,3,16,2,5000000,40.7,-92.1,40.9,-91.83,19.4,500,1,1,177,0,0,0,FALSE,18,TRUE,5.511363636363637,TRUE,2,Strong,Midwest,6.698970004336019,3,3,1.8076923076923077,Evening
130,1974,4,3,1974-04-03,14:35:00,America/Chicago,1974-04-03T19:35:00Z,IN,18,4,12,1,50000000,40.05,-85.27,40.32,-85.03,18,1400,1,1,65,35,135,75,FALSE,13,TRUE,14.318181818181817,TRUE,2,Violent,Midwest,7.698970004336019,4,50,2.5172413793103448,Evening
89,1964,4,12,1964-04-12,16:00:00,America/Chicago,1964-04-12T22:00:00Z,KS,20,4,9,3,500000,38.12,-95.3,38.37,-95.13,19.4,880,1,1,3,0,0,0,FALSE,12,TRUE,9.7,TRUE,2,Violent,Midwest,5.698970004336019,4,4,1.053191489361702,Evening
46,1975,1,12,1975-01-12,10:20:00,America/Chicago,1975-01-12T16:20:00Z,FL,12,2,33,1,5000000,30.17,-85.7,31.68,-83.5,168.5,100,2,0,0,0,0,0,FALSE,34,TRUE,9.573863636363637,TRUE,1,Strong,South,6.698970004336019,2,2,0.6185567010309279,Afternoon
210,1962,5,24,1962-05-24,15:30:00,America/Chicago,1962-05-24T20:30:00Z,CT,9,3,50,1,5000000,41.55,-73.12,41.6,-72.88,11.6,120,1,1,9,3,0,0,FALSE,51,TRUE,0.7909090909090908,TRUE,2,Strong,Northeast,6.698970004336019,3,1,2.5,Evening
122,1979,4,10,1979-04-10,17:05:00,America/Chicago,1979-04-10T23:05:00Z,OK,40,3,100,3,50000000,34.57,-98.42,34.62,-98.37,4.5,170,1,1,31,0,0,0,FALSE,103,TRUE,0.4346590909090909,TRUE,2,Strong,South,7.698970004336019,3,7,1.2291666666666667,Evening
47,1984,3,15,1984-03-15,17:40:00,America/Chicago,1984-03-15T23:40:00Z,AR,5,4,13,2,50000000,35.58,-92.45,35.65,-91.6,41,440,1,1,141,23,63,0,FALSE,15,TRUE,10.25,TRUE,2,Violent,South,7.698970004336019,4,7,1.2173913043478262,Evening
139,1963,4,29,1963-04-29,18:15:00,America/Chicago,1963-04-29T23:15:00Z,MS,28,4,20,3,500000,34.12,-88.72,34.15,-88.65,4.7,1000,1,1,81,0,0,0,FALSE,23,TRUE,2.670454545454546,TRUE,2,Violent,South,5.698970004336019,4,10,2.25,Evening
813,1957,11,18,1957-11-18,17:30:00,America/Chicago,1957-11-18T23:30:00Z,AL,1,4,12,3,500000,33.98,-86.52,34.27,-86.22,26.1,100,1,1,9,95,0,0,FALSE,15,TRUE,1.4829545454545454,TRUE,4,Violent,South,5.698970004336019,4,10,1.4666666666666666,Evening
204,1979,5,2,1979-05-02,16:15:00,America/Chicago,1979-05-02T21:15:00Z,OK,40,4,25,1,5000000,36.45,-98.35,36.35,-98,20.6,880,1,1,93,47,0,0,FALSE,26,TRUE,10.3,TRUE,2,Violent,South,6.698970004336019,4,7,1.2291666666666667,Evening
1124,1996,4,21,1996-04-21,22:12:00,America/Chicago,1996-04-22T03:12:00Z,OK,40,3,89,2,150000000,35.38,-94.45,35.52,-94.28,10.1,1050,2,0,0,0,0,0,FALSE,91,TRUE,6.025568181818182,TRUE,2,Strong,South,8.176091259055681,3,2,0.30612244897959184,Night
1211,1992,11,22,1992-11-22,02:15:00,America/Chicago,1992-11-22T08:15:00Z,MS,28,2,1,1,500000,32.8,-88.7,33.12,-88.28,27,880,1,1,69,103,0,0,FALSE,2,TRUE,13.5,TRUE,4,Strong,South,5.698970004336019,2,18,0.7962962962962963,Morning
919,1982,9,26,1982-09-26,03:00:00,America/Chicago,1982-09-26T08:00:00Z,FL,12,2,7,1,500000,27.38,-81.03,0,0,4,60,1,1,93,0,0,0,FALSE,8,TRUE,0.13636363636363635,TRUE,4,Strong,South,5.698970004336019,2,2,0.6376811594202898,Morning
162,1951,6,23,1951-06-23,22:00:00,America/Chicago,1951-06-24T03:00:00Z,KS,20,1,0,1,50000,37.12,-101.62,0,0,0.1,10,1,1,129,0,0,0,TRUE,1,TRUE,5.681818181818183e-4,TRUE,3,Weak,Midwest,4.698970004336019,1,8,1.0649350649350648,Night
206,1973,4,20,1973-04-20,17:30:00,America/Chicago,1973-04-20T23:30:00Z,MO,29,4,3,1,50000,39.93,-92.48,39.98,-92.43,3.8,440,1,1,121,0,0,0,FALSE,4,TRUE,0.95,TRUE,2,Violent,Midwest,4.698970004336019,4,8,1.518987341772152,Evening
582549,2015,5,25,2015-05-25,13:42:00,America/Chicago,2015-05-25T18:42:00Z,OK,40,3,1,1,500000,33.983,-96.2684,34.2308,-96.1856,18.8,700,1,1,13,5,0,0,FALSE,2,TRUE,7.4772727272727275,TRUE,2,Strong,South,5.698970004336019,3,2,0.6018518518518519,Evening
146,1961,3,31,1961-03-31,07:20:00,America/Chicago,1961-03-31T13:20:00Z,GA,13,3,14,1,5000000,32.25,-83.73,0,0,1,100,1,1,93,0,0,0,FALSE,15,TRUE,0.056818181818181816,TRUE,2,Strong,South,6.698970004336019,3,1,1.3333333333333333,Afternoon
619351,2020,8,3,2020-08-03,23:15:00,America/Chicago,2020-08-04T04:15:00Z,NC,37,3,14,2,1000000,35.887,-76.89,36.014,-76.977,10,600,1,1,15,0,0,0,FALSE,16,TRUE,3.4090909090909087,TRUE,3,Strong,South,6,3,2,0.717391304347826,Night
88,1951,5,26,1951-05-26,09:30:00,America/Chicago,1951-05-26T14:30:00Z,FL,12,1,0,3,500000,29.85,-84.68,0,0,0.1,10,1,1,37,0,0,0,FALSE,3,TRUE,5.681818181818183e-4,TRUE,2,Weak,South,5.698970004336019,1,3,1.4444444444444444,Afternoon
575,1955,11,15,1955-11-15,15:17:00,America/Chicago,1955-11-15T21:17:00Z,AR,5,3,4,1,500000,35.48,-92.03,35.72,-91.45,36.5,133,1,1,23,63,0,0,FALSE,5,TRUE,2.758238636363636,TRUE,4,Strong,South,5.698970004336019,3,2,2,Evening
77,1981,4,4,1981-04-04,00:04:00,America/Chicago,1981-04-04T06:04:00Z,WI,55,4,53,3,50000000,43.43,-88.2,0,0,1.8,100,1,1,131,0,0,0,FALSE,56,TRUE,0.10227272727272727,TRUE,2,Violent,Midwest,7.698970004336019,4,3,1.0952380952380953,Morning
497,2001,10,24,2001-10-24,14:50:00,America/Chicago,2001-10-24T19:50:00Z,IN,18,3,2,1,8850000,41.62,-86.43,42.08,-85.65,47,1320,2,0,0,0,0,0,FALSE,3,TRUE,35.25,TRUE,4,Strong,Midwest,6.946943270697825,3,2,0.6956521739130435,Evening
924,1973,9,25,1973-09-25,15:05:00,America/Chicago,1973-09-25T20:05:00Z,KS,20,3,42,3,50000000,38.35,-98.02,40.52,-96.52,169.7,100,2,0,0,0,0,0,FALSE,45,TRUE,9.642045454545453,TRUE,4,Strong,Midwest,7.698970004336019,3,6,1.490909090909091,Evening
740,2000,4,2,2000-04-02,23:34:00,America/Chicago,2000-04-03T04:34:00Z,AL,1,2,6,1,300000,33.9,-85.55,33.9,-85.52,1.9,100,1,1,15,29,0,0,FALSE,7,TRUE,0.10795454545454544,TRUE,2,Strong,South,5.477121254719663,2,13,0.7727272727272727,Night
344,1985,5,31,1985-05-31,16:30:00,America/Chicago,1985-05-31T21:30:00Z,PA,42,4,30,7,5000000,41.55,-79.62,41.45,-78.93,29,800,1,1,121,53,0,0,FALSE,37,TRUE,13.181818181818182,TRUE,2,Violent,Northeast,6.698970004336019,4,29,1.7857142857142858,Evening
609,1962,8,28,1962-08-28,22:10:00,America/Chicago,1962-08-29T03:10:00Z,LA,22,1,30,2,500000,29.8,-93.33,0,0,0.5,50,1,1,23,0,0,0,FALSE,32,TRUE,0.014204545454545454,TRUE,3,Weak,South,5.698970004336019,1,2,0.631578947368421,Night
1185,1995,11,10,1995-11-10,23:02:00,America/Chicago,1995-11-11T05:02:00Z,AR,5,2,1,2,315000,35.03,-91.53,35.05,-91.4,8.5,100,1,1,117,147,0,0,FALSE,3,TRUE,0.4829545454545454,TRUE,4,Strong,South,5.498310553789601,2,2,0.4166666666666667,Night
90,1964,4,12,1964-04-12,16:45:00,America/Chicago,1964-04-12T22:45:00Z,IA,19,4,28,1,5000000,40.67,-95.23,40.83,-95.1,13.1,400,1,1,145,0,0,0,FALSE,29,TRUE,2.977272727272727,TRUE,2,Violent,Midwest,6.698970004336019,4,1,1.8703703703703705,Evening
203,1984,4,26,1984-04-26,20:33:00,America/Chicago,1984-04-27T02:33:00Z,MN,27,3,52,1,50000000,45.02,-93.23,45.1,-93.2,5.5,60,1,1,53,123,0,0,FALSE,53,TRUE,0.1875,TRUE,2,Strong,Midwest,7.698970004336019,3,1,0.7037037037037037,Night
612,2000,12,16,2000-12-16,10:34:00,America/Chicago,2000-12-16T16:34:00Z,AL,1,2,9,1,2500000,31.02,-85.9,31.07,-85.85,4.5,100,1,1,61,0,0,0,FALSE,10,TRUE,0.2556818181818182,TRUE,1,Strong,South,6.3979400086720375,2,13,0.7727272727272727,Afternoon
128,2004,5,30,2004-05-30,16:20:00,America/Chicago,2004-05-30T21:20:00Z,MO,29,1,0,1,100000,38.75,-90.35,38.77,-90.33,2,50,1,1,189,0,0,0,FALSE,1,TRUE,0.056818181818181816,TRUE,2,Weak,Midwest,5,1,7,0.5352112676056338,Evening
649,1997,3,28,1997-03-28,18:04:00,America/Chicago,1997-03-29T00:04:00Z,KY,21,3,14,1,1400000,37.37,-85.92,37.43,-85.77,9,1200,1,1,99,0,0,0,FALSE,15,TRUE,6.136363636363636,TRUE,2,Strong,South,6.146128035678238,3,3,0.8421052631578947,Night
375,2002,11,10,2002-11-10,19:31:00,America/Chicago,2002-11-11T01:31:00Z,TN,47,3,28,7,970000,36.03,-84.6,36.05,-84.45,8.3,300,1,1,129,0,0,0,FALSE,35,TRUE,1.4147727272727273,TRUE,4,Strong,South,5.986771734266245,3,17,1.2,Night
833,1998,4,8,1998-04-08,18:42:00,America/Chicago,1998-04-08T23:42:00Z,AL,1,5,259,32,200030000,33.42,-87.35,33.58,-86.87,30.3,1320,1,1,125,73,0,0,FALSE,291,TRUE,22.725,TRUE,2,Violent,South,8.301095134950943,5,34,0.62,Evening
253,1951,12,6,1951-12-06,18:00:00,America/Chicago,1951-12-07T00:00:00Z,IL,17,3,1,1,500000,41.33,-89.18,41.65,-89.12,21.9,150,1,1,11,0,0,0,FALSE,2,TRUE,1.8664772727272725,TRUE,1,Strong,Midwest,5.698970004336019,3,2,2.6,Night
29,1976,2,18,1976-02-18,07:30:00,America/Chicago,1976-02-18T13:30:00Z,MS,28,3,27,1,5000000,32.55,-89.63,32.75,-89.23,27.3,200,1,1,79,99,0,0,FALSE,28,TRUE,3.102272727272727,TRUE,1,Strong,South,6.698970004336019,3,5,2.0588235294117645,Afternoon
144,1973,4,15,1973-04-15,04:15:00,America/Chicago,1973-04-15T10:15:00Z,TX,48,3,26,2,500000,34.18,-101.75,34.23,-101.63,7.6,200,1,1,189,0,0,0,FALSE,28,TRUE,0.8636363636363635,TRUE,2,Strong,South,5.698970004336019,3,14,1.2857142857142858,Morning
61,1963,3,19,1963-03-19,15:00:00,America/Chicago,1963-03-19T21:00:00Z,IN,18,1,0,2,5000,38.53,-86.17,0,0,0.1,10,1,1,175,0,0,0,FALSE,2,TRUE,5.681818181818183e-4,TRUE,2,Weak,Midwest,3.6989700043360187,1,2,1.6153846153846154,Evening
311717,2011,4,15,2011-04-15,21:47:00,America/Chicago,2011-04-16T02:47:00Z,AL,1,3,4,3,1240000,32.5803,-86.5818,32.6126,-86.4269,9.29,400,1,1,1,0,0,0,FALSE,7,TRUE,2.111363636363636,TRUE,2,Strong,South,6.093421685162235,3,237,1.3014705882352942,Night
620989,2022,3,5,2022-03-05,16:26:00,America/Chicago,2022-03-05T22:26:00Z,IA,19,4,5,6,220000000,41.2334,-94.2013,41.734,-93.0135,70.57,900,1,1,121,181,153,99,FALSE,11,TRUE,36.08693181818182,TRUE,2,Violent,Midwest,8.342422680822207,4,7,0.9523809523809523,Evening
455,1970,7,22,1970-07-22,14:00:00,America/Chicago,1970-07-22T19:00:00Z,GA,13,2,1,1,50000,32.8,-82.4,0,0,2,300,1,1,107,0,0,0,FALSE,2,TRUE,0.3409090909090909,TRUE,3,Strong,South,4.698970004336019,2,1,1.7,Evening
32,1966,3,3,1966-03-03,18:30:00,America/Chicago,1966-03-04T00:30:00Z,MS,28,5,518,58,50000000,32.18,-90.55,33.37,-87.42,202.5,900,2,0,0,0,0,0,FALSE,576,TRUE,103.55113636363636,TRUE,2,Violent,South,7.698970004336019,5,59,1.0833333333333333,Night
191,1971,4,27,1971-04-27,15:43:00,America/Chicago,1971-04-27T20:43:00Z,IL,17,3,20,1,5000000,37.9,-89.8,37.9,-89.72,4.5,200,1,1,55,0,0,0,FALSE,21,TRUE,0.5113636363636364,TRUE,2,Strong,Midwest,6.698970004336019,3,1,1.2,Evening
180,1960,5,5,1960-05-05,19:10:00,America/Chicago,1960-05-06T00:10:00Z,OK,40,2,6,2,500000,35.3,-95.5,35.42,-95.35,11.7,200,1,1,91,0,0,0,FALSE,8,TRUE,1.3295454545454544,TRUE,2,Strong,South,5.698970004336019,2,35,1.6020408163265305,Night
63,1997,2,20,1997-02-20,19:59:00,America/Chicago,1997-02-21T01:59:00Z,AR,5,1,3,1,250000,35.13,-94.02,35.17,-94.02,5,100,1,1,83,0,0,0,FALSE,4,TRUE,0.28409090909090906,TRUE,1,Weak,South,5.3979400086720375,1,26,1.6888888888888889,Night
484,1997,8,16,1997-08-16,13:10:00,America/Chicago,1997-08-16T18:10:00Z,PA,42,1,0,1,50000,41.38,-76.48,41.38,-76.48,0.5,50,1,1,113,0,0,0,FALSE,1,TRUE,0.014204545454545454,TRUE,3,Weak,Northeast,4.698970004336019,1,1,0.7142857142857143,Evening
359709,2012,2,29,2012-02-29,04:00:00,America/Chicago,2012-02-29T10:00:00Z,MO,29,3,0,1,150000,36.9,-90.1891,37.03,-89.8663,19.96,700,1,1,207,0,0,0,FALSE,1,TRUE,7.9386363636363635,TRUE,1,Strong,Midwest,5.176091259055681,3,6,0.896551724137931,Morning
569,1955,10,28,1955-10-28,20:00:00,America/Chicago,1955-10-29T01:00:00Z,GA,13,0,2,1,500,31.08,-84.73,0,0,0.1,100,1,1,201,0,0,0,FALSE,3,TRUE,0.005681818181818182,TRUE,4,Weak,South,2.6989700043360187,0,4,0.5333333333333333,Night
417,1972,6,20,1972-06-20,18:30:00,America/Chicago,1972-06-20T23:30:00Z,OH,39,0,0,1,50000,41.5,-84.2,0,0,0.1,20,1,1,51,0,0,0,FALSE,1,TRUE,0.0011363636363636365,TRUE,3,Weak,Midwest,4.698970004336019,0,1,1.1,Evening
932,2004,5,22,2004-05-22,18:30:00,America/Chicago,2004-05-22T23:30:00Z,NE,31,4,38,1,160220000,40.32,-97.33,40.7,-96.4,54,4400,1,1,95,151,67,109,FALSE,39,TRUE,135,TRUE,2,Violent,Midwest,8.204716727400484,4,1,0.3153153153153153,Evening
47,1988,3,28,1988-03-28,18:05:00,America/Chicago,1988-03-29T00:05:00Z,OK,40,1,1,1,50000,35.48,-97.53,0,0,0.8,33,1,1,109,0,0,0,FALSE,2,TRUE,0.015,TRUE,2,Weak,South,4.698970004336019,1,1,0.5882352941176471,Night
20,1981,2,11,1981-02-11,02:30:00,America/Chicago,1981-02-11T08:30:00Z,NC,37,2,0,1,500000,34.98,-79.08,35.07,-78.9,12.4,847,1,1,93,51,0,0,FALSE,1,TRUE,5.9675,TRUE,1,Strong,South,5.698970004336019,2,2,1.7272727272727273,Morning
663,2003,10,27,2003-10-27,14:39:00,America/Chicago,2003-10-27T20:39:00Z,NJ,34,0,0,1,10000,39.98,-74.83,39.98,-74.83,0.5,30,1,1,5,0,0,0,FALSE,1,TRUE,0.008522727272727272,TRUE,4,Weak,Northeast,4,0,1,0.42857142857142855,Evening
599,1987,11,15,1987-11-15,15:03:00,America/Chicago,1987-11-15T21:03:00Z,TX,48,3,59,1,50000000,31.6,-95.7,31.75,-95.63,10.5,250,1,1,1,0,0,0,FALSE,60,TRUE,1.491477272727273,TRUE,4,Strong,South,7.698970004336019,3,43,0.7301587301587301,Evening
120,1982,4,2,1982-04-02,18:20:00,America/Chicago,1982-04-03T00:20:00Z,AR,5,3,2,2,500000,36.43,-92.12,0,0,1.5,880,1,1,49,0,0,0,FALSE,4,TRUE,0.75,TRUE,2,Strong,South,5.698970004336019,3,18,1.513157894736842,Night
912,2003,5,11,2003-05-11,03:30:00,America/Chicago,2003-05-11T08:30:00Z,KY,21,2,8,1,15000000,37.8,-84.9,37.82,-84.8,7,300,1,1,167,0,0,0,FALSE,9,TRUE,1.1931818181818181,TRUE,2,Strong,South,7.176091259055681,2,3,1.15625,Morning
49,1950,4,2,1950-04-02,15:30:00,America/Chicago,1950-04-02T21:30:00Z,AR,5,3,8,1,5000,35.75,-91.22,0,0,2.5,10,1,1,67,0,0,0,FALSE,9,TRUE,0.014204545454545456,TRUE,2,Strong,South,3.6989700043360187,3,2,2.3333333333333335,Evening
23,1978,1,26,1978-01-26,01:10:00,America/Chicago,1978-01-26T07:10:00Z,VA,51,3,10,1,500000,38.5,-77.3,0,0,0.7,250,1,1,153,0,0,0,FALSE,11,TRUE,0.09943181818181819,TRUE,1,Strong,South,5.698970004336019,3,1,2,Morning
217,1983,5,1,1983-05-01,21:45:00,America/Chicago,1983-05-02T02:45:00Z,IL,17,0,0,2,500000,38.93,-88.68,0,0,0.2,30,1,1,49,0,0,0,FALSE,2,TRUE,0.003409090909090909,TRUE,2,Weak,Midwest,5.698970004336019,0,2,1.0769230769230769,Night
619743,2021,3,25,2021-03-25,13:31:00,America/Chicago,2021-03-25T18:31:00Z,AL,1,3,10,6,500000,33.7026,-86.1053,33.9872,-85.5389,38.17,1700,1,1,15,19,0,0,FALSE,16,TRUE,36.868750000000006,TRUE,2,Strong,South,5.698970004336019,3,7,0.8461538461538461,Evening
241,1980,5,15,1980-05-15,17:00:00,America/Chicago,1980-05-15T22:00:00Z,LA,22,1,2,1,500000,32.03,-91.88,0,0,0.5,10,1,1,41,0,0,0,FALSE,3,TRUE,0.002840909090909091,TRUE,2,Weak,South,5.698970004336019,1,2,1.1875,Evening
566,1959,9,30,1959-09-30,15:30:00,America/Chicago,1959-09-30T20:30:00Z,VA,51,3,4,11,500000,38.05,-78.62,0,0,0.8,200,1,1,3,0,0,0,FALSE,15,TRUE,0.09090909090909091,TRUE,4,Strong,South,5.698970004336019,3,12,1.5,Evening
621282,2022,4,5,2022-04-05,15:18:00,America/Chicago,2022-04-05T20:18:00Z,GA,13,4,12,1,5000000,32.1202,-81.6561,32.1854,-81.4225,14.39,1300,1,1,29,0,0,0,FALSE,13,TRUE,10.628977272727273,TRUE,2,Violent,South,6.698970004336019,4,1,0.8571428571428571,Evening
635,1988,11,15,1988-11-15,21:36:00,America/Chicago,1988-11-16T03:36:00Z,AR,5,2,60,5,50000000,34.5,-92.35,34.98,-91.73,49,250,1,1,125,119,85,117,FALSE,65,TRUE,6.960227272727273,TRUE,4,Strong,South,7.698970004336019,2,6,1.5,Night
469,1974,5,26,1974-05-26,21:30:00,America/Chicago,1974-05-27T02:30:00Z,SC,45,1,1,6,50000,33.5,-79.03,0,0,3,300,1,1,43,0,0,0,FALSE,7,TRUE,0.5113636363636364,TRUE,2,Weak,South,4.698970004336019,1,6,1.0909090909090908,Night
256,1993,5,7,1993-05-07,17:05:00,America/Chicago,1993-05-07T22:05:00Z,KS,20,4,6,1,5000000,38.9,-98.52,39.23,-98.62,25.5,880,1,1,167,141,0,0,FALSE,7,TRUE,12.75,TRUE,2,Violent,Midwest,6.698970004336019,4,1,0.5405405405405406,Evening
550,1959,9,27,1959-09-27,18:00:00,America/Chicago,1959-09-27T23:00:00Z,OK,40,4,1,1,50000,36.85,-95.25,37.12,-95.1,20.4,440,2,0,0,0,0,0,FALSE,2,TRUE,5.1,TRUE,4,Violent,South,4.698970004336019,4,8,1.3857142857142857,Evening
27,1971,2,4,1971-02-04,19:45:00,America/Chicago,1971-02-05T01:45:00Z,AL,1,3,13,1,50000,34.03,-87.95,34.38,-87.53,34.1,750,1,1,93,59,0,0,FALSE,14,TRUE,14.531250000000002,TRUE,1,Strong,South,4.698970004336019,3,4,1.8636363636363635,Night
892,1999,4,15,1999-04-15,18:15:00,America/Chicago,1999-04-15T23:15:00Z,NC,37,2,4,1,200000,34.68,-79.13,34.68,-79.13,0.3,0,1,1,155,0,0,0,FALSE,5,TRUE,0,TRUE,2,Strong,South,5.301029995663981,2,1,0.6486486486486487,Evening
622048,2022,12,13,2022-12-13,16:36:00,America/Chicago,2022-12-13T22:36:00Z,LA,22,2,2,2,500000,32.221,-94.0102,32.2569,-93.969,3.46,700,1,1,17,0,0,0,FALSE,4,TRUE,1.3761363636363635,TRUE,1,Strong,South,5.698970004336019,2,4,1.0612244897959184,Evening
111,1974,4,3,1974-04-03,13:05:00,America/Chicago,1974-04-03T18:05:00Z,TN,47,3,100,1,500000,35.1,-84.92,35.25,-84.67,18.1,350,1,1,11,139,0,0,FALSE,101,TRUE,3.5994318181818183,TRUE,2,Strong,South,5.698970004336019,3,47,1.813953488372093,Evening
840,1957,12,18,1957-12-18,17:22:00,America/Chicago,1957-12-18T23:22:00Z,MO,29,2,1,3,5000000,37.18,-89.67,0,0,0.5,33,1,1,201,0,0,0,FALSE,4,TRUE,0.009375,TRUE,1,Strong,Midwest,6.698970004336019,2,19,1.3658536585365855,Evening
690,1988,12,24,1988-12-24,06:04:00,America/Chicago,1988-12-24T12:04:00Z,TN,47,4,7,1,50000000,35.92,-86.9,36.03,-86.78,6,150,1,1,187,0,0,0,FALSE,8,TRUE,0.5113636363636364,TRUE,1,Violent,South,7.698970004336019,4,6,1.7272727272727273,Afternoon
896,2002,11,10,2002-11-10,19:20:00,America/Chicago,2002-11-11T01:20:00Z,MS,28,1,0,1,140000,33.22,-88.95,33.4,-88.25,51,400,2,0,0,0,0,0,FALSE,1,TRUE,11.59090909090909,TRUE,4,Weak,South,5.146128035678238,1,1,0.5862068965517241,Night
1250,1992,11,22,1992-11-22,14:45:00,America/Chicago,1992-11-22T20:45:00Z,GA,13,4,86,5,50000000,33.18,-83.45,33.47,-83.03,32,867,1,1,237,133,0,0,FALSE,91,TRUE,15.763636363636364,TRUE,4,Violent,South,7.698970004336019,4,7,1.4444444444444444,Evening
60,1950,4,28,1950-04-28,19:05:00,America/Chicago,1950-04-29T01:05:00Z,OK,40,4,32,5,500000,35.08,-96.4,35.13,-96.35,4.5,200,1,1,63,0,0,0,FALSE,37,TRUE,0.5113636363636364,TRUE,2,Violent,South,5.698970004336019,4,6,1.565217391304348,Night
786,1977,10,1,1977-10-01,07:00:00,America/Chicago,1977-10-01T12:00:00Z,IN,18,1,1,1,50000,38.3,-86.02,0,0,0.5,40,1,1,61,0,0,0,FALSE,2,TRUE,0.011363636363636364,TRUE,4,Weak,Midwest,4.698970004336019,1,1,0.9285714285714286,Afternoon
622015,2022,11,30,2022-11-30,03:14:00,America/Chicago,2022-11-30T09:14:00Z,AL,1,2,2,2,315000,32.4385,-86.3318,32.4758,-86.1688,9.85,700,1,1,51,101,51,0,FALSE,4,TRUE,3.9176136363636362,TRUE,4,Strong,South,5.498310553789601,2,3,0.7040816326530612,Morning
114,1953,4,30,1953-04-30,16:30:00,America/Chicago,1953-04-30T21:30:00Z,GA,13,3,2,1,500000,32.7,-83.35,0,0,2,10,1,1,289,0,0,0,FALSE,3,TRUE,0.011363636363636364,TRUE,2,Strong,South,5.698970004336019,3,20,2,Evening
264,1973,4,27,1973-04-27,03:15:00,America/Chicago,1973-04-27T09:15:00Z,NC,37,2,1,1,50000,35.47,-76.7,0,0,0.5,123,1,1,13,0,0,0,FALSE,2,TRUE,0.03494318181818182,TRUE,2,Strong,South,4.698970004336019,2,1,0.7567567567567568,Morning
892,1984,11,9,1984-11-09,18:15:00,America/Chicago,1984-11-10T00:15:00Z,MO,29,2,15,1,50000000,37.93,-90.8,37.97,-90.73,3,340,1,1,221,0,0,0,FALSE,16,TRUE,0.5795454545454546,TRUE,4,Strong,Midwest,7.698970004336019,2,5,1.05,Night
1100,1992,10,3,1992-10-03,08:30:00,America/Chicago,1992-10-03T13:30:00Z,FL,12,3,75,3,50000000,27.83,-82.7,0,0,2.6,500,1,1,103,0,0,0,FALSE,78,TRUE,0.7386363636363638,TRUE,4,Strong,South,7.698970004336019,3,4,0.3,Afternoon
1255,2005,11,15,2005-11-15,13:45:00,America/Chicago,2005-11-15T19:45:00Z,KY,21,3,20,1,8550000,36.68,-88.63,37.05,-88,44,500,1,1,83,35,157,143,FALSE,21,TRUE,12.500000000000002,TRUE,4,Strong,South,6.931966114728173,3,25,1.2941176470588236,Evening
516,1984,6,7,1984-06-07,23:41:00,America/Chicago,1984-06-08T04:41:00Z,WI,55,5,200,9,500000,42.97,-89.98,43.28,-89.52,36,450,1,1,49,21,0,0,FALSE,209,TRUE,9.204545454545455,TRUE,3,Violent,Midwest,5.698970004336019,5,12,1.4705882352941178,Night
618817,2020,4,12,2020-04-12,15:12:00,America/Chicago,2020-04-12T20:12:00Z,MS,28,4,98,7,61540000,31.4641,-89.7579,32.072,-88.8649,67.43,3960,1,1,65,31,67,61,FALSE,105,TRUE,151.71750000000003,TRUE,2,Violent,South,7.78915749191144,4,12,0.9878048780487805,Evening
877,1998,4,16,1998-04-16,03:00:00,America/Chicago,1998-04-16T08:00:00Z,TN,47,3,3,2,250000,36.03,-89.32,36.03,-89.25,4,100,1,1,45,0,0,0,FALSE,5,TRUE,0.22727272727272727,TRUE,2,Strong,South,5.3979400086720375,3,7,1.5625,Morning
102,1974,4,1,1974-04-01,21:40:00,America/Chicago,1974-04-02T02:40:00Z,AL,1,3,6,1,5000000,34.7,-86.72,34.75,-86.58,8.4,800,1,1,89,0,0,0,FALSE,7,TRUE,3.8181818181818183,TRUE,2,Strong,South,6.698970004336019,3,80,1.8461538461538463,Night
803,1989,11,8,1989-11-08,15:35:00,America/Chicago,1989-11-08T21:35:00Z,GA,13,2,8,1,500000,32.12,-83.5,0,0,0.8,100,1,1,315,0,0,0,FALSE,9,TRUE,0.045454545454545456,TRUE,4,Strong,South,5.698970004336019,2,3,1.5945945945945945,Evening
623,2005,1,13,2005-01-13,16:58:00,America/Chicago,2005-01-13T22:58:00Z,GA,13,1,5,2,260000,31.4,-84.73,31.43,-84.75,3,100,1,1,99,37,0,0,FALSE,7,TRUE,0.17045454545454544,TRUE,1,Weak,South,5.414973347970818,1,4,0.48148148148148145,Evening
59,1993,3,12,1993-03-12,23:30:00,America/Chicago,1993-03-13T05:30:00Z,FL,12,2,60,1,5000000,28.68,-81.77,28.67,-81.42,30,200,1,1,69,0,0,0,FALSE,61,TRUE,3.409090909090909,TRUE,2,Strong,South,6.698970004336019,2,5,0.25882352941176473,Night
81,1999,1,21,1999-01-21,16:46:00,America/Chicago,1999-01-21T22:46:00Z,AR,5,2,2,2,315000,35.2,-91.95,35.28,-91.87,16,0,1,1,145,0,0,0,FALSE,4,TRUE,0,TRUE,1,Strong,South,5.498310553789601,2,8,1.145631067961165,Evening
1158,2004,5,24,2004-05-24,22:19:00,America/Chicago,2004-05-25T03:19:00Z,IL,17,1,1,1,50000,39.6,-90.57,39.65,-90.47,7.3,100,1,1,171,0,0,0,FALSE,2,TRUE,0.41477272727272724,TRUE,2,Weak,Midwest,4.698970004336019,1,9,0.5375,Night
91,1984,3,28,1984-03-28,18:45:00,America/Chicago,1984-03-29T00:45:00Z,NC,37,3,101,12,50000000,34.83,-78.87,35.17,-78.18,40,1407,1,1,17,51,163,0,FALSE,113,TRUE,31.977272727272727,TRUE,2,Strong,South,7.698970004336019,3,40,1.75,Night
541,1967,6,23,1967-06-23,20:00:00,America/Chicago,1967-06-24T01:00:00Z,KS,20,3,30,1,50,38.15,-101.25,37.92,-100.67,35.6,10,1,1,93,55,0,0,FALSE,31,TRUE,0.2022727272727273,TRUE,3,Strong,Midwest,1.6989700043360187,3,2,0.7692307692307693,Night
341,1990,5,15,1990-05-15,18:41:00,America/Chicago,1990-05-15T23:41:00Z,OK,40,3,12,1,5000000,36.12,-97.15,36.17,-97.05,7,440,1,1,119,0,0,0,FALSE,13,TRUE,1.75,TRUE,2,Strong,South,6.698970004336019,3,1,1.4666666666666666,Evening
493,2009,5,8,2009-05-08,14:55:00,America/Chicago,2009-05-08T19:55:00Z,KY,21,3,15,2,500000,37.65,-84.47,37.7463,-84.1029,21.12,150,1,1,79,151,0,0,FALSE,17,TRUE,1.8,TRUE,2,Strong,South,5.698970004336019,3,2,0.8125,Evening
13,1954,2,19,1954-02-19,21:25:00,America/Chicago,1954-02-20T03:25:00Z,LA,22,2,4,1,5000,30.9,-91.58,0,0,0.5,100,1,1,125,0,0,0,FALSE,5,TRUE,0.028409090909090908,TRUE,1,Strong,South,3.6989700043360187,2,2,1.0909090909090908,Night
774,1957,11,7,1957-11-07,23:30:00,America/Chicago,1957-11-08T05:30:00Z,LA,22,1,13,2,500000,30.33,-92.05,0,0,2,50,1,1,55,0,0,0,FALSE,15,TRUE,0.056818181818181816,TRUE,4,Weak,South,5.698970004336019,1,14,1.6,Night
275,1953,6,8,1953-06-08,19:30:00,America/Chicago,1953-06-09T00:30:00Z,MI,26,5,844,116,50000000,43.1,-83.85,43.17,-83.42,18.9,833,1,1,49,87,0,0,FALSE,960,TRUE,8.94528409090909,TRUE,3,Violent,Midwest,7.698970004336019,5,127,2.125,Night
188,2009,4,9,2009-04-09,19:02:00,America/Chicago,2009-04-10T00:02:00Z,AR,5,3,30,3,130000000,34.5444,-94.3334,34.6226,-94.0905,14.84,1075,1,1,113,0,0,0,FALSE,33,TRUE,9.064204545454546,TRUE,2,Strong,South,8.113943352306837,3,3,0.7857142857142857,Night
816,1976,9,26,1976-09-26,16:23:00,America/Chicago,1976-09-26T21:23:00Z,IN,18,3,10,1,5000000,38.93,-85.9,38.95,-85.8,4.9,100,1,1,71,0,0,0,FALSE,11,TRUE,0.27840909090909094,TRUE,4,Strong,Midwest,6.698970004336019,3,3,1.0833333333333333,Evening
607144,2015,12,23,2015-12-23,18:18:00,America/Chicago,2015-12-24T00:18:00Z,TN,47,2,0,2,1000000,35.5499,-87.8145,35.6573,-87.5841,14.92,500,1,1,135,81,0,0,FALSE,2,TRUE,4.238636363636364,TRUE,1,Strong,South,6,2,2,0.75,Night
74,1950,5,4,1950-05-04,20:30:00,America/Chicago,1950-05-05T01:30:00Z,TX,48,2,13,1,500000,36.4,-100.8,36.42,-100.77,1.9,50,1,1,357,0,0,0,FALSE,14,TRUE,0.05397727272727272,TRUE,2,Strong,South,5.698970004336019,2,11,1.8,Night
80,1952,3,22,1952-03-22,00:20:00,America/Chicago,1952-03-22T06:20:00Z,TN,47,2,10,3,50000,35.87,-87.58,0,0,0.5,40,1,1,81,0,0,0,FALSE,13,TRUE,0.011363636363636364,TRUE,2,Strong,South,4.698970004336019,2,68,2.4545454545454546,Morning
627,1961,9,24,1961-09-24,17:00:00,America/Chicago,1961-09-24T22:00:00Z,IL,17,1,0,1,50000,38.97,-90.52,0,0,0.1,10,1,1,83,0,0,0,FALSE,1,TRUE,5.681818181818183e-4,TRUE,4,Weak,Midwest,4.698970004336019,1,2,1.0909090909090908,Evening
421,2002,12,18,2002-12-18,01:53:00,America/Chicago,2002-12-18T07:53:00Z,MO,29,1,7,1,140000,37.35,-94.32,37.42,-94.17,9.5,100,1,1,11,0,0,0,FALSE,8,TRUE,0.5397727272727273,TRUE,1,Weak,Midwest,5.146128035678238,1,4,0.7857142857142857,Morning
618559,2020,1,10,2020-01-10,23:33:00,America/Chicago,2020-01-11T05:33:00Z,TX,48,1,1,1,75000,31.5832,-94.7558,31.5855,-94.7197,2.13,160,1,1,347,0,0,0,FALSE,2,TRUE,0.19363636363636363,TRUE,1,Weak,South,4.8750612633917,1,4,0.7142857142857143,Night
1128,1991,11,29,1991-11-29,18:05:00,America/Chicago,1991-11-30T00:05:00Z,MO,29,4,64,2,50000000,37.1,-93.3,37.2,-93.22,10,400,1,1,43,77,0,0,FALSE,66,TRUE,2.2727272727272725,TRUE,4,Violent,Midwest,7.698970004336019,4,2,0.5882352941176471,Night
136,1953,5,9,1953-05-09,21:45:00,America/Chicago,1953-05-10T02:45:00Z,NE,31,3,82,5,5000000,40.25,-97.57,40.77,-97.05,46.9,880,1,1,169,59,151,159,FALSE,87,TRUE,23.45,TRUE,2,Strong,Midwest,6.698970004336019,3,16,1.25,Night
109,1982,4,2,1982-04-02,17:15:00,America/Chicago,1982-04-02T23:15:00Z,AR,5,2,13,1,500000,35.02,-90.77,0,0,1.6,60,1,1,123,0,0,0,FALSE,14,TRUE,0.05454545454545454,TRUE,2,Strong,South,5.698970004336019,2,18,1.513157894736842,Evening
621971,2022,11,4,2022-11-04,17:44:00,America/Chicago,2022-11-04T22:44:00Z,TX,48,3,8,1,5000000,33.0218,-94.8157,33.2064,-94.6241,16.91,650,1,1,343,67,0,0,FALSE,9,TRUE,6.2451704545454545,TRUE,4,Strong,South,6.698970004336019,3,3,1.0254237288135593,Evening
637,2000,2,14,2000-02-14,00:39:00,America/Chicago,2000-02-14T06:39:00Z,GA,13,2,0,1,2500000,31.32,-83.63,31.35,-83.58,6,200,1,1,71,277,0,0,FALSE,1,TRUE,0.6818181818181818,TRUE,1,Strong,South,6.3979400086720375,2,19,0.8571428571428571,Morning
604,1988,11,15,1988-11-15,15:45:00,America/Chicago,1988-11-15T21:45:00Z,MO,29,2,12,1,315000,36.5,-94.23,36.75,-93.82,28,23,1,1,119,9,0,0,FALSE,13,TRUE,0.3659090909090909,TRUE,4,Strong,Midwest,5.498310553789601,2,1,1.1176470588235294,Evening
649,1987,12,14,1987-12-14,21:40:00,America/Chicago,1987-12-15T03:40:00Z,AR,5,3,121,6,50000000,35.1,-90.23,35.35,-89.92,25,200,2,0,0,0,0,0,FALSE,127,TRUE,2.840909090909091,TRUE,1,Strong,South,7.698970004336019,3,6,2,Night
99,1984,3,28,1984-03-28,20:30:00,America/Chicago,1984-03-29T02:30:00Z,NC,37,3,10,2,5000000,36.37,-76.7,36.47,-76.5,14,880,1,1,73,0,0,0,FALSE,12,TRUE,7,TRUE,2,Strong,South,6.698970004336019,3,40,1.75,Night
107,2006,3,12,2006-03-12,19:52:00,America/Chicago,2006-03-13T01:52:00Z,MO,29,2,13,1,580000,38.25,-94.33,38.55,-93.92,26,450,1,1,13,37,83,0,FALSE,14,TRUE,6.6477272727272725,TRUE,2,Strong,Midwest,5.763427993562937,2,11,0.90625,Night
874,1967,12,10,1967-12-10,02:15:00,America/Chicago,1967-12-10T08:15:00Z,FL,12,2,50,1,5000000,30.4,-86.62,30.43,-86.52,6.8,1000,1,1,91,0,0,0,FALSE,51,TRUE,3.8636363636363638,TRUE,1,Strong,South,6.698970004336019,2,2,1.608695652173913,Morning
110,1957,4,4,1957-04-04,01:00:00,America/Chicago,1957-04-04T07:00:00Z,MS,28,3,75,1,500000,31.88,-89.77,32.13,-89.15,40.2,167,1,1,127,129,61,0,FALSE,76,TRUE,3.814431818181818,TRUE,2,Strong,South,5.698970004336019,3,6,1.6538461538461537,Morning
522,2004,9,16,2004-09-16,15:45:00,America/Chicago,2004-09-16T20:45:00Z,GA,13,2,1,1,70000,34.28,-83.27,34.33,-83.27,5.5,50,1,1,119,0,0,0,FALSE,2,TRUE,0.15625,TRUE,4,Strong,South,4.845098040014257,2,1,0.45454545454545453,Evening
395,1957,5,21,1957-05-21,15:53:00,America/Chicago,1957-05-21T20:53:00Z,MO,29,4,75,7,500000,36.95,-91.17,37,-91.02,9.1,500,1,1,35,0,0,0,FALSE,82,TRUE,2.585227272727273,TRUE,2,Violent,Midwest,5.698970004336019,4,19,1.3658536585365855,Evening
201,1976,3,29,1976-03-29,15:25:00,America/Chicago,1976-03-29T21:25:00Z,AR,5,3,6,1,500000,35.55,-92.13,35.65,-91.87,16.5,50,1,1,23,0,0,0,FALSE,7,TRUE,0.46875,TRUE,2,Strong,South,5.698970004336019,3,9,1.2592592592592593,Evening
484464,2013,12,21,2013-12-21,15:13:00,America/Chicago,2013-12-21T21:13:00Z,AR,5,2,3,1,500000,34.907,-90.559,35.099,-90.415,15.57,300,1,1,123,0,0,0,FALSE,4,TRUE,2.6539772727272726,TRUE,1,Strong,South,5.698970004336019,2,2,1.032258064516129,Evening
1123,1990,12,21,1990-12-21,16:50:00,America/Chicago,1990-12-21T22:50:00Z,MS,28,3,15,1,500000,33.18,-89.93,33.4,-89.68,20,880,1,1,51,15,0,0,FALSE,16,TRUE,10,TRUE,1,Strong,South,5.698970004336019,3,3,1.1304347826086956,Evening
1091,1998,5,15,1998-05-15,15:40:00,America/Chicago,1998-05-15T20:40:00Z,MN,27,1,30,1,750000,45.63,-94.57,45.78,-94.57,9,30,1,1,145,0,0,0,FALSE,31,TRUE,0.15340909090909088,TRUE,2,Weak,Midwest,5.8750612633917,1,3,0.5423728813559322,Evening
13,1977,2,23,1977-02-23,16:00:00,America/Chicago,1977-02-23T22:00:00Z,MS,28,4,5,2,500000,33.02,-89.23,33.18,-89.07,15,350,1,1,159,0,0,0,FALSE,7,TRUE,2.9829545454545454,TRUE,1,Violent,South,5.698970004336019,4,2,1.7428571428571429,Evening
222,2010,5,2,2010-05-02,01:48:00,America/Chicago,2010-05-02T06:48:00Z,MS,28,3,9,3,1760000,34.8008,-89.1893,35.0623,-88.7758,29.58,880,2,0,0,0,0,0,FALSE,12,TRUE,14.79,TRUE,2,Strong,South,6.2455126678141495,3,4,1.075,Morning
618963,2020,4,22,2020-04-22,16:35:00,America/Chicago,2020-04-22T21:35:00Z,TX,48,3,33,3,5000000,30.8409,-95.1824,30.881,-94.704,28.51,1100,1,1,373,0,0,0,FALSE,36,TRUE,17.81875,TRUE,2,Strong,South,6.698970004336019,3,4,0.7142857142857143,Evening
562,1957,6,14,1957-06-14,14:00:00,America/Chicago,1957-06-14T19:00:00Z,IL,17,4,50,2,5000000,39.75,-89.7,39.77,-89.62,4.3,220,1,1,167,0,0,0,FALSE,52,TRUE,0.5375,TRUE,3,Violent,Midwest,6.698970004336019,4,15,2.1666666666666665,Evening
767,1957,11,7,1957-11-07,21:00:00,America/Chicago,1957-11-08T03:00:00Z,LA,22,3,16,3,5000000,31.38,-92.67,31.3,-92.47,13.3,67,1,1,79,0,0,0,FALSE,19,TRUE,0.5063068181818182,TRUE,4,Strong,South,6.698970004336019,3,14,1.6,Night
369148,2012,3,2,2012-03-02,14:52:00,America/Chicago,2012-03-02T20:52:00Z,IN,18,3,5,3,275000,39.0667,-85.407,39.1127,-85.2562,8.69,350,1,1,137,0,0,0,FALSE,8,TRUE,1.728125,TRUE,2,Strong,Midwest,5.439332693830263,3,14,0.8888888888888888,Evening
818,1998,4,9,1998-04-09,03:45:00,America/Chicago,1998-04-09T08:45:00Z,GA,13,3,17,2,2700000,32.17,-81.58,32.23,-81.3,8,440,1,1,29,103,0,0,FALSE,19,TRUE,2,TRUE,2,Strong,South,6.431363764158987,3,19,0.868421052631579,Morning
195,1989,5,5,1989-05-05,16:20:00,America/Chicago,1989-05-05T21:20:00Z,SC,45,4,35,2,5000000,35.08,-81.93,35.25,-81.82,15,700,2,0,0,0,0,0,FALSE,37,TRUE,5.965909090909091,TRUE,2,Violent,South,6.698970004336019,4,2,1.2941176470588236,Evening
183,1988,5,9,1988-05-09,20:17:00,America/Chicago,1988-05-10T01:17:00Z,KY,21,3,15,1,50000000,36.6,-83.75,36.6,-83.65,5,500,1,1,13,0,0,0,FALSE,16,TRUE,1.4204545454545456,TRUE,2,Strong,South,7.698970004336019,3,1,1,Night
560160,2015,3,25,2015-03-25,16:21:00,America/Chicago,2015-03-25T21:21:00Z,OK,40,2,30,1,2100000,36.1832,-96.302,36.1332,-96.1167,11.1,800,1,1,117,113,143,0,FALSE,31,TRUE,5.045454545454545,TRUE,2,Strong,South,6.3222192947339195,2,2,0.6018518518518519,Evening
766,1965,8,26,1965-08-26,19:00:00,America/Chicago,1965-08-27T00:00:00Z,IA,19,4,17,1,5000000,42.3,-92.2,42.25,-92.1,4.7,200,1,1,13,11,0,0,FALSE,18,TRUE,0.5340909090909091,TRUE,3,Violent,Midwest,6.698970004336019,4,2,1.826086956521739,Night
945,2003,5,4,2003-05-04,22:35:00,America/Chicago,2003-05-05T03:35:00Z,TN,47,4,86,11,40000000,35.52,-89.03,35.65,-88.35,39,880,1,1,113,77,0,0,FALSE,97,TRUE,19.5,TRUE,2,Violent,South,7.6020599913279625,4,12,1.0444444444444445,Night
1175,2008,6,11,2008-06-11,17:25:00,America/Chicago,2008-06-11T22:25:00Z,NE,31,3,48,4,500000,41.8,-96.12,41.9,-95.88,14.23,440,2,0,0,0,0,0,FALSE,52,TRUE,3.5575,TRUE,3,Strong,Midwest,5.698970004336019,3,4,0.6140350877192983,Evening
166,2008,2,6,2008-02-06,03:02:00,America/Chicago,2008-02-06T09:02:00Z,AL,1,4,23,4,5000000,34.4,-87.29,34.56,-87.06,16.7,880,1,1,79,103,0,0,FALSE,27,TRUE,8.35,TRUE,1,Violent,South,6.698970004336019,4,6,0.8494623655913979,Morning
328,1968,6,11,1968-06-11,14:05:00,America/Chicago,1968-06-11T19:05:00Z,MI,26,2,0,1,50000,43.17,-84.57,43.17,-84.52,0.1,50,1,1,57,0,0,0,FALSE,1,TRUE,0.002840909090909091,TRUE,3,Strong,Midwest,4.698970004336019,2,1,1.25,Evening
56,2001,3,15,2001-03-15,03:30:00,America/Chicago,2001-03-15T09:30:00Z,FL,12,2,21,1,2000000,30.6,-85.55,30.68,-85.37,10,350,1,1,133,63,0,0,FALSE,22,TRUE,1.9886363636363635,TRUE,2,Strong,South,6.301029995663981,2,2,0.37142857142857144,Morning
430,1970,7,14,1970-07-14,14:30:00,America/Chicago,1970-07-14T19:30:00Z,SD,46,2,1,1,50000000,43.17,-96.8,43.12,-96.73,3.8,10,1,1,83,0,0,0,FALSE,2,TRUE,0.02159090909090909,TRUE,3,Strong,Midwest,7.698970004336019,2,1,0.6129032258064516,Evening
894,1974,10,28,1974-10-28,17:00:00,America/Chicago,1974-10-28T23:00:00Z,TX,48,3,0,1,500000,29.63,-94.37,29.75,-94.28,9.6,67,1,1,71,245,0,0,FALSE,1,TRUE,0.3654545454545455,TRUE,4,Strong,South,5.698970004336019,3,3,1.146551724137931,Evening
364185,2012,2,28,2012-02-28,23:58:00,America/Chicago,2012-02-29T05:58:00Z,MO,29,2,12,1,650000,37.55,-93.1902,37.6306,-93.05,9.5,100,1,1,167,59,0,0,FALSE,13,TRUE,0.5397727272727273,TRUE,1,Strong,Midwest,5.812913356642856,2,6,0.896551724137931,Night
610,1961,9,12,1961-09-12,13:00:00,America/Chicago,1961-09-12T18:00:00Z,LA,22,3,37,5,500000,32.23,-92.7,0,0,2,400,1,1,49,0,0,0,FALSE,42,TRUE,0.45454545454545453,TRUE,4,Strong,South,5.698970004336019,3,6,1.48,Evening
575884,2015,5,25,2015-05-25,14:55:00,America/Chicago,2015-05-25T19:55:00Z,TX,48,2,6,1,700000,30.8154,-97.1175,30.9154,-97.0235,8.88,400,1,1,331,0,0,0,FALSE,7,TRUE,2.018181818181818,TRUE,2,Strong,South,5.845098040014257,2,17,0.49377593360995853,Evening
69,1962,3,31,1962-03-31,08:00:00,America/Chicago,1962-03-31T14:00:00Z,FL,12,3,100,17,5000000,30.62,-87.1,30.67,-87,6.9,440,1,1,113,0,0,0,FALSE,117,TRUE,1.725,TRUE,2,Strong,South,6.698970004336019,3,18,1.2777777777777777,Afternoon
222,1975,4,18,1975-04-18,22:30:00,America/Chicago,1975-04-19T03:30:00Z,TN,47,1,6,1,5000000,35.62,-88.8,35.67,-88.7,6.6,440,1,1,113,0,0,0,FALSE,7,TRUE,1.65,TRUE,2,Weak,South,6.698970004336019,1,3,1.0769230769230769,Night
874,1998,4,16,1998-04-16,01:50:00,America/Chicago,1998-04-16T06:50:00Z,AR,5,4,12,2,350000,35.87,-90.18,35.9,-90.13,5,400,1,1,93,0,0,0,FALSE,14,TRUE,1.1363636363636362,TRUE,2,Violent,South,5.544068044350276,4,2,0.4857142857142857,Morning
35,1961,3,4,1961-03-04,17:04:00,America/Chicago,1961-03-04T23:04:00Z,IL,17,2,115,1,50000000,41.9,-87.7,41.98,-87.58,7.9,100,1,1,31,0,0,0,FALSE,116,TRUE,0.44886363636363635,TRUE,2,Strong,Midwest,7.698970004336019,2,2,1.0909090909090908,Evening
146,1974,4,3,1974-04-03,15:45:00,America/Chicago,1974-04-03T20:45:00Z,IN,18,4,285,18,500000000,40.5,-87.13,41.58,-85.43,108.7,1760,1,1,7,157,181,17,FALSE,303,TRUE,108.7,TRUE,2,Violent,Midwest,8.698970004336019,4,50,2.5172413793103448,Evening
24,1971,2,4,1971-02-04,17:15:00,America/Chicago,1971-02-04T23:15:00Z,MS,28,2,0,7,50000,33.72,-89.6,33.77,-89.52,6.1,10,1,1,43,0,0,0,FALSE,7,TRUE,0.03465909090909091,TRUE,1,Strong,South,4.698970004336019,2,82,1.675,Evening
481,1995,5,18,1995-05-18,16:33:00,America/Chicago,1995-05-18T21:33:00Z,AL,1,4,55,1,5000000,34.83,-87.03,34.8,-86.25,39,1300,1,1,83,89,71,0,FALSE,56,TRUE,28.806818181818183,TRUE,2,Violent,South,6.698970004336019,4,7,0.4594594594594595,Evening
323440,2011,6,1,2011-06-01,14:17:00,America/Chicago,2011-06-01T19:17:00Z,MA,25,3,200,3,227600000,42.1,-72.75,42.1045,-71.99,37.58,880,1,1,13,27,0,0,FALSE,203,TRUE,18.79,TRUE,3,Strong,Northeast,8.357172257723034,3,3,1,Evening
10,1988,1,19,1988-01-19,11:58:00,America/Chicago,1988-01-19T17:58:00Z,TN,47,2,0,1,500000,35.82,-88.9,35.85,-88.82,4,60,1,1,53,0,0,0,FALSE,1,TRUE,0.13636363636363635,TRUE,1,Strong,South,5.698970004336019,2,6,1.7272727272727273,Afternoon
614597,2017,1,22,2017-01-22,14:15:00,America/Chicago,2017-01-22T20:15:00Z,GA,13,3,88,5,310300000,31.4373,-84.3447,31.9924,-83.3474,70.4,2200,1,1,95,321,287,315,FALSE,93,TRUE,88,TRUE,1,Strong,South,8.491781775584165,3,16,0.7777777777777778,Evening
1535,2008,9,3,2008-09-03,01:57:00,America/Chicago,2008-09-03T06:57:00Z,LA,22,2,0,2,300000,30.54,-92.51,30.63,-92.46,7.06,50,1,1,39,0,0,0,FALSE,2,TRUE,0.2005681818181818,TRUE,4,Strong,South,5.477121254719663,2,3,0.3924050632911392,Morning
614436,2016,11,30,2016-11-30,00:02:00,America/Chicago,2016-11-30T06:02:00Z,AL,1,3,9,4,500000,34.69,-85.78,34.78,-85.57,13.48,206,1,1,71,49,0,0,FALSE,13,TRUE,1.5777727272727273,TRUE,4,Strong,South,5.698970004336019,3,4,0.8253968253968254,Morning
618889,2020,4,13,2020-04-13,04:10:00,America/Chicago,2020-04-13T09:10:00Z,SC,45,4,60,5,5000000,32.7045,-81.2899,32.829,-80.9092,23.73,1300,1,1,49,0,0,0,FALSE,65,TRUE,17.52784090909091,TRUE,2,Violent,South,6.698970004336019,4,8,1,Morning
914,2002,11,10,2002-11-10,14:15:00,America/Chicago,2002-11-10T20:15:00Z,OH,39,4,17,4,30000000,40.78,-84.77,41.3,-84,52.8,880,1,1,161,125,137,39,FALSE,21,TRUE,26.4,TRUE,4,Violent,Midwest,7.477121254719663,4,5,1.375,Evening
17,1980,3,1,1980-03-01,20:00:00,America/Chicago,1980-03-02T02:00:00Z,FL,12,3,33,1,50000000,26.17,-80.17,26.25,-80.08,7.8,500,1,1,11,0,0,0,FALSE,34,TRUE,2.2159090909090913,TRUE,2,Strong,South,7.698970004336019,3,1,0.7166666666666667,Night
39,2010,3,10,2010-03-10,21:09:00,America/Chicago,2010-03-11T03:09:00Z,AR,5,2,3,1,250000,35.3969,-92.1422,35.4429,-92.1192,3.43,300,1,1,23,0,0,0,FALSE,4,TRUE,0.5846590909090909,TRUE,2,Strong,South,5.3979400086720375,2,2,0.967741935483871,Night
60,1994,3,27,1994-03-27,13:01:00,America/Chicago,1994-03-27T19:01:00Z,GA,13,3,70,9,50000000,34.3,-84.95,34.5,-84.37,40,2613,1,1,15,129,57,227,FALSE,79,TRUE,59.38636363636363,TRUE,2,Strong,South,7.698970004336019,3,20,0.9230769230769231,Evening
324,1989,5,22,1989-05-22,19:37:00,America/Chicago,1989-05-23T00:37:00Z,TN,47,2,2,1,500000,35.05,-87.15,35.15,-87,9,100,1,1,55,0,0,0,FALSE,3,TRUE,0.5113636363636364,TRUE,2,Strong,South,5.698970004336019,2,1,0.9230769230769231,Night
217,2007,3,28,2007-03-28,20:30:00,America/Chicago,2007-03-29T01:30:00Z,TX,48,3,1,1,3000000,35.69,-100.49,35.8,-100.51,7.77,1408,1,1,211,0,0,0,FALSE,2,TRUE,6.216,TRUE,2,Strong,South,6.477121254719663,3,11,0.41919191919191917,Night
510,2005,1,12,2005-01-12,23:25:00,America/Chicago,2005-01-13T05:25:00Z,AR,5,3,13,2,3000000,33.02,-92.73,33.23,-92.45,24,900,1,1,139,0,0,0,FALSE,15,TRUE,12.272727272727273,TRUE,1,Strong,South,6.477121254719663,3,3,1.144927536231884,Night
23,1964,3,4,1964-03-04,11:30:00,America/Chicago,1964-03-04T17:30:00Z,KY,21,4,24,3,500000,36.7,-88.45,36.88,-88.2,18.5,250,1,1,35,157,0,0,FALSE,27,TRUE,2.627840909090909,TRUE,2,Violent,South,5.698970004336019,4,3,1.6666666666666667,Afternoon
270,2010,5,10,2010-05-10,16:20:00,America/Chicago,2010-05-10T21:20:00Z,OK,40,4,49,2,5000000,35.289,-97.504,35.47,-97.155,24,2000,1,1,27,109,0,0,FALSE,51,TRUE,27.272727272727273,TRUE,2,Violent,South,6.698970004336019,4,7,0.8333333333333334,Evening
480993,2013,11,17,2013-11-17,14:05:00,America/Chicago,2013-11-17T20:05:00Z,KY,21,3,34,3,6760000,37.098,-88.8781,37.1205,-88.1092,42.5,500,2,0,0,0,0,0,FALSE,37,TRUE,12.073863636363637,TRUE,4,Strong,South,6.8299466959416355,3,3,0.9714285714285714,Evening
722,1997,5,27,1997-05-27,15:50:00,America/Chicago,1997-05-27T20:50:00Z,TX,48,4,5,1,15000000,30.37,-98.02,30.33,-97.98,5.6,440,1,1,453,0,0,0,FALSE,6,TRUE,1.4,TRUE,2,Violent,South,7.176091259055681,4,29,0.43455497382198954,Evening
442,1966,7,31,1966-07-31,20:00:00,America/Chicago,1966-08-01T01:00:00Z,SD,46,2,3,1,500000,45.43,-98.52,45.45,-98.45,2.3,253,1,1,13,0,0,0,FALSE,4,TRUE,0.33062499999999995,TRUE,3,Strong,Midwest,5.698970004336019,2,1,0.7931034482758621,Night
302192,2011,4,27,2011-04-27,04:48:00,America/Chicago,2011-04-27T09:48:00Z,AL,1,2,0,1,315000,33.9176,-87.0472,34.1656,-86.6104,30.32,880,1,1,43,0,0,0,FALSE,1,TRUE,15.16,TRUE,2,Strong,South,5.498310553789601,2,237,1.3014705882352942,Morning
846,1997,7,2,1997-07-02,15:32:00,America/Chicago,1997-07-02T20:32:00Z,MI,26,1,0,1,2000000,42.83,-83.57,42.83,-83.57,0.3,23,1,1,125,0,0,0,FALSE,1,TRUE,0.003920454545454545,TRUE,3,Weak,Midwest,6.301029995663981,1,2,1.1111111111111112,Evening
679,1999,12,2,1999-12-02,21:40:00,America/Chicago,1999-12-03T03:40:00Z,TX,48,1,3,2,600000,33.3,-97.82,33.3,-97.82,5.5,100,1,1,497,0,0,0,FALSE,5,TRUE,0.3125,TRUE,1,Weak,South,5.778151250383644,1,6,0.47878787878787876,Night
503,1981,6,21,1981-06-21,19:56:00,America/Chicago,1981-06-22T00:56:00Z,IL,17,3,12,1,5000000,40.23,-90.63,40.2,-90.47,8.8,880,1,1,169,0,0,0,FALSE,13,TRUE,4.4,TRUE,3,Strong,Midwest,6.698970004336019,3,1,0.8484848484848485,Night
595,1969,12,25,1969-12-25,04:30:00,America/Chicago,1969-12-25T10:30:00Z,LA,22,3,8,1,500000,30,-92.27,0,0,1.5,100,1,1,113,0,0,0,FALSE,9,TRUE,0.08522727272727272,TRUE,1,Strong,South,5.698970004336019,3,1,1.3333333333333333,Morning
669,1980,7,15,1980-07-15,20:25:00,America/Chicago,1980-07-16T01:25:00Z,WI,55,3,10,1,5000000,44.83,-91.52,0,0,1,440,1,1,35,0,0,0,FALSE,11,TRUE,0.25,TRUE,3,Strong,Midwest,6.698970004336019,3,3,1.372093023255814,Night
900,1974,10,29,1974-10-29,00:45:00,America/Chicago,1974-10-29T06:45:00Z,LA,22,3,52,2,50000000,30.1,-92.68,30.37,-92.37,31.3,200,1,1,53,53,1,125,FALSE,54,TRUE,3.5568181818181817,TRUE,4,Strong,South,7.698970004336019,3,2,1.0566037735849056,Morning
78,1959,3,31,1959-03-31,21:00:00,America/Chicago,1959-04-01T03:00:00Z,TX,48,4,31,6,50000,31.85,-97.22,31.98,-97.13,10.4,1760,1,1,217,0,0,0,FALSE,37,TRUE,10.4,TRUE,2,Violent,South,4.698970004336019,4,6,1.069767441860465,Night
927,1999,4,8,1999-04-08,21:35:00,America/Chicago,1999-04-09T02:35:00Z,IL,17,1,3,1,150000,40.07,-88.73,40.1,-88.68,3.5,100,1,1,147,0,0,0,FALSE,4,TRUE,0.19886363636363635,TRUE,2,Weak,Midwest,5.176091259055681,1,3,0.46774193548387094,Night
537,1954,12,5,1954-12-05,13:45:00,America/Chicago,1954-12-05T19:45:00Z,AL,1,2,35,1,500000,31.93,-85.38,32.25,-84.3,71.5,100,2,0,0,0,0,0,FALSE,36,TRUE,4.0625,TRUE,1,Strong,South,5.698970004336019,2,3,2.111111111111111,Evening
67,1968,4,3,1968-04-03,23:50:00,America/Chicago,1968-04-04T05:50:00Z,KY,21,4,30,2,5000000,36.63,-88.3,37.12,-87.63,50.6,100,1,1,35,157,221,33,FALSE,32,TRUE,2.875,TRUE,2,Violent,South,6.698970004336019,4,8,2.8333333333333335,Night
99,1954,4,7,1954-04-07,15:00:00,America/Chicago,1954-04-07T21:00:00Z,IL,17,3,13,1,500000,40.88,-88.42,41.25,-87.75,42.6,400,1,1,105,53,91,0,FALSE,14,TRUE,9.681818181818182,TRUE,2,Strong,Midwest,5.698970004336019,3,1,1.7142857142857142,Evening
604,1970,10,11,1970-10-11,22:00:00,America/Chicago,1970-10-12T03:00:00Z,LA,22,2,2,1,500000,29.9,-93.2,0,0,1,200,1,1,23,0,0,0,FALSE,3,TRUE,0.11363636363636363,TRUE,4,Strong,South,5.698970004336019,2,1,1.3333333333333333,Night
22,2007,2,2,2007-02-02,02:10:00,America/Chicago,2007-02-02T08:10:00Z,FL,12,3,25,8,114000000,28.88,-82.05,28.92,-81.78,16.17,450,1,1,119,69,0,0,FALSE,33,TRUE,4.134375,TRUE,1,Strong,South,8.056904851336473,3,21,0.3877551020408163,Morning
271,2006,4,2,2006-04-02,19:43:00,America/Chicago,2006-04-03T00:43:00Z,TN,47,3,6,2,15000000,36.18,-89.05,36.13,-88.97,8,880,1,1,53,0,0,0,FALSE,8,TRUE,4,TRUE,2,Strong,South,7.176091259055681,3,34,1.2,Night
768,1957,11,7,1957-11-07,21:15:00,America/Chicago,1957-11-08T03:15:00Z,TX,48,3,59,2,5000000,29.95,-93.93,29.97,-93.88,3.6,200,1,1,245,0,0,0,FALSE,61,TRUE,0.40909090909090906,TRUE,4,Strong,South,6.698970004336019,3,38,1.4137931034482758,Night
143,1965,4,11,1965-04-11,16:45:00,America/Chicago,1965-04-11T22:45:00Z,IN,18,3,82,10,50000000,41.35,-86.58,41.63,-85.97,35.6,250,1,1,149,99,141,39,FALSE,92,TRUE,5.0568181818181825,TRUE,2,Strong,Midwest,7.698970004336019,3,162,2.090909090909091,Evening
606480,2015,12,26,2015-12-26,19:09:00,America/Chicago,2015-12-27T01:09:00Z,TX,48,2,119,2,1400000,33.0607,-96.434,33.1324,-96.4019,5.29,300,1,1,85,0,0,0,FALSE,121,TRUE,0.9017045454545454,TRUE,1,Strong,South,6.146128035678238,2,17,0.49377593360995853,Night
25,1958,2,26,1958-02-26,19:45:00,America/Chicago,1958-02-27T01:45:00Z,MS,28,3,20,4,500000,31.33,-88.9,31.6,-88.53,29.1,100,1,1,111,41,153,0,FALSE,24,TRUE,1.6534090909090908,TRUE,1,Strong,South,5.698970004336019,3,13,2,Night
285080,2011,4,14,2011-04-14,18:20:00,America/Chicago,2011-04-14T23:20:00Z,OK,40,3,40,2,500000,34.2923,-96.2509,34.47,-96.0149,17,1320,1,1,5,0,0,0,FALSE,42,TRUE,12.75,TRUE,2,Strong,South,5.698970004336019,3,14,0.7627118644067796,Evening
38,1996,2,2,1996-02-02,17:15:00,America/Chicago,1996-02-02T23:15:00Z,FL,12,0,0,1,20000,29.78,-81.65,29.82,-81.57,6.5,10,1,1,107,0,0,0,FALSE,1,TRUE,0.036931818181818184,TRUE,1,Weak,South,4.301029995663981,0,3,0.25757575757575757,Evening
84,1980,4,7,1980-04-07,16:48:00,America/Chicago,1980-04-07T22:48:00Z,TX,48,3,5,1,500000,30.52,-97.7,30.35,-97.22,31.7,100,1,1,491,453,21,287,FALSE,6,TRUE,1.8011363636363635,TRUE,2,Strong,South,5.698970004336019,3,1,0.8223684210526315,Evening
140,1957,4,8,1957-04-08,10:15:00,America/Chicago,1957-04-08T16:15:00Z,AL,1,3,90,2,500,34.32,-86.98,34.47,-86.33,38.8,200,1,1,103,95,0,0,FALSE,92,TRUE,4.409090909090908,TRUE,2,Strong,South,2.6989700043360187,3,10,1.4666666666666666,Afternoon
168,1953,5,16,1953-05-16,14:30:00,America/Chicago,1953-05-16T19:30:00Z,TX,48,3,8,1,500000,31.23,-95.57,31.25,-95.65,5.2,10,1,1,225,0,0,0,FALSE,9,TRUE,0.02954545454545455,TRUE,2,Strong,South,5.698970004336019,3,150,1.8125,Evening
775,1957,11,7,1957-11-07,23:30:00,America/Chicago,1957-11-08T05:30:00Z,LA,22,3,10,4,500000,30.35,-92.2,30.37,-92.07,9.2,200,1,1,1,97,0,0,FALSE,14,TRUE,1.0454545454545454,TRUE,4,Strong,South,5.698970004336019,3,14,1.6,Night
831,1957,12,18,1957-12-18,15:55:00,America/Chicago,1957-12-18T21:55:00Z,IL,17,4,45,1,5000000,38.28,-89.08,38.35,-88.78,16.8,250,1,1,81,0,0,0,FALSE,46,TRUE,2.3863636363636367,TRUE,1,Violent,Midwest,6.698970004336019,4,15,2.1666666666666665,Evening
188,1961,4,12,1961-04-12,16:10:00,America/Chicago,1961-04-12T22:10:00Z,SC,45,1,0,1,50000,34.37,-80.07,0,0,0.5,40,1,1,31,0,0,0,FALSE,1,TRUE,0.011363636363636364,TRUE,2,Weak,South,4.698970004336019,1,1,0.8461538461538461,Evening
124,1979,4,10,1979-04-10,17:50:00,America/Chicago,1979-04-10T23:50:00Z,TX,48,4,1740,42,500000000,33.82,-98.65,34.18,-97.98,46.9,1320,2,0,0,0,0,0,FALSE,1782,TRUE,35.175,TRUE,2,Violent,South,8.698970004336019,4,54,0.9235668789808917,Evening
702,1979,8,28,1979-08-28,17:25:00,America/Chicago,1979-08-28T22:25:00Z,IA,19,3,14,2,5000000,40.92,-95.77,40.53,-95.22,38.3,533,1,1,129,71,145,0,FALSE,16,TRUE,11.598806818181817,TRUE,3,Strong,Midwest,6.698970004336019,3,7,1.1176470588235294,Evening
132,1950,6,8,1950-06-08,20:10:00,America/Chicago,1950-06-09T01:10:00Z,KS,20,4,5,1,500000,38.33,-97.93,38.33,-97.6,17.1,700,1,1,159,113,0,0,FALSE,6,TRUE,6.801136363636364,TRUE,3,Violent,Midwest,5.698970004336019,4,1,1.4666666666666666,Night
617441,2019,4,30,2019-04-30,20:07:00,America/Chicago,2019-05-01T01:07:00Z,OK,40,3,16,2,300000,33.9711,-96.2071,34.319,-95.974,27.6,1400,1,1,13,5,0,0,FALSE,18,TRUE,21.954545454545453,TRUE,2,Strong,South,5.477121254719663,3,4,0.8040540540540541,Night
62,1994,3,27,1994-03-27,13:23:00,America/Chicago,1994-03-27T19:23:00Z,GA,13,3,15,3,5000000,34.57,-84.03,34.7,-83.63,23,1320,1,1,187,311,0,0,FALSE,18,TRUE,17.25,TRUE,2,Strong,South,6.698970004336019,3,20,0.9230769230769231,Evening
1643,2004,9,15,2004-09-15,14:43:00,America/Chicago,2004-09-15T19:43:00Z,FL,12,1,1,1,500000,29.98,-85.4,30.03,-85.47,5,200,1,1,5,0,0,0,FALSE,2,TRUE,0.5681818181818181,TRUE,4,Weak,South,5.698970004336019,1,6,0.3173076923076923,Evening
1318,1998,10,18,1998-10-18,05:25:00,America/Chicago,1998-10-18T10:25:00Z,TX,48,2,1,1,70000,29.82,-95.93,29.82,-95.93,1,50,1,1,473,0,0,0,FALSE,2,TRUE,0.028409090909090908,TRUE,4,Strong,South,4.845098040014257,2,2,0.39166666666666666,Morning
315331,2011,4,27,2011-04-27,19:12:00,America/Chicago,2011-04-28T00:12:00Z,AL,1,4,30,7,167000000,32.6174,-86.193,32.9196,-85.523,44.18,880,1,1,51,123,17,0,FALSE,37,TRUE,22.09,TRUE,2,Violent,South,8.222716471147583,4,237,1.3014705882352942,Night
473,1973,5,27,1973-05-27,17:50:00,America/Chicago,1973-05-27T22:50:00Z,AL,1,3,44,1,50000000,33.57,-86.7,33.95,-86.15,41.6,800,1,1,73,115,55,0,FALSE,45,TRUE,18.90909090909091,TRUE,2,Strong,South,7.698970004336019,3,10,1.8,Evening
71,1957,4,2,1957-04-02,16:55:00,America/Chicago,1957-04-02T22:55:00Z,OK,40,2,2,1,500000,34.4,-97.13,0,0,2,600,1,1,99,0,0,0,FALSE,3,TRUE,0.6818181818181818,TRUE,2,Strong,South,5.698970004336019,2,22,1.0188679245283019,Evening
109,1956,4,3,1956-04-03,16:00:00,America/Chicago,1956-04-03T22:00:00Z,KY,21,3,2,1,50000,37.52,-87.67,37.82,-87.48,22.9,223,1,1,233,101,0,0,FALSE,3,TRUE,2.9015340909090908,TRUE,2,Strong,South,4.698970004336019,3,1,1.2222222222222223,Evening
666,2005,3,22,2005-03-22,12:32:00,America/Chicago,2005-03-22T18:32:00Z,GA,13,3,18,1,7000000,31.05,-84.92,31.13,-84.68,18,1250,1,1,253,201,0,0,FALSE,19,TRUE,12.784090909090908,TRUE,2,Strong,South,6.845098040014257,3,4,0.48148148148148145,Evening
302,1993,5,9,1993-05-09,12:30:00,America/Chicago,1993-05-09T17:30:00Z,TX,48,2,63,1,5000000,32.98,-96.57,33.1,-96.53,12,100,1,1,113,85,0,0,FALSE,64,TRUE,0.6818181818181818,TRUE,2,Strong,South,6.698970004336019,2,2,0.42735042735042733,Afternoon
870,1965,11,16,1965-11-16,18:30:00,America/Chicago,1965-11-17T00:30:00Z,OH,39,2,9,2,5000000,40.8,-81.25,40.83,-81.13,5.9,300,1,1,151,0,0,0,FALSE,11,TRUE,1.0056818181818181,TRUE,4,Strong,Midwest,6.698970004336019,2,62,1.8387096774193548,Night
513,1982,5,28,1982-05-28,04:25:00,America/Chicago,1982-05-28T09:25:00Z,AR,5,2,0,1,500000,35.23,-92.73,35.25,-92.65,4.5,67,1,1,29,0,0,0,FALSE,1,TRUE,0.1713068181818182,TRUE,2,Strong,South,5.698970004336019,2,18,1.513157894736842,Morning
214,1955,5,24,1955-05-24,19:30:00,America/Chicago,1955-05-25T00:30:00Z,GA,13,0,0,3,5000,33.45,-82.52,0,0,1,50,1,1,189,0,0,0,FALSE,3,TRUE,0.028409090909090908,TRUE,2,Weak,South,3.6989700043360187,0,4,0.5333333333333333,Night
587,1970,10,5,1970-10-05,15:42:00,America/Chicago,1970-10-05T20:42:00Z,OK,40,4,84,4,50000000,35.33,-96.93,35.53,-96.57,25,150,1,1,125,81,107,0,FALSE,88,TRUE,2.130681818181818,TRUE,4,Violent,South,7.698970004336019,4,7,1.12,Evening
462311,2013,6,24,2013-06-24,14:08:00,America/Chicago,2013-06-24T19:08:00Z,IA,19,1,0,1,500000,41.4456,-91.0841,41.4636,-90.9698,6.5,100,1,1,139,0,0,0,FALSE,1,TRUE,0.3693181818181818,TRUE,3,Weak,Midwest,5.698970004336019,1,1,0.76,Evening
141,1974,4,3,1974-04-03,15:28:00,America/Chicago,1974-04-03T20:28:00Z,OH,39,4,39,2,500000,39.18,-84.48,39.43,-84.28,19.8,350,1,1,61,165,0,0,FALSE,41,TRUE,3.9375,TRUE,2,Violent,Midwest,5.698970004336019,4,39,1.5454545454545454,Evening
136,2004,11,24,2004-11-24,06:59:00,America/Chicago,2004-11-24T12:59:00Z,AL,1,2,0,1,210000,33.58,-86.07,33.65,-85.83,15.2,500,1,1,121,15,0,0,FALSE,1,TRUE,4.318181818181818,TRUE,4,Strong,South,5.3222192947339195,2,1,0.45454545454545453,Afternoon
444,1973,5,26,1973-05-26,22:30:00,America/Chicago,1973-05-27T03:30:00Z,AR,5,4,289,3,50000,35.27,-91.37,35.83,-90.68,54.8,300,1,1,147,67,111,31,FALSE,292,TRUE,9.34090909090909,TRUE,2,Violent,South,4.698970004336019,4,5,1.5,Night
770,1957,11,7,1957-11-07,23:00:00,America/Chicago,1957-11-08T05:00:00Z,MS,28,3,1,2,500000,33.28,-90.23,33.52,-90,31.2,300,1,1,51,15,0,0,FALSE,3,TRUE,5.3181818181818175,TRUE,4,Strong,South,5.698970004336019,3,6,1.6538461538461537,Night
27,1995,1,18,1995-01-18,13:55:00,America/Chicago,1995-01-18T19:55:00Z,LA,22,1,0,1,50000,31.15,-92.5,31.2,-92.35,5,20,1,1,79,0,0,0,FALSE,1,TRUE,0.05681818181818182,TRUE,1,Weak,South,4.698970004336019,1,1,0.68,Evening
169,1965,4,11,1965-04-11,22:05:00,America/Chicago,1965-04-12T04:05:00Z,OH,39,4,200,18,50000000,41.23,-82.25,41.33,-81.83,22,400,1,1,93,35,0,0,FALSE,218,TRUE,5,TRUE,2,Violent,Midwest,7.698970004336019,4,62,1.8387096774193548,Night
86,2007,3,1,2007-03-01,13:08:00,America/Chicago,2007-03-01T19:08:00Z,AL,1,4,50,9,250000000,31.28,-85.92,31.38,-85.78,10.33,500,1,1,31,0,0,0,FALSE,59,TRUE,2.9346590909090913,TRUE,2,Violent,South,8.397940008672037,4,10,0.925,Evening
620771,2021,12,11,2021-12-11,02:20:00,America/Chicago,2021-12-11T08:20:00Z,KY,21,3,31,1,500000,37.408,-85.427,37.502,-85.19,14.54,450,1,1,217,155,0,0,FALSE,32,TRUE,3.717613636363636,TRUE,1,Strong,South,5.698970004336019,3,17,1.1111111111111112,Morning
898,2002,11,5,2002-11-05,17:35:00,America/Chicago,2002-11-05T23:35:00Z,AL,1,2,20,1,3000000,31.57,-85.3,31.6,-85.22,6,200,1,1,67,0,0,0,FALSE,21,TRUE,0.6818181818181818,TRUE,4,Strong,South,6.477121254719663,2,13,0.5588235294117647,Evening
494,1958,9,7,1958-09-07,16:00:00,America/Chicago,1958-09-07T21:00:00Z,MA,25,0,1,1,5000,42.05,-70.7,0,0,0.1,10,1,1,23,0,0,0,FALSE,2,TRUE,5.681818181818183e-4,TRUE,4,Weak,Northeast,3.6989700043360187,0,1,1.1666666666666667,Evening
489,1983,6,9,1983-06-09,22:45:00,America/Chicago,1983-06-10T03:45:00Z,TX,48,1,1,1,50000,35.67,-101.6,0,0,0.1,17,1,1,233,0,0,0,FALSE,2,TRUE,9.65909090909091e-4,TRUE,3,Weak,South,4.698970004336019,1,8,0.5268817204301075,Night
168,1974,4,3,1974-04-03,17:15:00,America/Chicago,1974-04-03T22:15:00Z,AL,1,5,267,28,50000000,34.47,-87.48,34.83,-86.7,52,500,1,1,79,103,83,89,FALSE,295,TRUE,14.772727272727273,TRUE,2,Violent,South,7.698970004336019,5,80,1.8461538461538463,Evening
10,1983,1,31,1983-01-31,21:00:00,America/Chicago,1983-02-01T03:00:00Z,LA,22,3,0,1,500000,30.02,-92.27,30.08,-92.22,6,100,1,1,113,0,0,0,FALSE,1,TRUE,0.3409090909090909,TRUE,1,Strong,South,5.698970004336019,3,5,1.78125,Night
432,2002,11,10,2002-11-10,20:15:00,America/Chicago,2002-11-11T02:15:00Z,AL,1,3,53,7,4300000,33.77,-87.8,34.15,-86.6,72.6,1175,1,1,57,127,133,43,FALSE,60,TRUE,48.46874999999999,TRUE,4,Strong,South,6.633468455579586,3,13,0.5588235294117647,Night
157,1955,5,6,1955-05-06,18:15:00,America/Chicago,1955-05-06T23:15:00Z,TX,48,2,1,1,500000,31.1,-97.35,30.98,-97.25,10.1,33,1,1,27,0,0,0,FALSE,2,TRUE,0.189375,TRUE,2,Strong,South,5.698970004336019,2,4,1.0865384615384615,Evening
18,1950,2,12,1950-02-12,12:00:00,America/Chicago,1950-02-12T18:00:00Z,TX,48,3,15,3,500000,31.8,-94.2,31.8,-94.18,1.9,50,1,1,419,0,0,0,FALSE,18,TRUE,0.05397727272727272,TRUE,1,Strong,South,5.698970004336019,3,11,1.8,Evening
270,1990,5,4,1990-05-04,17:50:00,America/Chicago,1990-05-04T22:50:00Z,OH,39,2,5,1,500000,39.5,-84.38,0,0,0.2,150,1,1,17,0,0,0,FALSE,6,TRUE,0.017045454545454544,TRUE,2,Strong,Midwest,5.698970004336019,2,1,0.6086956521739131,Evening
441,1966,7,31,1966-07-31,19:30:00,America/Chicago,1966-08-01T00:30:00Z,ND,38,3,4,2,500000,46,-99.47,45.72,-99.08,26.4,280,2,0,0,0,0,0,FALSE,6,TRUE,4.199999999999999,TRUE,3,Strong,Midwest,5.698970004336019,3,3,0.8620689655172413,Night
156,1965,4,11,1965-04-11,18:50:00,America/Chicago,1965-04-12T00:50:00Z,IN,18,4,123,28,50000000,40.02,-86.87,40.17,-86.02,45.7,1667,1,1,107,11,57,0,FALSE,151,TRUE,43.28517045454546,TRUE,2,Violent,Midwest,7.698970004336019,4,162,2.090909090909091,Night
477,1969,8,6,1969-08-06,15:48:00,America/Chicago,1969-08-06T20:48:00Z,MN,27,4,70,12,5000000,46.78,-94.22,46.97,-93.57,32.3,833,1,1,35,21,1,0,FALSE,82,TRUE,15.28744318181818,TRUE,3,Violent,Midwest,6.698970004336019,4,15,1.5384615384615385,Evening
310930,2011,4,27,2011-04-27,13:48:00,America/Chicago,2011-04-27T18:48:00Z,MS,28,3,25,4,3270000,33.7114,-89.3164,34.022,-88.5035,51.45,1320,1,1,155,13,17,95,FALSE,29,TRUE,38.587500000000006,TRUE,2,Strong,South,6.514547752660286,3,42,1.3404255319148937,Evening
893,1998,2,22,1998-02-22,23:40:00,America/Chicago,1998-02-23T05:40:00Z,FL,12,3,150,25,55000000,28.23,-81.48,28.48,-80.9,28,250,1,1,97,95,0,0,FALSE,175,TRUE,3.9772727272727275,TRUE,1,Strong,South,7.740362689494244,3,42,0.4954128440366973,Night
1058,2007,10,18,2007-10-18,20:28:00,America/Chicago,2007-10-19T01:28:00Z,MI,26,2,1,2,15400000,42.61,-84.3,42.8,-84.21,19,300,1,1,65,155,0,0,FALSE,3,TRUE,3.2386363636363633,TRUE,4,Strong,Midwest,7.187520720836463,2,3,1.0434782608695652,Night
570339,2015,5,10,2015-05-10,19:46:00,America/Chicago,2015-05-11T00:46:00Z,TX,48,3,43,2,40000000,32.4095,-95.619,32.5569,-95.6329,10.22,700,1,1,467,0,0,0,FALSE,45,TRUE,4.064772727272727,TRUE,2,Strong,South,7.6020599913279625,3,17,0.49377593360995853,Night
614611,2017,2,7,2017-02-07,11:04:00,America/Chicago,2017-02-07T17:04:00Z,LA,22,1,0,1,50000,30.0975,-91.005,30.1014,-90.9027,6.13,75,1,1,5,93,0,0,FALSE,1,TRUE,0.26122159090909086,TRUE,1,Weak,South,4.698970004336019,1,3,0.9285714285714286,Afternoon
293,1996,5,12,1996-05-12,20:10:00,America/Chicago,1996-05-13T01:10:00Z,FL,12,0,0,1,50000,27.18,-80.92,27.25,-80.83,0.1,20,1,1,93,0,0,0,FALSE,1,TRUE,0.0011363636363636365,TRUE,2,Weak,South,4.698970004336019,0,3,0.25757575757575757,Night
1078,2010,9,16,2010-09-16,18:00:00,America/Chicago,2010-09-16T23:00:00Z,OH,39,3,16,1,2500000,39.1571,-81.7897,39.1108,-81.624,9.05,500,2,0,0,0,0,0,FALSE,17,TRUE,2.5710227272727275,TRUE,4,Strong,Midwest,6.3979400086720375,3,8,0.85,Evening
610234,2015,12,23,2015-12-23,16:10:00,America/Chicago,2015-12-23T22:10:00Z,MS,28,4,36,9,10922000,34.5955,-89.7055,35.1496,-88.5666,75.09,1300,2,0,0,0,0,0,FALSE,45,TRUE,55.46420454545455,TRUE,1,Violent,South,7.038302172199525,4,11,0.7555555555555555,Evening
233,1984,4,27,1984-04-27,17:39:00,America/Chicago,1984-04-27T23:39:00Z,IL,17,3,5,1,5000000,41.55,-88.33,41.62,-88.18,9,200,1,1,93,197,0,0,FALSE,6,TRUE,1.0227272727272727,TRUE,2,Strong,Midwest,6.698970004336019,3,1,0.5882352941176471,Evening
830,2006,8,24,2006-08-24,16:30:00,America/Chicago,2006-08-24T21:30:00Z,MN,27,3,37,1,23500000,44.27,-94.27,44.25,-93.62,33,880,1,1,103,79,0,0,FALSE,38,TRUE,16.5,TRUE,3,Strong,Midwest,7.371067862271737,3,2,0.76,Evening
663,1983,7,9,1983-07-09,19:37:00,America/Chicago,1983-07-10T00:37:00Z,MT,30,1,1,1,500000,47.88,-105.5,0,0,1,500,1,1,55,0,0,0,FALSE,2,TRUE,0.2840909090909091,TRUE,3,Weak,West,5.698970004336019,1,1,0.5,Night
242,1965,5,6,1965-05-06,20:14:00,America/Chicago,1965-05-07T01:14:00Z,MN,27,4,158,6,50000000,44.98,-93.38,45.17,-93.08,17.3,667,1,1,53,123,2,0,FALSE,164,TRUE,6.5563068181818185,TRUE,2,Violent,Midwest,7.698970004336019,4,13,1.3,Night
941,1994,8,27,1994-08-27,19:30:00,America/Chicago,1994-08-28T00:30:00Z,WI,55,3,25,2,5000000,44.65,-91.42,44.77,-91.3,10,700,1,1,35,0,0,0,FALSE,27,TRUE,3.977272727272727,TRUE,3,Strong,Midwest,6.698970004336019,3,4,1.1666666666666667,Night
1050,2000,9,20,2000-09-20,17:18:00,America/Chicago,2000-09-20T22:18:00Z,OH,39,4,100,1,15000000,39.65,-83.98,39.73,-83.88,9,500,1,1,57,0,0,0,FALSE,101,TRUE,2.556818181818182,TRUE,4,Violent,Midwest,7.176091259055681,4,1,0.96,Evening
619648,2021,2,15,2021-02-15,22:34:00,America/Chicago,2021-02-16T04:34:00Z,NC,37,3,10,3,500000,33.9118,-78.5096,34.1774,-78.3008,21.9,275,1,1,19,0,0,0,FALSE,13,TRUE,3.421875,TRUE,1,Strong,South,5.698970004336019,3,3,0.5263157894736842,Night
619260,2020,7,8,2020-07-08,16:08:00,America/Chicago,2020-07-08T21:08:00Z,MN,27,4,2,1,1600000,46.09,-95.94,46.17,-95.7955,8.86,650,1,1,51,111,0,0,FALSE,3,TRUE,3.2721590909090907,TRUE,3,Violent,Midwest,6.204119982655925,4,1,0.5084745762711864,Evening
1210,1992,11,22,1992-11-22,02:14:00,America/Chicago,1992-11-22T08:14:00Z,MS,28,1,0,2,500000,33.62,-89.17,33.78,-89.13,9,200,1,1,155,17,0,0,FALSE,2,TRUE,1.0227272727272727,TRUE,4,Weak,South,5.698970004336019,1,18,0.7962962962962963,Morning
301882,2011,4,27,2011-04-27,16:05:00,America/Chicago,2011-04-27T21:05:00Z,AL,1,4,0,1,30000,34.7948,-85.909,35.07,-85.5,30.24,1320,2,0,0,0,0,0,FALSE,1,TRUE,22.68,TRUE,2,Violent,South,4.477121254719663,4,237,1.3014705882352942,Evening
596,1987,11,15,1987-11-15,12:15:00,America/Chicago,1987-11-15T18:15:00Z,TX,48,2,12,2,5000000,30.58,-96.68,30.75,-96.68,10,500,1,1,51,331,0,0,FALSE,14,TRUE,2.8409090909090913,TRUE,4,Strong,South,6.698970004336019,2,43,0.7301587301587301,Evening
683,1974,6,23,1974-06-23,16:45:00,America/Chicago,1974-06-23T21:45:00Z,AZ,4,1,40,1,500000,32.12,-111.03,0,0,1,50,1,1,19,0,0,0,FALSE,41,TRUE,0.028409090909090908,TRUE,3,Weak,West,5.698970004336019,1,1,0.5,Evening
213,1974,4,3,1974-04-03,19:50:00,America/Chicago,1974-04-04T00:50:00Z,AL,1,5,272,28,50000000,33.83,-88.13,34.5,-87,79.5,500,1,1,75,93,133,79,FALSE,300,TRUE,22.585227272727273,TRUE,2,Violent,South,7.698970004336019,5,80,1.8461538461538463,Night
125,1950,6,3,1950-06-03,01:00:00,America/Chicago,1950-06-03T06:00:00Z,MS,28,3,1,2,500000,33.08,-89.58,0,0,2,50,1,1,7,0,0,0,FALSE,3,TRUE,0.056818181818181816,TRUE,3,Strong,South,5.698970004336019,3,6,1.6428571428571428,Morning
780,1989,10,14,1989-10-14,16:15:00,America/Chicago,1989-10-14T21:15:00Z,NY,36,2,3,2,50000,42.5,-75.77,0,0,2,300,1,1,17,0,0,0,FALSE,5,TRUE,0.3409090909090909,TRUE,4,Strong,Northeast,4.698970004336019,2,11,1,Evening
294036,2011,4,27,2011-04-27,16:28:00,America/Chicago,2011-04-27T21:28:00Z,TN,47,2,0,4,650000,35.08,-84.95,35.2973,-84.511,27.95,250,1,1,11,139,107,0,FALSE,4,TRUE,3.9701704545454546,TRUE,2,Strong,South,5.812913356642856,2,20,0.8556701030927835,Evening
751,1999,1,17,1999-01-17,18:35:00,America/Chicago,1999-01-18T00:35:00Z,TN,47,1,4,1,410000,35.02,-89.18,35.07,-88.97,12,350,1,1,47,69,0,0,FALSE,5,TRUE,2.3863636363636362,TRUE,1,Weak,South,5.6127838567197355,1,12,1.4782608695652173,Night
534,1959,9,26,1959-09-26,15:17:00,America/Chicago,1959-09-26T20:17:00Z,IL,17,2,0,1,500000,40.9,-90.63,40.95,-90.55,4.9,300,1,1,187,0,0,0,FALSE,1,TRUE,0.8352272727272727,TRUE,4,Strong,Midwest,5.698970004336019,2,1,1.3888888888888888,Evening
621212,2022,3,31,2022-03-31,03:09:00,America/Chicago,2022-03-31T08:09:00Z,FL,12,3,1,2,600000,30.6376,-85.5108,30.7544,-85.3585,12.14,200,1,1,133,63,0,0,FALSE,3,TRUE,1.3795454545454546,TRUE,2,Strong,South,5.778151250383644,3,2,0.5652173913043478,Morning
1,1982,1,3,1982-01-03,14:55:00,America/Chicago,1982-01-03T20:55:00Z,MS,28,3,17,1,5000000,32.25,-89.17,32.38,-89.05,11,300,1,1,101,0,0,0,FALSE,18,TRUE,1.8749999999999998,TRUE,1,Strong,South,6.698970004336019,3,4,1.8235294117647058,Evening
617881,2019,5,27,2019-05-27,20:02:00,America/Chicago,2019-05-28T01:02:00Z,OH,39,3,8,1,15000000,40.5515,-84.6911,40.5921,-84.4917,10.84,250,1,1,107,0,0,0,FALSE,9,TRUE,1.5397727272727273,TRUE,2,Strong,Midwest,7.176091259055681,3,1,0.8125,Night
602,1968,11,9,1968-11-09,16:00:00,America/Chicago,1968-11-09T22:00:00Z,FL,12,2,17,2,50000,26.17,-81.8,26.5,-81.17,45.6,100,1,1,21,51,0,0,FALSE,19,TRUE,2.590909090909091,TRUE,4,Strong,South,4.698970004336019,2,4,0.9473684210526315,Evening
574,2002,4,28,2002-04-28,00:18:00,America/Chicago,2002-04-28T05:18:00Z,IL,17,3,10,1,8000000,37.37,-89.33,37.37,-88.98,19.3,400,1,1,181,87,0,0,FALSE,11,TRUE,4.386363636363637,TRUE,2,Strong,Midwest,6.903089986991944,3,4,0.7027027027027027,Night
176,1951,6,27,1951-06-27,20:45:00,America/Chicago,1951-06-28T01:45:00Z,IL,17,3,15,1,5000000,40.27,-89.47,40.27,-89.12,18.2,200,1,1,107,0,0,0,FALSE,16,TRUE,2.068181818181818,TRUE,3,Strong,Midwest,6.698970004336019,3,2,2.6,Night
344,1968,6,13,1968-06-13,17:50:00,America/Chicago,1968-06-13T22:50:00Z,MN,27,5,150,9,5000000,44.17,-95.75,44.3,-95.6,9.1,150,1,1,101,83,127,0,FALSE,159,TRUE,0.7755681818181818,TRUE,3,Violent,Midwest,6.698970004336019,5,10,0.7647058823529411,Evening
233,1965,5,6,1965-05-06,18:08:00,America/Chicago,1965-05-06T23:08:00Z,MN,27,4,175,3,50000000,44.78,-93.75,44.97,-93.73,12.3,300,1,1,19,53,0,0,FALSE,178,TRUE,2.096590909090909,TRUE,2,Violent,Midwest,7.698970004336019,4,13,1.3,Evening
113,1981,4,19,1981-04-19,20:45:00,America/Chicago,1981-04-20T02:45:00Z,OK,40,3,49,5,5000000,35.95,-96,35.9,-95.83,9.9,880,1,1,143,0,0,0,FALSE,54,TRUE,4.95,TRUE,2,Strong,South,6.698970004336019,3,6,1.3157894736842106,Night
37,1953,3,13,1953-03-13,19:30:00,America/Chicago,1953-03-14T01:30:00Z,OK,40,3,11,2,50000,33.92,-97.27,34.32,-96.65,45.3,200,1,1,85,19,69,0,FALSE,13,TRUE,5.1477272727272725,TRUE,2,Strong,South,4.698970004336019,3,5,1.150943396226415,Night
651,1980,7,9,1980-07-09,20:35:00,America/Chicago,1980-07-10T01:35:00Z,IN,18,4,25,2,5000000,39.62,-85.48,39.52,-85.37,11,267,1,1,139,0,0,0,FALSE,27,TRUE,1.66875,TRUE,3,Violent,Midwest,6.698970004336019,4,5,1.1714285714285715,Night
368695,2012,3,2,2012-03-02,16:39:00,America/Chicago,2012-03-02T22:39:00Z,KY,21,3,118,10,81475000,37.905,-83.6146,38.1163,-82.0796,84.99,1580,2,0,0,0,0,0,FALSE,128,TRUE,76.29784090909091,TRUE,2,Strong,South,7.9110243691371815,3,25,1.3170731707317074,Evening
147,1970,4,27,1970-04-27,14:00:00,America/Chicago,1970-04-27T19:00:00Z,TN,47,4,85,3,5000000,36.45,-87.13,36.55,-86.37,42.6,250,1,1,125,21,147,165,FALSE,88,TRUE,6.051136363636364,TRUE,2,Violent,South,6.698970004336019,4,3,1.6923076923076923,Evening
319,1958,7,1,1958-07-01,15:10:00,America/Chicago,1958-07-01T20:10:00Z,MN,27,1,2,1,50,47.67,-92.8,0,0,2,10,1,1,137,0,0,0,FALSE,3,TRUE,0.011363636363636364,TRUE,3,Weak,Midwest,1.6989700043360187,1,2,0.9285714285714286,Evening
9,1988,1,19,1988-01-19,11:52:00,America/Chicago,1988-01-19T17:52:00Z,TN,47,3,24,3,5000000,35.07,-89.45,35.97,-88.05,22,200,1,1,47,0,0,0,FALSE,27,TRUE,2.5,TRUE,1,Strong,South,6.698970004336019,3,6,1.7272727272727273,Afternoon
26,1996,1,26,1996-01-26,17:27:00,America/Chicago,1996-01-26T23:27:00Z,AL,1,1,3,1,100000,31,-88.23,31,-88.23,2,500,1,1,97,0,0,0,FALSE,4,TRUE,0.5681818181818182,TRUE,1,Weak,South,5,1,7,0.9696969696969697,Evening
620762,2021,12,11,2021-12-11,01:09:00,America/Chicago,2021-12-11T07:09:00Z,KY,21,3,63,16,500000,36.916,-86.618,37.116,-86.151,29.26,440,1,1,227,61,0,0,FALSE,79,TRUE,7.315,TRUE,1,Strong,South,5.698970004336019,3,17,1.1111111111111112,Morning
340,2002,10,29,2002-10-29,02:45:00,America/Chicago,2002-10-29T08:45:00Z,LA,22,2,3,2,210000,30.45,-92.37,30.6,-92.28,10.5,50,1,1,1,97,39,0,FALSE,5,TRUE,0.29829545454545453,TRUE,4,Strong,South,5.3222192947339195,2,2,0.6060606060606061,Morning
151,1991,3,27,1991-03-27,13:50:00,America/Chicago,1991-03-27T19:50:00Z,WI,55,2,5,1,5000000,42.83,-89.4,43,-88.8,32,440,1,1,45,105,25,55,FALSE,6,TRUE,8,TRUE,2,Strong,Midwest,6.698970004336019,2,1,0.7,Evening
168,1965,4,11,1965-04-11,21:15:00,America/Chicago,1965-04-12T03:15:00Z,OH,39,3,30,4,500000,41.07,-83.13,41.12,-82.85,15,300,1,1,147,0,0,0,FALSE,34,TRUE,2.5568181818181817,TRUE,2,Strong,Midwest,5.698970004336019,3,62,1.8387096774193548,Night
116,1982,4,2,1982-04-02,17:55:00,America/Chicago,1982-04-02T23:55:00Z,AR,5,3,4,5,5000000,33.63,-93.8,33.67,-93.55,18,200,1,1,57,0,0,0,FALSE,9,TRUE,2.0454545454545454,TRUE,2,Strong,South,6.698970004336019,3,18,1.513157894736842,Evening
55,2001,11,24,2001-11-24,10:55:00,America/Chicago,2001-11-24T16:55:00Z,AL,1,3,1,2,1430000,33.53,-88.05,33.87,-87.53,38.9,300,1,1,107,75,57,127,FALSE,3,TRUE,6.6306818181818175,TRUE,4,Strong,South,6.155336037465061,3,6,0.8727272727272727,Afternoon
969,2004,5,30,2004-05-30,13:25:00,America/Chicago,2004-05-30T18:25:00Z,IN,18,3,11,1,5000000,38.33,-86.57,38.38,-86.27,15,400,1,1,25,0,0,0,FALSE,12,TRUE,3.409090909090909,TRUE,2,Strong,Midwest,6.698970004336019,3,1,0.6170212765957447,Evening
74,1960,4,12,1960-04-12,20:00:00,America/Chicago,1960-04-13T02:00:00Z,TX,48,3,32,3,500000,34.35,-102.3,34.4,-102.23,5.2,100,1,1,69,0,0,0,FALSE,35,TRUE,0.29545454545454547,TRUE,2,Strong,South,5.698970004336019,3,3,1.025974025974026,Night
36,1957,3,17,1957-03-17,13:55:00,America/Chicago,1957-03-17T19:55:00Z,TX,48,2,7,1,315000,29.4,-94.92,0,0,0.1,10,1,1,167,0,0,0,FALSE,8,TRUE,5.681818181818183e-4,TRUE,2,Strong,South,5.498310553789601,2,38,1.4137931034482758,Evening
390,2002,11,10,2002-11-10,23:20:00,America/Chicago,2002-11-11T05:20:00Z,AL,1,2,4,1,1200000,34.12,-85.63,34.15,-85.47,10.5,440,1,1,19,0,0,0,FALSE,5,TRUE,2.625,TRUE,4,Strong,South,6.079181246047625,2,13,0.5588235294117647,Night
1206,2008,6,11,2008-06-11,22:46:00,America/Chicago,2008-06-12T03:46:00Z,KS,20,2,0,1,315000,39.45,-96.11,39.6,-95.85,17.28,300,1,1,149,85,131,0,FALSE,1,TRUE,2.9454545454545453,TRUE,3,Strong,Midwest,5.498310553789601,2,4,0.518918918918919,Night
306606,2011,4,27,2011-04-27,21:59:00,America/Chicago,2011-04-28T02:59:00Z,GA,13,3,0,2,25400000,33.1663,-84.5806,33.3573,-84.2664,21.68,880,1,1,199,255,151,0,FALSE,2,TRUE,10.84,TRUE,2,Strong,South,7.4048337166199385,3,26,1.1842105263157894,Night
363,1959,6,11,1959-06-11,14:15:00,America/Chicago,1959-06-11T19:15:00Z,MS,28,1,0,1,50000,34.2,-90.58,0,0,0.1,10,1,1,27,0,0,0,FALSE,1,TRUE,5.681818181818183e-4,TRUE,3,Weak,South,4.698970004336019,1,1,1.2857142857142858,Evening
384,1960,6,15,1960-06-15,18:30:00,America/Chicago,1960-06-15T23:30:00Z,NE,31,1,3,1,5000,40.43,-99.2,0,0,1.5,10,1,1,137,0,0,0,FALSE,4,TRUE,0.008522727272727272,TRUE,3,Weak,Midwest,3.6989700043360187,1,2,1.1627906976744187,Evening
1245,2003,6,22,2003-06-22,17:43:00,America/Chicago,2003-06-22T22:43:00Z,NE,31,2,7,1,10000000,40.15,-97.72,40.15,-97.77,3,200,1,1,169,0,0,0,FALSE,8,TRUE,0.3409090909090909,TRUE,3,Strong,Midwest,7,2,2,0.2345679012345679,Evening
836,1957,12,18,1957-12-18,16:45:00,America/Chicago,1957-12-18T22:45:00Z,IL,17,4,200,11,5000000,37.7,-89.48,37.88,-89.02,28.3,300,1,1,77,199,55,0,FALSE,211,TRUE,4.823863636363636,TRUE,1,Violent,Midwest,6.698970004336019,4,15,2.1666666666666665,Evening
333,1957,5,15,1957-05-15,22:35:00,America/Chicago,1957-05-16T03:35:00Z,TX,48,4,80,21,500000,34.47,-101.3,34.67,-101.05,17,300,1,1,45,0,0,0,FALSE,101,TRUE,2.8977272727272725,TRUE,2,Violent,South,5.698970004336019,4,38,1.4137931034482758,Night
583,2005,11,27,2005-11-27,18:09:00,America/Chicago,2005-11-28T00:09:00Z,AR,5,3,8,1,500000,35.12,-92.72,35.27,-92.55,15,700,1,1,29,0,0,0,FALSE,9,TRUE,5.965909090909091,TRUE,4,Strong,South,5.698970004336019,3,3,1.144927536231884,Night
159,1953,5,10,1953-05-10,18:30:00,America/Chicago,1953-05-10T23:30:00Z,WI,55,2,27,4,5000000,44.83,-92.67,46.25,-91.75,105.7,100,1,1,93,109,95,13,FALSE,31,TRUE,6.005681818181818,TRUE,2,Strong,Midwest,6.698970004336019,2,4,1.5,Evening
289605,2011,4,25,2011-04-25,17:48:00,America/Chicago,2011-04-25T22:48:00Z,AR,5,2,16,4,53405000,34.8057,-92.6075,35.3098,-91.9473,68.1,2900,1,1,119,45,119,45,FALSE,20,TRUE,112.21022727272727,TRUE,2,Strong,South,7.727581919402248,2,12,0.9722222222222222,Evening
77,1975,2,22,1975-02-22,01:00:00,America/Chicago,1975-02-22T07:00:00Z,OK,40,2,2,1,500000,34.67,-98.97,34.72,-98.92,4.5,77,1,1,75,0,0,0,FALSE,3,TRUE,0.196875,TRUE,1,Strong,South,5.698970004336019,2,3,1.6470588235294117,Morning
269,2001,6,11,2001-06-11,13:30:00,America/Chicago,2001-06-11T18:30:00Z,FL,12,0,0,1,40000,30.28,-81.73,30.28,-81.73,0.1,10,1,1,31,0,0,0,FALSE,1,TRUE,5.681818181818183e-4,TRUE,3,Weak,South,4.6020599913279625,0,2,0.37142857142857144,Evening
600,1987,11,15,1987-11-15,15:45:00,America/Chicago,1987-11-15T21:45:00Z,TX,48,3,81,4,50000000,31.82,-95.33,32.3,-95.15,33,500,1,1,73,423,0,0,FALSE,85,TRUE,9.375,TRUE,4,Strong,South,7.698970004336019,3,43,0.7301587301587301,Evening
442,1960,6,27,1960-06-27,18:45:00,America/Chicago,1960-06-27T23:45:00Z,CO,8,3,3,2,500000,40.82,-102.43,40.75,-102.33,6.5,10,1,1,115,0,0,0,FALSE,5,TRUE,0.036931818181818184,TRUE,3,Strong,West,5.698970004336019,3,2,1.1428571428571428,Evening
6,1995,1,6,1995-01-06,22:15:00,America/Chicago,1995-01-07T04:15:00Z,NC,37,0,3,1,500000,34.7,-78.55,0,0,2,150,1,1,17,0,0,0,FALSE,4,TRUE,0.17045454545454544,TRUE,1,Weak,South,5.698970004336019,0,1,0.7307692307692307,Night
24,2006,1,13,2006-01-13,10:01:00,America/Chicago,2006-01-13T16:01:00Z,AL,1,1,0,1,500000,31.43,-87.12,31.43,-87.12,1,880,1,1,35,0,0,0,FALSE,1,TRUE,0.5,TRUE,1,Weak,South,5.698970004336019,1,1,0.5217391304347826,Afternoon
159,1986,4,19,1986-04-19,07:15:00,America/Chicago,1986-04-19T13:15:00Z,TX,48,3,100,1,50000000,32.45,-100.43,32.48,-100.35,4.5,600,1,1,353,0,0,0,FALSE,101,TRUE,1.534090909090909,TRUE,2,Strong,South,7.698970004336019,3,3,0.3409090909090909,Afternoon
79,1970,4,17,1970-04-17,22:00:00,America/Chicago,1970-04-18T04:00:00Z,TX,48,4,51,5,50000000,34,-101.98,34.85,-100.68,96.6,880,1,1,189,153,437,45,FALSE,56,TRUE,48.3,TRUE,2,Violent,South,7.698970004336019,4,51,1.256198347107438,Night
522,1954,10,11,1954-10-11,14:15:00,America/Chicago,1954-10-11T20:15:00Z,IN,18,3,0,2,500000,39.45,-86.12,39.5,-86.05,4.7,100,1,1,81,0,0,0,FALSE,2,TRUE,0.26704545454545453,TRUE,4,Strong,Midwest,5.698970004336019,3,2,1.34375,Evening
97,1953,4,23,1953-04-23,20:30:00,America/Chicago,1953-04-24T02:30:00Z,OK,40,2,14,1,50,34.03,-94.57,0,0,0.8,17,1,1,89,0,0,0,FALSE,15,TRUE,0.007727272727272728,TRUE,2,Strong,South,1.6989700043360187,2,5,1.150943396226415,Night
900,1983,12,10,1983-12-10,16:00:00,America/Chicago,1983-12-10T22:00:00Z,TX,48,1,0,1,500000,30.27,-96.23,30.27,-96.17,4,200,1,1,477,0,0,0,FALSE,1,TRUE,0.45454545454545453,TRUE,1,Weak,South,5.698970004336019,1,8,0.5268817204301075,Evening
169,2008,2,6,2008-02-06,05:17:00,America/Chicago,2008-02-06T11:17:00Z,AL,1,4,12,1,5000000,34.67,-85.84,34.76,-85.69,10.9,660,1,1,71,0,0,0,FALSE,13,TRUE,4.0875,TRUE,1,Violent,South,6.698970004336019,4,6,0.8494623655913979,Morning
474,1995,5,18,1995-05-18,15:52:00,America/Chicago,1995-05-18T20:52:00Z,TN,47,4,32,3,5000000,35,-87.48,35.35,-87.17,29,1000,1,1,99,55,0,0,FALSE,35,TRUE,16.47727272727273,TRUE,2,Violent,South,6.698970004336019,4,3,0.6153846153846154,Evening
614439,2016,11,30,2016-11-30,01:28:00,America/Chicago,2016-11-30T07:28:00Z,TN,47,3,0,2,500000,35.1109,-84.7264,35.1598,-84.6711,4.6,155,1,1,139,0,0,0,FALSE,2,TRUE,0.40511363636363634,TRUE,4,Strong,South,5.698970004336019,3,2,1.2,Morning
123,2006,3,12,2006-03-12,21:18:00,America/Chicago,2006-03-13T03:18:00Z,MO,29,3,26,4,5000000,39.32,-92.48,39.45,-92.18,19.7,300,1,1,175,137,0,0,FALSE,30,TRUE,3.357954545454545,TRUE,2,Strong,Midwest,6.698970004336019,3,11,0.90625,Night
1142,1998,6,2,1998-06-02,20:00:00,America/Chicago,1998-06-03T01:00:00Z,PA,42,3,15,2,2200000,41.62,-76.05,41.57,-75.8,26,500,1,1,131,0,0,0,FALSE,17,TRUE,7.386363636363637,TRUE,3,Strong,Northeast,6.342422680822207,3,3,0.9830508474576272,Night
183,1980,4,25,1980-04-25,18:50:00,America/Chicago,1980-04-26T00:50:00Z,MS,28,2,8,1,5000000,31.77,-89.98,32,-89.25,46.1,900,1,1,127,129,61,0,FALSE,9,TRUE,23.573863636363637,TRUE,2,Strong,South,6.698970004336019,2,2,1.875,Night
271,1971,5,9,1971-05-09,20:13:00,America/Chicago,1971-05-10T01:13:00Z,MS,28,3,3,1,500000,32.87,-89.53,0,0,1,10,1,1,79,0,0,0,FALSE,4,TRUE,0.005681818181818182,TRUE,2,Strong,South,5.698970004336019,3,82,1.675,Night
273,1953,6,8,1953-06-08,18:40:00,America/Chicago,1953-06-08T23:40:00Z,MI,26,2,13,4,500000,44.33,-83.63,44.45,-83.33,16.6,833,1,1,69,0,0,0,FALSE,17,TRUE,7.856704545454546,TRUE,3,Strong,Midwest,5.698970004336019,2,127,2.125,Evening
225,2003,5,4,2003-05-04,16:31:00,America/Chicago,2003-05-04T21:31:00Z,MO,29,3,47,5,52500000,37.57,-94.52,37.8,-92.98,86,880,1,1,11,39,167,85,FALSE,52,TRUE,43,TRUE,2,Strong,Midwest,7.720159303405957,3,16,0.5375,Evening
252,1971,5,7,1971-05-07,17:45:00,America/Chicago,1971-05-07T22:45:00Z,TN,47,4,137,3,5000000,36.07,-88.78,35.88,-87.9,50.9,100,1,1,53,17,5,85,FALSE,140,TRUE,2.8920454545454546,TRUE,2,Violent,South,6.698970004336019,4,3,1.125,Evening
222,2003,5,4,2003-05-04,18:36:00,America/Chicago,2003-05-04T23:36:00Z,MO,29,3,27,4,5000000,37.9,-92.83,37.98,-92.57,14,400,1,1,29,0,0,0,FALSE,31,TRUE,3.1818181818181817,TRUE,2,Strong,Midwest,6.698970004336019,3,16,0.5375,Evening
278,2008,3,15,2008-03-15,10:25:00,America/Chicago,2008-03-15T15:25:00Z,GA,13,3,2,2,7500000,34.09,-85.11,34.12,-84.85,16.93,880,1,1,233,115,15,0,FALSE,4,TRUE,8.465,TRUE,2,Strong,South,6.8750612633917,3,5,1.0161290322580645,Afternoon
312994,2011,5,24,2011-05-24,22:53:00,America/Chicago,2011-05-25T03:53:00Z,AR,5,4,27,4,9075000,35.2781,-93.9515,35.691,-93.3195,45.71,2200,1,1,47,83,47,83,FALSE,31,TRUE,57.1375,TRUE,2,Violent,South,6.95784663370815,4,12,0.9722222222222222,Night
366,1995,5,13,1995-05-13,21:58:00,America/Chicago,1995-05-14T02:58:00Z,IN,18,2,10,3,5000000,39.98,-86.9,39.97,-86.57,14,250,1,1,107,11,0,0,FALSE,13,TRUE,1.9886363636363638,TRUE,2,Strong,Midwest,6.698970004336019,2,3,0.8181818181818182,Night
916,2008,5,25,2008-05-25,15:55:00,America/Chicago,2008-05-25T20:55:00Z,MN,27,3,17,1,25300000,45.18,-93.05,45.17,-92.93,5.96,220,1,1,3,163,0,0,FALSE,18,TRUE,0.745,TRUE,2,Strong,Midwest,7.4031205211758175,3,1,0.6428571428571429,Evening
72,1952,3,21,1952-03-21,22:00:00,America/Chicago,1952-03-22T04:00:00Z,MS,28,4,74,16,500000,34.87,-89.68,35.12,-89.28,29.6,427,2,0,0,0,0,0,FALSE,90,TRUE,7.181363636363637,TRUE,2,Violent,South,5.698970004336019,4,16,1.2857142857142858,Night
1301,2004,6,23,2004-06-23,19:35:00,America/Chicago,2004-06-24T00:35:00Z,WI,55,3,1,1,2290000,43.67,-88.95,43.65,-88.8,7.6,300,1,1,47,39,0,0,FALSE,2,TRUE,1.2954545454545452,TRUE,3,Strong,Midwest,6.359835482339888,3,1,0.5555555555555556,Night
528,1974,6,7,1974-06-07,11:30:00,America/Chicago,1974-06-07T16:30:00Z,TN,47,1,1,1,50000,35.57,-89.65,0,0,0.3,100,1,1,167,0,0,0,FALSE,2,TRUE,0.017045454545454544,TRUE,3,Weak,South,4.698970004336019,1,47,1.813953488372093,Afternoon
649,2004,11,23,2004-11-23,16:27:00,America/Chicago,2004-11-23T22:27:00Z,TX,48,2,0,1,600000,30.48,-94.17,30.57,-94.07,8,600,1,1,199,457,0,0,FALSE,1,TRUE,2.727272727272727,TRUE,4,Strong,South,5.778151250383644,2,2,0.25280898876404495,Evening
1269,1992,11,23,1992-11-23,00:20:00,America/Chicago,1992-11-23T06:20:00Z,NC,37,3,10,2,500000,36.08,-79.18,36.12,-79.07,5.5,1200,1,1,135,0,0,0,FALSE,12,TRUE,3.7499999999999996,TRUE,4,Strong,South,5.698970004336019,3,2,0.6551724137931034,Morning
98,2008,2,5,2008-02-05,17:32:00,America/Chicago,2008-02-05T23:32:00Z,MS,28,2,13,3,128400000,34.98,-90.01,35.05,-89.85,10.24,440,2,0,0,0,0,0,FALSE,16,TRUE,2.56,TRUE,1,Strong,South,8.108565023732835,2,3,0.7706422018348624,Evening
65,1952,3,21,1952-03-21,18:45:00,America/Chicago,1952-03-22T00:45:00Z,AR,5,3,96,3,500000,35.6,-90.72,35.67,-90.52,51.8,880,1,1,111,93,0,0,FALSE,99,TRUE,25.9,TRUE,2,Strong,South,5.698970004336019,3,112,2.3076923076923075,Night
106,1974,4,2,1974-04-02,01:53:00,America/Chicago,1974-04-02T06:53:00Z,NC,37,1,10,1,500000,35.35,-81.33,35.38,-81.17,9.7,100,1,1,71,0,0,0,FALSE,11,TRUE,0.5511363636363635,TRUE,2,Weak,South,5.698970004336019,1,3,1.1,Morning
433,1963,9,29,1963-09-29,02:00:00,America/Chicago,1963-09-29T07:00:00Z,SC,45,2,12,3,5000000,34.42,-79.37,35.27,-78.33,85.8,100,2,0,0,0,0,0,FALSE,15,TRUE,4.875,TRUE,4,Strong,South,6.698970004336019,2,3,1.0909090909090908,Morning
1034,2003,5,4,2003-05-04,15:18:00,America/Chicago,2003-05-04T20:18:00Z,KS,20,4,30,2,47550000,39.07,-94.83,39.25,-94.5,21,500,2,0,0,0,0,0,FALSE,32,TRUE,5.965909090909092,TRUE,2,Violent,Midwest,7.677150521273433,4,11,0.5434782608695652,Evening
887,1998,2,22,1998-02-22,21:55:00,America/Chicago,1998-02-23T03:55:00Z,FL,12,2,3,1,4000000,29.17,-81.1,29.22,-81.03,8,150,1,1,127,0,0,0,FALSE,4,TRUE,0.6818181818181818,TRUE,1,Strong,South,6.6020599913279625,2,42,0.4954128440366973,Night
472,1981,6,21,1981-06-21,01:10:00,America/Chicago,1981-06-21T06:10:00Z,MO,29,2,6,1,500000,38.83,-91.13,38.8,-91.02,6.5,300,1,1,219,0,0,0,FALSE,7,TRUE,1.1079545454545454,TRUE,3,Strong,Midwest,5.698970004336019,2,3,0.7272727272727273,Morning
789,1998,3,29,1998-03-29,17:18:00,America/Chicago,1998-03-29T23:18:00Z,MN,27,3,0,1,120000000,44.28,-94.17,44.33,-93.95,12,2200,1,1,103,0,0,0,FALSE,1,TRUE,15,TRUE,2,Strong,Midwest,8.079181246047625,3,3,0.5423728813559322,Evening
1,1962,1,5,1962-01-05,16:10:00,America/Chicago,1962-01-05T22:10:00Z,FL,12,2,30,1,5000000,30.77,-86.6,0,0,2.5,100,1,1,91,0,0,0,FALSE,31,TRUE,0.14204545454545453,TRUE,1,Strong,South,6.698970004336019,2,18,1.2777777777777777,Evening
819,1957,11,20,1957-11-20,16:50:00,America/Chicago,1957-11-20T22:50:00Z,MI,26,3,12,1,500000,42.4,-83.1,0,0,1.5,100,1,1,163,0,0,0,FALSE,13,TRUE,0.08522727272727272,TRUE,4,Strong,Midwest,5.698970004336019,3,1,1.5833333333333333,Evening
27,2003,2,22,2003-02-22,15:09:00,America/Chicago,2003-02-22T21:09:00Z,KY,21,1,7,2,300000,37.55,-83.55,37.55,-83.55,0.5,75,1,1,25,0,0,0,FALSE,9,TRUE,0.02130681818181818,TRUE,1,Weak,South,5.477121254719663,1,3,1.15625,Evening
168,1991,3,27,1991-03-27,19:20:00,America/Chicago,1991-03-28T01:20:00Z,IN,18,3,24,1,50000000,41.53,-85.07,41.7,-84.72,21,200,2,0,0,0,0,0,FALSE,25,TRUE,2.3863636363636362,TRUE,2,Strong,Midwest,7.698970004336019,3,1,0.5,Night
2,1978,1,7,1978-01-07,15:32:00,America/Chicago,1978-01-07T21:32:00Z,AR,5,3,9,1,5000000,35.03,-91.22,35.27,-90.58,39.6,150,1,1,147,123,37,0,FALSE,10,TRUE,3.375,TRUE,1,Strong,South,6.698970004336019,3,2,0.8636363636363636,Evening
24,1967,1,24,1967-01-24,17:30:00,America/Chicago,1967-01-24T23:30:00Z,IL,17,3,3,1,50000,40.12,-90.22,40.17,-90.13,5.1,80,1,1,125,0,0,0,FALSE,4,TRUE,0.2318181818181818,TRUE,1,Strong,Midwest,4.698970004336019,3,59,1.7,Evening
431,1980,6,3,1980-06-03,20:05:00,America/Chicago,1980-06-04T01:05:00Z,NE,31,3,40,1,50000000,40.97,-98.35,40.92,-98.33,2.3,500,1,1,79,0,0,0,FALSE,41,TRUE,0.6534090909090909,TRUE,3,Strong,Midwest,7.698970004336019,3,5,1.131578947368421,Night
334,1985,5,31,1985-05-31,14:59:00,America/Chicago,1985-05-31T19:59:00Z,OH,39,4,82,12,50000000,41.83,-80.55,41.92,-80.28,14,400,2,0,0,0,0,0,FALSE,94,TRUE,3.1818181818181817,TRUE,2,Violent,Midwest,7.698970004336019,4,47,1.8,Evening
614670,2017,2,28,2017-02-28,21:55:00,America/Chicago,2017-03-01T03:55:00Z,IL,17,3,2,1,5700000,38.137,-88.1148,38.3175,-87.3355,44.13,440,2,0,0,0,0,0,FALSE,3,TRUE,11.0325,TRUE,1,Strong,Midwest,6.7558748556724915,3,3,0.7959183673469388,Night
33,2009,2,18,2009-02-18,21:48:00,America/Chicago,2009-02-19T03:48:00Z,GA,13,3,3,1,550000,33.26,-82.89,33.26,-82.71,10.4,500,1,1,141,301,125,0,FALSE,4,TRUE,2.954545454545455,TRUE,1,Strong,South,5.740362689494244,3,1,0.9629629629629629,Night
311,1957,5,13,1957-05-13,12:50:00,America/Chicago,1957-05-13T17:50:00Z,AR,5,3,18,1,500000,35.07,-92.47,35.32,-92.43,17.5,63,1,1,45,0,0,0,FALSE,19,TRUE,0.6264204545454546,TRUE,2,Strong,South,5.698970004336019,3,3,1.962962962962963,Afternoon
507,1984,6,7,1984-06-07,19:45:00,America/Chicago,1984-06-08T00:45:00Z,IA,19,2,3,1,5000000,40.68,-94.23,40.73,-94.03,14,150,1,1,159,0,0,0,FALSE,4,TRUE,1.1931818181818181,TRUE,3,Strong,Midwest,6.698970004336019,2,1,0.847457627118644,Night
128,1965,4,10,1965-04-10,18:26:00,America/Chicago,1965-04-11T00:26:00Z,AR,5,4,200,6,50000000,35.05,-92.45,35.1,-92.4,4.7,200,1,1,45,0,0,0,FALSE,206,TRUE,0.5340909090909091,TRUE,2,Violent,South,7.698970004336019,4,6,1.875,Night
592,1976,6,13,1976-06-13,16:18:00,America/Chicago,1976-06-13T21:18:00Z,IL,17,4,23,2,5000000,41.67,-88,41.73,-87.92,3.3,1760,1,1,31,43,0,0,FALSE,25,TRUE,3.3,TRUE,3,Violent,Midwest,6.698970004336019,4,5,2.037037037037037,Evening
240,1965,5,6,1965-05-06,19:06:00,America/Chicago,1965-05-07T00:06:00Z,MN,27,4,175,3,50000000,45.03,-93.28,45.13,-93.23,6.8,1000,1,1,3,0,0,0,FALSE,178,TRUE,3.8636363636363638,TRUE,2,Violent,Midwest,7.698970004336019,4,13,1.3,Night
624,1957,6,28,1957-06-28,00:20:00,America/Chicago,1957-06-28T05:20:00Z,MS,28,3,10,1,500000,33.22,-88.58,33.28,-88.53,5.4,50,1,1,103,0,0,0,FALSE,11,TRUE,0.1534090909090909,TRUE,3,Strong,South,5.698970004336019,3,6,1.6538461538461537,Night
495,1993,6,9,1993-06-09,13:20:00,America/Chicago,1993-06-09T18:20:00Z,PA,42,1,0,1,50000,40,-75.78,0,0,1.5,50,1,1,29,0,0,0,FALSE,1,TRUE,0.04261363636363636,TRUE,3,Weak,Northeast,4.698970004336019,1,1,0.6923076923076923,Evening
245,1951,11,13,1951-11-13,17:50:00,America/Chicago,1951-11-13T23:50:00Z,KY,21,3,11,1,500000,37.02,-88.33,0,0,2,10,1,1,157,0,0,0,FALSE,12,TRUE,0.011363636363636364,TRUE,4,Strong,South,5.698970004336019,3,1,2.5,Evening
762,1976,8,12,1976-08-12,16:50:00,America/Chicago,1976-08-12T21:50:00Z,FL,12,1,21,1,5000000,27.9,-82.75,0,0,0.3,30,1,1,103,0,0,0,FALSE,22,TRUE,0.005113636363636363,TRUE,3,Weak,South,6.698970004336019,1,1,0.19402985074626866,Evening
591,1957,6,20,1957-06-20,18:40:00,America/Chicago,1957-06-20T23:40:00Z,ND,38,5,103,10,50000000,46.9,-97.35,46.87,-96.23,52.4,500,2,0,0,0,0,0,FALSE,113,TRUE,14.886363636363637,TRUE,3,Violent,Midwest,7.698970004336019,5,10,1.4615384615384615,Evening
1119,1993,10,18,1993-10-18,17:15:00,America/Chicago,1993-10-18T22:15:00Z,TX,48,2,0,1,500000,32.83,-95.7,0,0,2,100,1,1,379,0,0,0,FALSE,1,TRUE,0.11363636363636363,TRUE,4,Strong,South,5.698970004336019,2,2,0.42735042735042733,Evening
565,1959,9,30,1959-09-30,15:00:00,America/Chicago,1959-09-30T20:00:00Z,VA,51,3,9,1,50000,38.3,-78.43,0,0,2,100,1,1,79,0,0,0,FALSE,10,TRUE,0.11363636363636363,TRUE,4,Strong,South,4.698970004336019,3,12,1.5,Evening
32,1952,2,29,1952-02-29,16:00:00,America/Chicago,1952-02-29T22:00:00Z,TN,47,1,166,3,50000,35.42,-86.7,0,0,0.1,100,1,1,117,0,0,0,FALSE,169,TRUE,0.005681818181818182,TRUE,1,Weak,South,4.698970004336019,1,68,2.4545454545454546,Evening
762,1978,12,3,1978-12-03,01:50:00,America/Chicago,1978-12-03T07:50:00Z,LA,22,4,266,2,500000000,32.5,-93.75,32.57,-93.68,6.2,400,1,1,15,0,0,0,FALSE,268,TRUE,1.4090909090909092,TRUE,1,Violent,South,8.698970004336019,4,4,1.380952380952381,Morning
1185,1999,5,3,1999-05-03,20:05:00,America/Chicago,1999-05-04T01:05:00Z,OK,40,2,10,1,750000,35.37,-97,35.53,-96.85,18,150,1,1,125,125,81,0,FALSE,11,TRUE,1.534090909090909,TRUE,2,Strong,South,5.8750612633917,2,42,0.7163120567375887,Night
514014,2014,6,16,2014-06-16,15:00:00,America/Chicago,2014-06-16T20:00:00Z,NE,31,4,20,1,14000000,41.9528,-97.1369,42.122,-96.8492,23.94,500,1,1,167,39,179,0,FALSE,21,TRUE,6.801136363636364,TRUE,3,Violent,Midwest,7.146128035678238,4,2,0.9032258064516129,Evening
1055,2000,9,22,2000-09-22,22:30:00,America/Chicago,2000-09-23T03:30:00Z,SC,45,2,5,1,290000,33.08,-81.48,33.12,-81.43,4.8,400,1,1,5,11,0,0,FALSE,6,TRUE,1.0909090909090908,TRUE,4,Strong,South,5.4623979978989565,2,1,0.4,Night
37,1980,3,20,1980-03-20,15:45:00,America/Chicago,1980-03-20T21:45:00Z,MS,28,1,0,1,50000,33.57,-88.5,0,0,0.1,17,1,1,25,0,0,0,FALSE,1,TRUE,9.65909090909091e-4,TRUE,2,Weak,South,4.698970004336019,1,2,1.875,Evening
617381,2019,4,25,2019-04-25,00:47:00,America/Chicago,2019-04-25T05:47:00Z,LA,22,3,2,2,50000000,32.5112,-92.6729,32.6022,-92.5147,11.15,1000,1,1,61,0,0,0,FALSE,4,TRUE,6.335227272727273,TRUE,2,Strong,South,7.698970004336019,3,4,0.9390243902439024,Night
552,1978,7,5,1978-07-05,01:45:00,America/Chicago,1978-07-05T06:45:00Z,MN,27,2,44,4,50000000,47.33,-96.35,47.75,-95.25,57.5,400,1,1,107,87,119,29,FALSE,48,TRUE,13.068181818181818,TRUE,3,Strong,Midwest,7.698970004336019,2,4,0.6,Morning
78,1982,3,30,1982-03-30,20:30:00,America/Chicago,1982-03-31T02:30:00Z,IL,17,2,3,1,5000000,38.15,-88.9,0,0,0.8,100,1,1,81,0,0,0,FALSE,4,TRUE,0.045454545454545456,TRUE,2,Strong,Midwest,6.698970004336019,2,13,0.6571428571428571,Night
124,1982,4,2,1982-04-02,19:00:00,America/Chicago,1982-04-03T01:00:00Z,AR,5,3,37,2,5000000,35.08,-92.45,35.12,-92.38,3.5,440,1,1,45,0,0,0,FALSE,39,TRUE,0.875,TRUE,2,Strong,South,6.698970004336019,3,18,1.513157894736842,Night
547,1954,12,5,1954-12-05,17:30:00,America/Chicago,1954-12-05T23:30:00Z,GA,13,2,40,1,50000,33.7,-84.43,0,0,0.5,50,1,1,121,0,0,0,FALSE,41,TRUE,0.014204545454545454,TRUE,1,Strong,South,4.698970004336019,2,7,1.3478260869565217,Evening
348,1985,5,31,1985-05-31,17:15:00,America/Chicago,1985-05-31T22:15:00Z,OH,39,3,20,1,50000000,40.17,-82.72,40.23,-82.13,29,150,1,1,89,31,0,0,FALSE,21,TRUE,2.4715909090909087,TRUE,2,Strong,Midwest,7.698970004336019,3,47,1.8,Evening
139,1974,4,3,1974-04-03,15:20:00,America/Chicago,1974-04-03T20:20:00Z,IN,18,5,210,3,50000000,38.97,-84.88,39.22,-84.63,20.8,533,3,0,0,0,0,0,FALSE,213,TRUE,6.29909090909091,TRUE,2,Violent,Midwest,7.698970004336019,5,50,2.5172413793103448,Evening
20,1950,2,12,1950-02-12,13:00:00,America/Chicago,1950-02-12T19:00:00Z,LA,22,4,77,18,500000,31.97,-94,33,-93.3,82.6,100,1,1,31,17,15,119,FALSE,95,TRUE,4.6931818181818175,TRUE,1,Violent,South,5.698970004336019,4,29,1.35,Evening
116,1979,4,10,1979-04-10,15:20:00,America/Chicago,1979-04-10T21:20:00Z,TX,48,4,68,11,50000000,34.2,-99.15,34.27,-98.98,39.7,880,2,0,0,0,0,0,FALSE,79,TRUE,19.85,TRUE,2,Violent,South,7.698970004336019,4,54,0.9235668789808917,Evening
216,1955,5,25,1955-05-25,15:17:00,America/Chicago,1955-05-25T20:17:00Z,TX,48,4,18,2,500000,35,-100.22,35.5,-99.82,45.1,1100,2,0,0,0,0,0,FALSE,20,TRUE,28.1875,TRUE,2,Violent,South,5.698970004336019,4,4,1.0865384615384615,Evening
857,1999,4,14,1999-04-14,21:52:00,America/Chicago,1999-04-15T02:52:00Z,MS,28,3,33,1,6800000,31.7,-89.47,31.88,-89.12,25.5,880,1,1,31,67,61,0,FALSE,34,TRUE,12.75,TRUE,2,Strong,South,6.832508912706237,3,1,0.37209302325581395,Night
593,2001,2,16,2001-02-16,12:10:00,America/Chicago,2001-02-16T18:10:00Z,MS,28,2,1,1,50000,33.02,-89.97,33.02,-89.87,4,500,1,1,51,0,0,0,FALSE,2,TRUE,1.1363636363636365,TRUE,1,Strong,South,4.698970004336019,2,12,0.6440677966101694,Evening
189,1974,4,3,1974-04-03,18:20:00,America/Chicago,1974-04-03T23:20:00Z,KY,21,4,28,7,5000000,37.72,-84.5,38.03,-84.07,31.9,10,1,1,79,151,49,0,FALSE,35,TRUE,0.18125,TRUE,2,Violent,South,6.698970004336019,4,72,2.7419354838709675,Evening
11,2008,1,7,2008-01-07,18:29:00,America/Chicago,2008-01-08T00:29:00Z,MO,29,3,18,3,19000000,37.28,-93.16,37.69,-92.41,50.39,300,1,1,77,225,105,0,FALSE,21,TRUE,8.589204545454544,TRUE,1,Strong,Midwest,7.278753600952829,3,4,0.5824175824175825,Night
100,1999,1,21,1999-01-21,18:20:00,America/Chicago,1999-01-22T00:20:00Z,AR,5,2,3,1,315000,35.5,-91.7,35.6,-91.57,11,350,1,1,145,63,0,0,FALSE,4,TRUE,2.1875,TRUE,1,Strong,South,5.498310553789601,2,8,1.145631067961165,Night
135,1982,4,2,1982-04-02,23:35:00,America/Chicago,1982-04-03T05:35:00Z,MS,28,3,40,3,50000000,32.72,-89.52,32.7,-88.83,42,400,1,1,79,99,69,0,FALSE,43,TRUE,9.545454545454545,TRUE,2,Strong,South,7.698970004336019,3,4,1.8235294117647058,Night
614926,2017,4,3,2017-04-03,13:21:00,America/Chicago,2017-04-03T18:21:00Z,SC,45,1,0,1,50000,34.582,-81.606,34.586,-81.594,0.74,150,1,1,87,0,0,0,FALSE,1,TRUE,0.06306818181818181,TRUE,2,Weak,South,4.698970004336019,1,1,0.8372093023255814,Evening
122,2008,2,5,2008-02-05,19:44:00,America/Chicago,2008-02-06T01:44:00Z,KY,21,3,24,3,21300000,37.16,-87.23,37.36,-87.02,18.05,375,1,1,177,0,0,0,FALSE,27,TRUE,3.845880681818182,TRUE,1,Strong,South,7.328379603438738,3,7,1.2285714285714286,Night
601,2004,10,18,2004-10-18,18:55:00,America/Chicago,2004-10-18T23:55:00Z,MO,29,2,7,3,300000,36.05,-89.82,36.05,-89.82,0.5,125,1,1,155,0,0,0,FALSE,10,TRUE,0.03551136363636364,TRUE,4,Strong,Midwest,5.477121254719663,2,7,0.5352112676056338,Evening
147,1974,4,3,1974-04-03,15:45:00,America/Chicago,1974-04-03T20:45:00Z,KY,21,4,81,3,500000,37.72,-85.9,38,-85.3,37.9,10,1,1,93,179,215,0,FALSE,84,TRUE,0.21534090909090908,TRUE,2,Violent,South,5.698970004336019,4,72,2.7419354838709675,Evening
466,1999,8,11,1999-08-11,12:41:00,America/Chicago,1999-08-11T17:41:00Z,UT,49,2,80,1,170000000,40.73,-111.87,40.73,-111.87,4.3,150,1,1,35,0,0,0,FALSE,81,TRUE,0.3664772727272727,TRUE,3,Strong,West,8.230448921378274,2,1,1,Afternoon
195,1977,5,4,1977-05-04,11:40:00,America/Chicago,1977-05-04T16:40:00Z,MO,29,3,15,2,500000,38.43,-94.55,38.47,-94.52,29.8,500,1,1,13,37,0,0,FALSE,17,TRUE,8.465909090909092,TRUE,2,Strong,Midwest,5.698970004336019,3,3,1.588235294117647,Afternoon
203,1961,4,23,1961-04-23,10:15:00,America/Chicago,1961-04-23T16:15:00Z,IA,19,3,12,1,5000000,42.03,-92.92,42.25,-91.22,87.7,800,1,1,127,171,11,113,FALSE,13,TRUE,39.86363636363637,TRUE,2,Strong,Midwest,6.698970004336019,3,1,1.5384615384615385,Afternoon
29,1954,3,13,1954-03-13,21:30:00,America/Chicago,1954-03-14T03:30:00Z,GA,13,1,5,1,50000,32.57,-84.07,32.63,-83.5,34.4,300,1,1,269,79,225,153,FALSE,6,TRUE,5.863636363636363,TRUE,2,Weak,South,4.698970004336019,1,7,1.3478260869565217,Night
12,1950,2,12,1950-02-12,00:30:00,America/Chicago,1950-02-12T06:30:00Z,TX,48,2,8,1,50000,33.33,-94.42,33.45,-94.42,8,833,1,1,37,0,0,0,FALSE,9,TRUE,3.786363636363636,TRUE,1,Strong,South,4.698970004336019,2,11,1.8,Morning
147,1957,4,8,1957-04-08,16:00:00,America/Chicago,1957-04-08T22:00:00Z,SC,45,4,70,4,5000000,34.63,-80.58,34.95,-78.5,121.4,150,2,0,0,0,0,0,FALSE,74,TRUE,10.346590909090908,TRUE,2,Violent,South,6.698970004336019,4,4,1.5714285714285714,Evening
315837,2011,5,24,2011-05-24,14:50:00,America/Chicago,2011-05-24T19:50:00Z,OK,40,5,181,9,50000000,35.444,-98.287,35.921,-97.356,63.1,1760,1,1,17,73,83,0,FALSE,190,TRUE,63.1,TRUE,2,Violent,South,7.698970004336019,5,14,0.7627118644067796,Evening
619514,2020,8,30,2020-08-30,17:03:00,America/Chicago,2020-08-30T22:03:00Z,SD,46,2,0,1,315000,44.709,-98.9875,44.7146,-98.9901,1.6,300,1,1,59,0,0,0,FALSE,1,TRUE,0.2727272727272727,TRUE,3,Strong,Midwest,5.498310553789601,2,1,0.6521739130434783,Evening
122,1968,4,23,1968-04-23,12:56:00,America/Chicago,1968-04-23T18:56:00Z,OH,39,4,33,1,5000000,39.1,-84.27,39.28,-83.87,24.1,300,1,1,25,15,27,0,FALSE,34,TRUE,4.107954545454545,TRUE,2,Violent,Midwest,6.698970004336019,4,8,1.6923076923076923,Evening
203,1971,4,27,1971-04-27,21:53:00,America/Chicago,1971-04-28T02:53:00Z,KY,21,4,72,2,5000000,37.08,-85.07,37.07,-84.83,13,100,1,1,207,199,0,0,FALSE,74,TRUE,0.7386363636363636,TRUE,2,Violent,South,6.698970004336019,4,9,1.8125,Night
101,1984,3,28,1984-03-28,21:15:00,America/Chicago,1984-03-29T03:15:00Z,NC,37,2,1,1,500000,36.07,-76.58,36.1,-76.5,6,177,1,1,41,143,0,0,FALSE,2,TRUE,0.6034090909090909,TRUE,2,Strong,South,5.698970004336019,2,40,1.75,Night
129,2006,3,12,2006-03-12,22:15:00,America/Chicago,2006-03-13T04:15:00Z,MO,29,3,8,1,55650000,36.98,-93.8,37.08,-93.35,42,250,1,1,109,43,77,0,FALSE,9,TRUE,5.965909090909092,TRUE,2,Strong,Midwest,7.745465168670727,3,11,0.90625,Night
167,1965,4,11,1965-04-11,21:00:00,America/Chicago,1965-04-12T03:00:00Z,OH,39,4,50,3,5000000,40.35,-84.38,40.38,-84.03,18.4,300,1,1,149,0,0,0,FALSE,53,TRUE,3.136363636363636,TRUE,2,Violent,Midwest,6.698970004336019,4,62,1.8387096774193548,Night
912,2008,5,25,2008-05-25,15:48:00,America/Chicago,2008-05-25T20:48:00Z,IA,19,5,70,9,100300000,42.55,-92.88,42.62,-92.08,40.97,2100,1,1,75,23,13,0,FALSE,79,TRUE,48.88465909090909,TRUE,2,Violent,Midwest,8.001300933020419,5,9,0.5384615384615384,Evening
637,1979,8,10,1979-08-10,14:00:00,America/Chicago,1979-08-10T19:00:00Z,MA,25,2,2,2,5000000,42.32,-72.13,42.32,-71.93,9.7,30,1,1,27,0,0,0,FALSE,4,TRUE,0.16534090909090907,TRUE,3,Strong,Northeast,6.698970004336019,2,2,1.5,Evening
964,1996,11,30,1996-11-30,14:14:00,America/Chicago,1996-11-30T20:14:00Z,LA,22,2,9,2,2000000,32.53,-92.78,32.63,-92.67,10,250,1,1,61,0,0,0,FALSE,11,TRUE,1.4204545454545456,TRUE,4,Strong,South,6.301029995663981,2,2,0.6111111111111112,Evening
366,1983,5,20,1983-05-20,00:30:00,America/Chicago,1983-05-20T05:30:00Z,TX,48,1,4,1,5000000,30.1,-96.37,0,0,1,167,1,1,477,0,0,0,FALSE,5,TRUE,0.09488636363636363,TRUE,2,Weak,South,6.698970004336019,1,8,0.5268817204301075,Night
770,1989,10,1,1989-10-01,10:30:00,America/Chicago,1989-10-01T15:30:00Z,GA,13,2,12,2,5000000,31.07,-83.93,31.25,-83.87,10,100,1,1,71,0,0,0,FALSE,14,TRUE,0.5681818181818181,TRUE,4,Strong,South,6.698970004336019,2,3,1.5945945945945945,Afternoon
691,2010,6,17,2010-06-17,17:15:00,America/Chicago,2010-06-17T22:15:00Z,MN,27,3,2,1,500000,47.64,-96.18,47.8522,-96.0703,15,150,1,1,119,125,0,0,FALSE,3,TRUE,1.2784090909090908,TRUE,3,Strong,Midwest,5.698970004336019,3,3,0.6216216216216216,Evening
9,1951,2,20,1951-02-20,15:00:00,America/Chicago,1951-02-20T21:00:00Z,MS,28,3,1,1,5000,33.45,-88.87,0,0,0.1,10,1,1,105,0,0,0,FALSE,2,TRUE,5.681818181818183e-4,TRUE,1,Strong,South,3.6989700043360187,3,3,1.375,Evening
85,1951,5,25,1951-05-25,16:00:00,America/Chicago,1951-05-25T21:00:00Z,KS,20,3,0,1,500000,39.27,-97.18,39.32,-97.13,4.1,440,1,1,27,0,0,0,FALSE,1,TRUE,1.025,TRUE,2,Strong,Midwest,5.698970004336019,3,8,1.0649350649350648,Evening
788,1957,11,17,1957-11-17,12:15:00,America/Chicago,1957-11-17T18:15:00Z,MS,28,2,2,2,500000,33.12,-88.65,33.3,-88.53,14.8,70,1,1,103,87,0,0,FALSE,4,TRUE,0.5886363636363636,TRUE,4,Strong,South,5.698970004336019,2,6,1.6538461538461537,Evening
299,2006,4,7,2006-04-07,13:08:00,America/Chicago,2006-04-07T18:08:00Z,TN,47,3,128,7,79000000,36.32,-86.77,36.4,-86.37,22.7,880,1,1,37,165,0,0,FALSE,135,TRUE,11.35,TRUE,2,Strong,South,7.897627091290442,3,34,1.2,Evening
324661,2011,8,19,2011-08-19,15:45:00,America/Chicago,2011-08-19T20:45:00Z,WI,55,1,0,1,125000,45.4026,-87.987,45.3401,-87.8515,7.9,250,2,0,0,0,0,0,FALSE,1,TRUE,1.122159090909091,TRUE,3,Weak,Midwest,5.096910013008056,1,1,0.8461538461538461,Evening
229,1984,4,27,1984-04-27,15:20:00,America/Chicago,1984-04-27T21:20:00Z,WI,55,4,19,1,5000000,44.08,-88.75,44.45,-88.3,27.5,60,1,1,139,87,0,0,FALSE,20,TRUE,0.9374999999999999,TRUE,2,Violent,Midwest,6.698970004336019,4,12,1.4705882352941178,Evening
305268,2011,4,27,2011-04-27,18:15:00,America/Chicago,2011-04-27T23:15:00Z,GA,13,4,335,20,68250000,34.8744,-85.1785,35.37,-84.6,48,800,2,0,0,0,0,0,FALSE,355,TRUE,21.818181818181817,TRUE,2,Violent,South,7.834102655712794,4,26,1.1842105263157894,Evening
878,1967,12,10,1967-12-10,08:20:00,America/Chicago,1967-12-10T14:20:00Z,FL,12,3,50,1,5000000,30.07,-85.57,30.17,-85.55,7.1,250,1,1,5,0,0,0,FALSE,51,TRUE,1.0085227272727273,TRUE,1,Strong,South,6.698970004336019,3,2,1.608695652173913,Afternoon
183,1960,5,5,1960-05-05,19:30:00,America/Chicago,1960-05-06T00:30:00Z,OK,40,3,0,1,50000,35.38,-94.48,35.43,-94.43,4.5,10,1,1,135,0,0,0,FALSE,1,TRUE,0.02556818181818182,TRUE,2,Strong,South,4.698970004336019,3,35,1.6020408163265305,Night
225,1984,4,27,1984-04-27,14:37:00,America/Chicago,1984-04-27T20:37:00Z,WI,55,3,8,1,50000000,45.67,-89.82,46.07,-89.5,29,87,1,1,85,125,0,0,FALSE,9,TRUE,1.4335227272727273,TRUE,2,Strong,Midwest,7.698970004336019,3,12,1.4705882352941178,Evening
613600,2016,2,24,2016-02-24,13:31:00,America/Chicago,2016-02-24T19:31:00Z,VA,51,1,8,3,2615000,36.9922,-77.1234,37.1094,-77.0583,8.86,300,1,1,183,181,0,0,FALSE,11,TRUE,1.5102272727272725,TRUE,1,Weak,South,6.417471693203293,1,4,1.2222222222222223,Evening
850,1999,4,9,1999-04-09,03:12:00,America/Chicago,1999-04-09T08:12:00Z,OH,39,4,65,4,85000000,39.23,-84.37,39.3,-84.23,10,270,1,1,61,165,0,0,FALSE,69,TRUE,1.5340909090909092,TRUE,2,Violent,Midwest,7.929418925714293,4,4,0.9444444444444444,Morning
633,2001,4,11,2001-04-11,15:00:00,America/Chicago,2001-04-11T20:00:00Z,IA,19,2,3,2,400000,40.97,-92.38,41.08,-92.32,8.4,100,1,1,179,0,0,0,FALSE,5,TRUE,0.4772727272727273,TRUE,2,Strong,Midwest,5.6020599913279625,2,2,0.3557692307692308,Evening
166,1965,4,11,1965-04-11,20:30:00,America/Chicago,1965-04-12T02:30:00Z,OH,39,4,104,13,5000000,40.8,-84.2,40.95,-83.6,32.5,400,1,1,3,63,0,0,FALSE,117,TRUE,7.386363636363636,TRUE,2,Violent,Midwest,6.698970004336019,4,62,1.8387096774193548,Night
738,1975,7,23,1975-07-23,16:45:00,America/Chicago,1975-07-23T21:45:00Z,IL,17,3,69,2,50000000,40.57,-90.18,40.53,-89.92,14,2630,1,1,57,0,0,0,FALSE,71,TRUE,20.920454545454547,TRUE,3,Strong,Midwest,7.698970004336019,3,2,1.173913043478261,Evening
359896,2012,3,2,2012-03-02,13:50:00,America/Chicago,2012-03-02T19:50:00Z,IN,18,4,0,11,58750000,38.4316,-86.1893,38.6579,-85.2632,45.05,800,2,0,0,0,0,0,FALSE,11,TRUE,20.477272727272727,TRUE,2,Violent,Midwest,7.769007870943774,4,14,0.8888888888888888,Evening
582,2002,4,28,2002-04-28,16:56:00,America/Chicago,2002-04-28T21:56:00Z,MD,24,4,122,3,124000000,38.55,-77.18,38.48,-76.5,38,650,1,1,17,9,0,0,FALSE,125,TRUE,14.03409090909091,TRUE,2,Violent,South,8.093421685162236,4,3,1.2142857142857142,Evening
262,2008,3,7,2008-03-07,08:45:00,America/Chicago,2008-03-07T14:45:00Z,FL,12,2,5,1,4000000,30.19,-82.65,30.2,-82.62,1.49,800,1,1,23,0,0,0,FALSE,6,TRUE,0.6772727272727272,TRUE,2,Strong,South,6.6020599913279625,2,1,0.25,Afternoon
645,1994,6,27,1994-06-27,05:35:00,America/Chicago,1994-06-27T10:35:00Z,GA,13,1,3,1,500000,33.72,-83.42,0,0,2.5,50,1,1,219,0,0,0,FALSE,4,TRUE,0.07102272727272727,TRUE,3,Weak,South,5.698970004336019,1,20,0.9230769230769231,Morning
80,1970,4,17,1970-04-17,22:30:00,America/Chicago,1970-04-18T04:30:00Z,TX,48,4,13,1,5000000,34.38,-102.62,35.6,-100.88,130,880,1,1,369,381,11,65,FALSE,14,TRUE,65,TRUE,2,Violent,South,6.698970004336019,4,51,1.256198347107438,Night
27,1954,3,13,1954-03-13,21:20:00,America/Chicago,1954-03-14T03:20:00Z,GA,13,3,75,5,5000000,32.53,-84.37,32.87,-83.62,49.5,300,1,1,269,79,21,0,FALSE,80,TRUE,8.4375,TRUE,2,Strong,South,6.698970004336019,3,7,1.3478260869565217,Night
133,1976,3,20,1976-03-20,18:40:00,America/Chicago,1976-03-21T00:40:00Z,MI,26,3,3,1,500000,42.7,-82.97,42.88,-82.73,17.1,100,1,1,99,0,0,0,FALSE,4,TRUE,0.9715909090909092,TRUE,2,Strong,Midwest,5.698970004336019,3,3,1.5625,Night
296616,2011,5,22,2011-05-22,16:34:00,America/Chicago,2011-05-22T21:34:00Z,MO,29,5,1150,158,2800100000,37.0524,-94.5932,36.9838,-94.2213,21.62,1600,1,1,145,97,145,0,FALSE,1308,TRUE,19.654545454545456,TRUE,2,Violent,Midwest,9.447173541582464,5,158,0.6883116883116883,Evening
598,1987,11,15,1987-11-15,14:00:00,America/Chicago,1987-11-15T20:00:00Z,TX,48,2,2,3,5000000,30.97,-96.07,31.15,-95.9,10,200,1,1,313,289,0,0,FALSE,5,TRUE,1.1363636363636362,TRUE,4,Strong,South,6.698970004336019,2,43,0.7301587301587301,Evening
179,1986,4,26,1986-04-26,18:30:00,America/Chicago,1986-04-27T00:30:00Z,IA,19,2,4,1,5000000,43.4,-96.03,43.58,-95.8,18.5,120,2,0,0,0,0,0,FALSE,5,TRUE,1.2613636363636362,TRUE,2,Strong,Midwest,6.698970004336019,2,1,0.7560975609756098,Night
97,1982,4,2,1982-04-02,15:20:00,America/Chicago,1982-04-02T21:20:00Z,TX,48,3,1,1,5000000,33.63,-96.28,33.63,-95.7,32,150,1,1,147,277,0,0,FALSE,2,TRUE,2.727272727272727,TRUE,2,Strong,South,6.698970004336019,3,14,0.8514851485148515,Evening
823,1957,12,18,1957-12-18,13:50:00,America/Chicago,1957-12-18T19:50:00Z,MO,29,2,1,1,50000,37.68,-90.35,37.7,-90.3,2.7,33,1,1,187,0,0,0,FALSE,2,TRUE,0.050625,TRUE,1,Strong,Midwest,4.698970004336019,2,19,1.3658536585365855,Evening
882,1983,12,3,1983-12-03,18:37:00,America/Chicago,1983-12-04T00:37:00Z,AL,1,3,51,2,5000000,33.58,-85.83,33.63,-85.8,4,150,1,1,15,0,0,0,FALSE,53,TRUE,0.3409090909090909,TRUE,1,Strong,South,6.698970004336019,3,3,1.3777777777777778,Night
61,1958,4,5,1958-04-05,14:20:00,America/Chicago,1958-04-05T20:20:00Z,IL,17,3,8,1,500000,38.3,-89.87,38.97,-89.13,60.5,100,1,1,163,27,5,51,FALSE,9,TRUE,3.4375,TRUE,2,Strong,Midwest,5.698970004336019,3,2,1.4074074074074074,Evening
1018,2010,8,12,2010-08-12,20:26:00,America/Chicago,2010-08-13T01:26:00Z,ND,38,3,1,1,1200000,48.813,-102.187,48.8028,-102.077,5.03,400,1,1,13,101,0,0,FALSE,2,TRUE,1.1431818181818183,TRUE,3,Strong,Midwest,6.079181246047625,3,1,0.6271186440677966,Night
130,1976,3,20,1976-03-20,18:15:00,America/Chicago,1976-03-21T00:15:00Z,MI,26,4,55,1,50000000,42.52,-83.42,42.55,-83.33,3.8,117,1,1,125,0,0,0,FALSE,56,TRUE,0.2526136363636364,TRUE,2,Violent,Midwest,7.698970004336019,4,3,1.5625,Night
676,1988,11,27,1988-11-27,23:00:00,America/Chicago,1988-11-28T05:00:00Z,NC,37,4,154,4,500000000,35.87,-78.75,36.45,-77.42,83,400,1,1,183,69,127,83,FALSE,158,TRUE,18.863636363636363,TRUE,4,Violent,South,8.698970004336019,4,4,1.0526315789473684,Night
178,1978,5,4,1978-05-04,09:47:00,America/Chicago,1978-05-04T14:47:00Z,FL,12,3,94,3,5000000,27.92,-82.7,0,0,1.5,200,1,1,103,0,0,0,FALSE,97,TRUE,0.17045454545454544,TRUE,2,Strong,South,6.698970004336019,3,3,0.43956043956043955,Afternoon
266,2006,4,2,2006-04-02,18:32:00,America/Chicago,2006-04-02T23:32:00Z,TN,47,3,70,16,20000000,36.12,-89.52,36.13,-89.2,18,880,1,1,45,0,0,0,FALSE,86,TRUE,9,TRUE,2,Strong,South,7.301029995663981,3,34,1.2,Evening
347518,2011,4,27,2011-04-27,20:51:00,America/Chicago,2011-04-28T01:51:00Z,TN,47,3,33,6,8010000,36.035,-82.808,36.15,-82.573,15.8,1500,1,1,59,179,0,0,FALSE,39,TRUE,13.465909090909092,TRUE,2,Strong,South,6.903632516084238,3,20,0.8556701030927835,Night
843,1997,7,2,1997-07-02,14:45:00,America/Chicago,1997-07-02T19:45:00Z,MI,26,3,1,1,3800000,43.18,-83.62,43.18,-83.62,1.7,1500,1,1,49,0,0,0,FALSE,2,TRUE,1.4488636363636365,TRUE,3,Strong,Midwest,6.57978359661681,3,2,1.1111111111111112,Evening
230,1984,4,27,1984-04-27,16:39:00,America/Chicago,1984-04-27T22:39:00Z,WI,55,4,14,1,5000000,42.98,-88.37,43.08,-88.2,6.5,10,1,1,133,0,0,0,FALSE,15,TRUE,0.036931818181818184,TRUE,2,Violent,Midwest,6.698970004336019,4,12,1.4705882352941178,Evening
330,2005,8,12,2005-08-12,16:40:00,America/Chicago,2005-08-12T21:40:00Z,WY,56,2,13,2,5000000,43.73,-105.47,43.72,-105.47,1.5,450,1,1,5,0,0,0,FALSE,15,TRUE,0.3835227272727273,TRUE,3,Strong,West,6.698970004336019,2,2,0.5,Evening
393,1974,5,12,1974-05-12,04:30:00,America/Chicago,1974-05-12T09:30:00Z,GA,13,1,3,1,500000,32.3,-81.23,0,0,2,50,1,1,103,0,0,0,FALSE,4,TRUE,0.056818181818181816,TRUE,2,Weak,South,5.698970004336019,1,23,1.4137931034482758,Morning
607010,2015,12,23,2015-12-23,14:54:00,America/Chicago,2015-12-23T20:54:00Z,MS,28,3,28,2,2354000,34,-90.71,34.5175,-89.8379,61.57,800,1,1,11,27,119,107,FALSE,30,TRUE,27.986363636363635,TRUE,1,Strong,South,6.3718064585074154,3,11,0.7555555555555555,Evening
1021,2009,10,9,2009-10-09,10:45:00,America/Chicago,2009-10-09T15:45:00Z,MS,28,1,2,1,225000,33.246,-91.0431,33.27,-91.0245,1.98,100,1,1,151,0,0,0,FALSE,3,TRUE,0.11249999999999999,TRUE,4,Weak,South,5.352182518111363,1,1,0.6590909090909091,Afternoon
297254,2011,4,16,2011-04-16,13:33:00,America/Chicago,2011-04-16T18:33:00Z,NC,37,3,176,2,141100000,35.0164,-79.1338,35.4919,-78.356,52.86,800,1,1,93,51,85,101,FALSE,178,TRUE,24.027272727272727,TRUE,2,Strong,South,8.149527013754348,3,26,0.8307692307692308,Evening
484469,2013,12,21,2013-12-21,17:19:00,America/Chicago,2013-12-21T23:19:00Z,MS,28,2,2,1,1000000,34.149,-90.767,34.21,-90.607,10.07,300,1,1,27,0,0,0,FALSE,3,TRUE,1.7164772727272726,TRUE,1,Strong,South,6,2,2,1,Evening
401,1973,5,24,1973-05-24,16:00:00,America/Chicago,1973-05-24T21:00:00Z,OK,40,4,4,2,5000000,35.4,-97.97,35.3,-97.77,13.3,300,1,1,17,0,0,0,FALSE,6,TRUE,2.2670454545454546,TRUE,2,Violent,South,6.698970004336019,4,12,1.44,Evening
214,1974,4,3,1974-04-03,19:50:00,America/Chicago,1974-04-04T00:50:00Z,KY,21,3,45,2,5000000,36.78,-84.7,36.93,-84.53,13.9,10,1,1,231,199,0,0,FALSE,47,TRUE,0.07897727272727273,TRUE,2,Strong,South,6.698970004336019,3,72,2.7419354838709675,Night
295476,2011,5,21,2011-05-21,20:10:00,America/Chicago,2011-05-22T01:10:00Z,KS,20,3,5,1,2280000,38.5053,-96.0036,38.574,-95.839,10.11,700,1,1,111,139,0,0,FALSE,6,TRUE,4.021022727272727,TRUE,2,Strong,Midwest,6.357934847000454,3,3,0.40298507462686567,Night
519,2009,5,13,2009-05-13,16:10:00,America/Chicago,2009-05-13T21:10:00Z,MO,29,1,0,1,25000,40.2258,-93.1069,40.2314,-93.0622,4.35,100,1,1,211,0,0,0,FALSE,1,TRUE,0.24715909090909088,TRUE,2,Weak,Midwest,4.3979400086720375,1,3,0.8181818181818182,Evening
351147,2011,11,16,2011-11-16,17:05:00,America/Chicago,2011-11-16T23:05:00Z,NC,37,2,15,2,20500000,35.7321,-80.2103,35.8033,-80.053,12.51,200,1,1,57,151,0,0,FALSE,17,TRUE,1.4215909090909091,TRUE,4,Strong,South,7.311753861055754,2,26,0.8307692307692308,Evening
313,1967,5,19,1967-05-19,18:15:00,America/Chicago,1967-05-19T23:15:00Z,MD,24,3,0,1,50000,39.38,-79.33,0,0,0.3,33,1,1,23,0,0,0,FALSE,1,TRUE,0.005625,TRUE,2,Strong,South,4.698970004336019,3,1,1.4,Evening
761,1998,3,20,1998-03-20,05:25:00,America/Chicago,1998-03-20T11:25:00Z,GA,13,3,171,12,20000000,34.38,-83.9,34.53,-83.7,4,100,1,1,139,311,0,0,FALSE,183,TRUE,0.22727272727272727,TRUE,2,Strong,South,7.301029995663981,3,19,0.868421052631579,Morning
82,1984,3,28,1984-03-28,16:20:00,America/Chicago,1984-03-28T22:20:00Z,SC,45,2,38,1,50000000,34.23,-81.75,34.45,-81.47,23,1000,1,1,71,0,0,0,FALSE,39,TRUE,13.06818181818182,TRUE,2,Strong,South,7.698970004336019,2,17,2.0555555555555554,Evening
80,1965,3,17,1965-03-17,20:50:00,America/Chicago,1965-03-18T02:50:00Z,NC,37,3,85,2,5000000,35,-77.22,35.23,-76.55,41.3,100,1,1,103,49,137,0,FALSE,87,TRUE,2.3465909090909087,TRUE,2,Strong,South,6.698970004336019,3,3,1.8888888888888888,Night
389,1974,5,12,1974-05-12,02:45:00,America/Chicago,1974-05-12T07:45:00Z,GA,13,2,7,2,5000000,31.93,-81.93,31.98,-81.78,9.4,100,1,1,267,0,0,0,FALSE,9,TRUE,0.5340909090909091,TRUE,2,Strong,South,6.698970004336019,2,23,1.4137931034482758,Morning
508155,2014,4,28,2014-04-28,14:51:00,America/Chicago,2014-04-28T19:51:00Z,MS,28,4,84,10,116700000,32.88,-89.43,33.1893,-89.0028,33.39,1320,1,1,79,7,99,159,FALSE,94,TRUE,25.0425,TRUE,2,Violent,South,8.06707085604537,4,16,1.175,Evening
303562,2011,4,27,2011-04-27,14:42:00,America/Chicago,2011-04-27T19:42:00Z,MS,28,5,137,23,14400000,34.0455,-88.445,34.3226,-87.8924,37.1,1320,2,0,0,0,0,0,FALSE,160,TRUE,27.825000000000003,TRUE,2,Violent,South,7.158362492095249,5,42,1.3404255319148937,Evening
378,2007,4,24,2007-04-24,18:01:00,America/Chicago,2007-04-24T23:01:00Z,TX,48,3,0,7,80000000,28.64,-100.41,28.6,-100.36,4,400,1,1,323,0,0,0,FALSE,7,TRUE,0.9090909090909091,TRUE,2,Strong,South,7.903089986991944,3,11,0.41919191919191917,Evening
172,1960,5,5,1960-05-05,17:00:00,America/Chicago,1960-05-05T22:00:00Z,OK,40,5,81,5,5000000,35.28,-96.93,36.05,-96.07,71.8,800,1,1,125,81,107,37,FALSE,86,TRUE,32.63636363636363,TRUE,2,Violent,South,6.698970004336019,5,35,1.6020408163265305,Evening
195,1959,5,9,1959-05-09,18:40:00,America/Chicago,1959-05-09T23:40:00Z,OK,40,4,12,7,500000,34.62,-96.58,34.68,-96.52,6.2,900,1,1,123,0,0,0,FALSE,19,TRUE,3.1704545454545454,TRUE,2,Violent,South,5.698970004336019,4,8,1.3857142857142857,Evening
226,1983,5,2,1983-05-02,10:49:00,America/Chicago,1983-05-02T15:49:00Z,OH,39,3,22,1,50000000,41.33,-83.83,41.37,-83.75,5,100,1,1,173,0,0,0,FALSE,23,TRUE,0.28409090909090906,TRUE,2,Strong,Midwest,7.698970004336019,3,2,1.6666666666666667,Afternoon
383,1983,5,20,1983-05-20,13:45:00,America/Chicago,1983-05-20T18:45:00Z,TX,48,2,9,1,5000000,29.95,-94.03,29.97,-94,3,167,1,1,245,0,0,0,FALSE,10,TRUE,0.2846590909090909,TRUE,2,Strong,South,6.698970004336019,2,8,0.5268817204301075,Evening
3,1967,1,24,1967-01-24,12:40:00,America/Chicago,1967-01-24T18:40:00Z,MO,29,3,18,2,5000000,39.1,-94.25,39.25,-94.05,14.5,200,1,1,95,177,0,0,FALSE,20,TRUE,1.6477272727272727,TRUE,1,Strong,Midwest,6.698970004336019,3,8,1.2571428571428571,Evening
222,1968,5,15,1968-05-15,20:36:00,America/Chicago,1968-05-16T01:36:00Z,AR,5,4,24,7,5000000,35.65,-91.47,0,0,0.3,300,1,1,63,0,0,0,FALSE,31,TRUE,0.05113636363636363,TRUE,2,Violent,South,6.698970004336019,4,65,2.2222222222222223,Night
860,1965,11,12,1965-11-12,14:35:00,America/Chicago,1965-11-12T20:35:00Z,IL,17,2,90,2,50000000,41.4,-88.47,41.57,-87.78,35.9,120,1,1,63,197,31,0,FALSE,92,TRUE,2.4477272727272723,TRUE,4,Strong,Midwest,7.698970004336019,2,8,1.6428571428571428,Evening
670,1982,6,15,1982-06-15,14:57:00,America/Chicago,1982-06-15T19:57:00Z,MI,26,3,1,1,5000000,42.35,-84.37,42.42,-84.1,13,500,1,1,75,161,0,0,FALSE,2,TRUE,3.6931818181818183,TRUE,3,Strong,Midwest,6.698970004336019,3,1,0.9,Evening
506,1980,6,7,1980-06-07,16:30:00,America/Chicago,1980-06-07T21:30:00Z,IN,18,2,5,1,315000,40.37,-85.95,0,0,0.1,10,1,1,159,0,0,0,FALSE,6,TRUE,5.681818181818183e-4,TRUE,3,Strong,Midwest,5.498310553789601,2,5,1.1714285714285715,Evening
271,1953,6,8,1953-06-08,18:30:00,America/Chicago,1953-06-08T23:30:00Z,MI,26,3,5,1,50000,42.2,-84,42.25,-83.78,11.3,70,1,1,161,0,0,0,FALSE,6,TRUE,0.4494318181818182,TRUE,3,Strong,Midwest,4.698970004336019,3,127,2.125,Evening
227,1999,4,3,1999-04-03,15:52:00,America/Chicago,1999-04-03T21:52:00Z,LA,22,4,102,7,7940000,32.53,-93.83,32.75,-93.6,19.3,200,1,1,17,15,0,0,FALSE,109,TRUE,2.1931818181818183,TRUE,2,Violent,South,6.899820502427096,4,7,0.8709677419354839,Evening
147,1997,5,2,1997-05-02,17:40:00,America/Chicago,1997-05-02T22:40:00Z,GA,13,1,3,1,100000,34.8,-85.37,34.87,-85.3,10,100,1,1,295,0,0,0,FALSE,4,TRUE,0.5681818181818181,TRUE,2,Weak,South,5,1,1,0.5454545454545454,Evening
112,1956,4,3,1956-04-03,16:45:00,America/Chicago,1956-04-03T22:45:00Z,TN,47,4,60,3,5000000,35.58,-88.47,35.7,-88.32,11.6,100,1,1,77,0,0,0,FALSE,63,TRUE,0.6590909090909091,TRUE,2,Violent,South,6.698970004336019,4,3,1.8888888888888888,Evening
355,1970,6,18,1970-06-18,17:15:00,America/Chicago,1970-06-18T22:15:00Z,PA,42,3,5,1,5000000,40.4,-76.3,40.4,-76.23,1.9,880,1,1,75,0,0,0,FALSE,6,TRUE,0.95,TRUE,3,Strong,Northeast,6.698970004336019,3,1,1.3333333333333333,Evening
524,2009,5,13,2009-05-13,17:09:00,America/Chicago,2009-05-13T22:09:00Z,MO,29,2,6,2,5000000,40.2317,-92.5947,40.22,-92.4858,5.8,150,1,1,1,0,0,0,FALSE,8,TRUE,0.49431818181818177,TRUE,2,Strong,Midwest,6.698970004336019,2,3,0.8181818181818182,Evening
161,1984,4,20,1984-04-20,15:38:00,America/Chicago,1984-04-20T21:38:00Z,OK,40,1,7,1,500000,36.08,-98.62,36.1,-98.6,12.5,10,1,1,11,0,0,0,FALSE,8,TRUE,0.07102272727272728,TRUE,2,Weak,South,5.698970004336019,1,13,0.9795918367346939,Evening
45,1989,3,5,1989-03-05,19:40:00,America/Chicago,1989-03-06T01:40:00Z,AL,1,2,6,1,5000000,32.9,-85.52,33.47,-84.83,45.5,167,2,0,0,0,0,0,FALSE,7,TRUE,4.3173295454545455,TRUE,2,Strong,South,6.698970004336019,2,22,1.0434782608695652,Night
31,1983,2,2,1983-02-02,08:20:00,America/Chicago,1983-02-02T14:20:00Z,FL,12,2,6,1,500000,27.45,-81.4,0,0,1,40,1,1,55,0,0,0,FALSE,7,TRUE,0.022727272727272728,TRUE,1,Strong,South,5.698970004336019,2,4,1.0235294117647058,Afternoon
178,1976,3,26,1976-03-26,16:00:00,America/Chicago,1976-03-26T22:00:00Z,MO,29,3,3,1,500000,37.03,-94.18,37.23,-93.72,29.1,40,1,1,145,97,109,0,FALSE,4,TRUE,0.6613636363636364,TRUE,2,Strong,Midwest,5.698970004336019,3,2,1.4166666666666667,Evening
61,1981,4,1,1981-04-01,02:15:00,America/Chicago,1981-04-01T08:15:00Z,AL,1,3,23,2,50000000,32.25,-85.4,32.25,-85.38,0.1,100,1,1,113,0,0,0,FALSE,25,TRUE,0.005681818181818182,TRUE,2,Strong,South,7.698970004336019,3,2,1.0714285714285714,Morning
49,1982,3,15,1982-03-15,19:35:00,America/Chicago,1982-03-16T01:35:00Z,KS,20,3,8,2,50000000,37.53,-94.8,38.05,-93.7,70,600,2,0,0,0,0,0,FALSE,10,TRUE,23.863636363636363,TRUE,2,Strong,Midwest,7.698970004336019,3,4,0.7068965517241379,Night
356,1985,5,31,1985-05-31,18:10:00,America/Chicago,1985-05-31T23:10:00Z,PA,42,3,120,9,50000000,40.82,-80.47,40.72,-79.73,39,243,1,1,7,19,0,0,FALSE,129,TRUE,5.384659090909091,TRUE,2,Strong,Northeast,7.698970004336019,3,29,1.7857142857142858,Evening
160,1953,5,11,1953-05-11,14:15:00,America/Chicago,1953-05-11T19:15:00Z,TX,48,4,159,13,5000000,31.53,-100.58,31.53,-100.42,9.9,880,1,1,451,0,0,0,FALSE,172,TRUE,4.95,TRUE,2,Violent,South,6.698970004336019,4,150,1.8125,Evening
138,1994,4,15,1994-04-15,15:56:00,America/Chicago,1994-04-15T20:56:00Z,TX,48,2,20,1,50000,29.95,-95.15,29.95,-95.05,5,300,1,1,201,0,0,0,FALSE,21,TRUE,0.8522727272727272,TRUE,2,Strong,South,4.698970004336019,2,4,0.33689839572192515,Evening
4,1950,1,13,1950-01-13,05:25:00,America/Chicago,1950-01-13T11:25:00Z,AR,5,3,1,1,5000,34.4,-94.37,0,0,0.6,17,1,1,113,0,0,0,FALSE,2,TRUE,0.0057954545454545455,TRUE,1,Strong,South,3.6989700043360187,3,2,2.3333333333333335,Morning
44,1963,3,11,1963-03-11,21:00:00,America/Chicago,1963-03-12T03:00:00Z,TN,47,2,1,1,500000,36,-83.12,36.03,-83.02,6.2,200,1,1,29,0,0,0,FALSE,2,TRUE,0.7045454545454546,TRUE,2,Strong,South,5.698970004336019,2,4,2.1666666666666665,Night
606484,2015,12,26,2015-12-26,19:33:00,America/Chicago,2015-12-27T01:33:00Z,TX,48,1,2,1,600000,33.2718,-96.3546,33.3448,-96.3322,5.21,100,1,1,85,0,0,0,FALSE,3,TRUE,0.29602272727272727,TRUE,1,Weak,South,5.778151250383644,1,17,0.49377593360995853,Night
47,1959,3,14,1959-03-14,21:15:00,America/Chicago,1959-03-15T03:15:00Z,AR,5,3,3,1,500000,35.05,-92.22,35.13,-91.92,18,33,1,1,45,145,0,0,FALSE,4,TRUE,0.33749999999999997,TRUE,2,Strong,South,5.698970004336019,3,3,1.6666666666666667,Night
618882,2020,4,13,2020-04-13,03:43:00,America/Chicago,2020-04-13T08:43:00Z,SC,45,3,7,2,500000,33.3158,-81.3944,33.624,-80.9115,35.68,770,1,1,11,75,17,0,FALSE,9,TRUE,15.61,TRUE,2,Strong,South,5.698970004336019,3,8,1,Morning
135,1969,5,8,1969-05-08,18:35:00,America/Chicago,1969-05-08T23:35:00Z,OH,39,3,14,1,500000,40.3,-81.2,0,0,2,300,1,1,67,0,0,0,FALSE,15,TRUE,0.3409090909090909,TRUE,2,Strong,Midwest,5.698970004336019,3,5,1.4705882352941178,Evening
582,1970,10,3,1970-10-03,16:15:00,America/Chicago,1970-10-03T21:15:00Z,MA,25,3,0,1,500000,42.33,-72.17,42.57,-71.52,35.4,60,1,1,27,17,0,0,FALSE,1,TRUE,1.2068181818181818,TRUE,4,Strong,Northeast,5.698970004336019,3,1,1.5,Evening
510,1960,8,5,1960-08-05,16:30:00,America/Chicago,1960-08-05T21:30:00Z,NE,31,3,2,1,50000,41.7,-99.2,41.67,-99,10.3,150,1,1,175,0,0,0,FALSE,3,TRUE,0.8778409090909091,TRUE,3,Strong,Midwest,4.698970004336019,3,2,1.1627906976744187,Evening
61,1968,4,3,1968-04-03,19:44:00,America/Chicago,1968-04-04T01:44:00Z,AR,5,3,6,1,5000000,36.08,-90.47,36.12,-90.42,3.6,100,1,1,55,0,0,0,FALSE,7,TRUE,0.20454545454545453,TRUE,2,Strong,South,6.698970004336019,3,65,2.2222222222222223,Night
93,1953,4,23,1953-04-23,15:31:00,America/Chicago,1953-04-23T21:31:00Z,OK,40,2,4,1,50000,35.37,-96.08,0,0,1.5,300,1,1,111,0,0,0,FALSE,5,TRUE,0.2556818181818182,TRUE,2,Strong,South,4.698970004336019,2,5,1.150943396226415,Evening
790,1999,1,22,1999-01-22,03:20:00,America/Chicago,1999-01-22T09:20:00Z,TN,47,3,5,1,1000000,36.05,-88.17,36.23,-88,15,220,1,1,5,0,0,0,FALSE,6,TRUE,1.875,TRUE,1,Strong,South,6,3,12,1.4782608695652173,Morning
240,1975,4,24,1975-04-24,18:40:00,America/Chicago,1975-04-24T23:40:00Z,MO,29,4,22,3,50000000,36.83,-94.58,36.87,-94.37,11.9,500,1,1,145,0,0,0,FALSE,25,TRUE,3.380681818181819,TRUE,2,Violent,Midwest,7.698970004336019,4,5,1.7777777777777777,Evening
362592,2012,2,29,2012-02-29,15:46:00,America/Chicago,2012-02-29T21:46:00Z,TN,47,1,0,1,700000,35.9724,-85.8529,36.017,-85.5933,14.84,200,1,1,41,185,0,0,FALSE,1,TRUE,1.6863636363636363,TRUE,1,Weak,South,5.845098040014257,1,3,0.8214285714285714,Evening
410,1953,12,3,1953-12-03,01:00:00,America/Chicago,1953-12-03T07:00:00Z,LA,22,4,50,9,5000000,31.07,-93.05,31.82,-92.32,85.5,300,1,1,115,79,43,59,FALSE,59,TRUE,14.573863636363635,TRUE,1,Violent,South,6.698970004336019,4,13,1.894736842105263,Morning
1072,2004,5,29,2004-05-29,21:30:00,America/Chicago,2004-05-30T02:30:00Z,MO,29,4,6,3,300000,39.88,-94.25,40.22,-94.03,22,800,1,1,63,61,81,0,FALSE,9,TRUE,10,TRUE,2,Violent,Midwest,5.477121254719663,4,7,0.5352112676056338,Night
6,1997,1,4,1997-01-04,22:55:00,America/Chicago,1997-01-05T04:55:00Z,KY,21,1,2,1,50000,36.68,-85.15,36.68,-85.15,0.3,100,1,1,53,0,0,0,FALSE,3,TRUE,0.017045454545454544,TRUE,1,Weak,South,4.698970004336019,1,3,0.8421052631578947,Night
154,1972,4,19,1972-04-19,17:00:00,America/Chicago,1972-04-19T23:00:00Z,OK,40,4,6,5,50000,34.38,-97.55,34.55,-97.18,28.2,10,1,1,19,99,49,0,FALSE,11,TRUE,0.16022727272727272,TRUE,2,Violent,South,4.698970004336019,4,5,1.2666666666666666,Evening
349,1967,5,31,1967-05-31,12:00:00,America/Chicago,1967-05-31T17:00:00Z,TN,47,1,1,1,50000,35.23,-89.65,0,0,0.1,10,1,1,167,0,0,0,FALSE,2,TRUE,5.681818181818183e-4,TRUE,2,Weak,South,4.698970004336019,1,2,1.3333333333333333,Afternoon
224,2008,2,26,2008-02-26,03:42:00,America/Chicago,2008-02-26T09:42:00Z,AL,1,1,0,1,1000000,33.55,-86.57,33.54,-86.52,2.8,500,1,1,73,0,0,0,FALSE,1,TRUE,0.7954545454545455,TRUE,1,Weak,South,6,1,6,0.8494623655913979,Morning
847,1957,12,19,1957-12-19,12:44:00,America/Chicago,1957-12-19T18:44:00Z,AR,5,4,9,2,50000,33.35,-93.25,33.52,-93.02,17.7,10,1,1,27,103,0,0,FALSE,11,TRUE,0.10056818181818182,TRUE,1,Violent,South,4.698970004336019,4,3,1.962962962962963,Evening
425,2002,12,17,2002-12-17,23:05:00,America/Chicago,2002-12-18T05:05:00Z,MO,29,2,17,2,500000,37.08,-93.78,37.13,-93.7,4,100,1,1,109,0,0,0,FALSE,19,TRUE,0.22727272727272727,TRUE,1,Strong,Midwest,5.698970004336019,2,4,0.7857142857142857,Night
710,1967,9,20,1967-09-20,05:00:00,America/Chicago,1967-09-20T10:00:00Z,TX,48,3,7,4,50000,28.7,-96.22,0,0,1,100,1,1,321,0,0,0,FALSE,11,TRUE,0.056818181818181816,TRUE,4,Strong,South,4.698970004336019,3,5,0.853448275862069,Morning
461,1988,8,28,1988-08-28,13:15:00,America/Chicago,1988-08-28T18:15:00Z,SC,45,2,1,1,5000000,33.67,-80.27,0,0,0.8,200,1,1,27,0,0,0,FALSE,2,TRUE,0.09090909090909091,TRUE,3,Strong,South,6.698970004336019,2,1,1,Evening
419,1973,5,26,1973-05-26,12:00:00,America/Chicago,1973-05-26T17:00:00Z,FL,12,2,4,1,50000,30.6,-87.3,30.9,-86.1,105.4,20,1,1,33,113,91,131,FALSE,5,TRUE,1.1977272727272728,TRUE,2,Strong,South,4.698970004336019,2,1,0.8888888888888888,Afternoon
161,1974,4,3,1974-04-03,16:40:00,America/Chicago,1974-04-03T21:40:00Z,GA,13,4,67,9,5000000,34.5,-85.05,34.8,-84.7,29.5,200,1,1,129,313,213,0,FALSE,76,TRUE,3.352272727272727,TRUE,2,Violent,South,6.698970004336019,4,23,1.4137931034482758,Evening
451505,2013,5,19,2013-05-19,17:00:00,America/Chicago,2013-05-19T22:00:00Z,OK,40,4,10,2,5000000,35.2531,-97.3001,35.423,-96.981,23,1500,1,1,27,125,0,0,FALSE,12,TRUE,19.602272727272727,TRUE,2,Violent,South,6.698970004336019,4,34,0.7439024390243902,Evening
1270,2010,12,31,2010-12-31,11:48:00,America/Chicago,2010-12-31T17:48:00Z,MO,29,3,6,1,1000000,38.4918,-90.4706,38.5614,-90.386,6.65,440,1,1,99,189,0,0,FALSE,7,TRUE,1.6625,TRUE,1,Strong,Midwest,6,3,5,0.532258064516129,Afternoon
621966,2022,11,4,2022-11-04,16:46:00,America/Chicago,2022-11-04T21:46:00Z,OK,40,2,1,1,300000,34.3908,-94.9909,34.4237,-94.9612,2.83,800,1,1,89,0,0,0,FALSE,2,TRUE,1.2863636363636364,TRUE,4,Strong,South,5.477121254719663,2,1,0.7407407407407407,Evening
199,1963,5,26,1963-05-26,15:45:00,America/Chicago,1963-05-26T20:45:00Z,OK,40,3,4,1,5000,35.73,-97.43,35.55,-96.9,34.3,10,1,1,83,109,81,0,FALSE,5,TRUE,0.19488636363636364,TRUE,2,Strong,South,3.6989700043360187,3,1,1.4666666666666666,Evening
77,1992,3,10,1992-03-10,00:57:00,America/Chicago,1992-03-10T06:57:00Z,MS,28,3,57,3,5000000,32.25,-88.78,32.3,-88.45,20,1760,1,1,75,0,0,0,FALSE,60,TRUE,20,TRUE,2,Strong,South,6.698970004336019,3,18,0.7962962962962963,Morning
71,1986,3,12,1986-03-12,14:15:00,America/Chicago,1986-03-12T20:15:00Z,AL,1,3,0,2,5000000,33.18,-88.2,33.38,-88.2,16,700,1,1,107,0,0,0,FALSE,2,TRUE,6.363636363636363,TRUE,2,Strong,South,6.698970004336019,3,2,1.7857142857142858,Evening
412,1980,6,2,1980-06-02,12:00:00,America/Chicago,1980-06-02T17:00:00Z,IN,18,3,16,1,5000000,40.08,-87.07,39.92,-86.8,18.1,10,1,1,107,0,0,0,FALSE,17,TRUE,0.10284090909090911,TRUE,3,Strong,Midwest,6.698970004336019,3,5,1.1714285714285715,Afternoon
171,1977,4,21,1977-04-21,05:15:00,America/Chicago,1977-04-21T11:15:00Z,LA,22,3,11,1,5000000,30.3,-91.95,30.32,-91.9,3.8,440,1,1,99,0,0,0,FALSE,12,TRUE,0.95,TRUE,2,Strong,South,6.698970004336019,3,1,0.9285714285714286,Morning
274,2010,5,10,2010-05-10,16:32:00,America/Chicago,2010-05-10T21:32:00Z,OK,40,4,32,1,5000000,35.1808,-97.4273,35.255,-97.049,22.25,880,1,1,27,125,0,0,FALSE,33,TRUE,11.125,TRUE,2,Violent,South,6.698970004336019,4,7,0.8333333333333334,Evening
1063,2006,12,1,2006-12-01,15:14:00,America/Chicago,2006-12-01T21:14:00Z,PA,42,1,0,1,2000000,40.45,-76.93,40.46,-76.9,1.5,75,1,1,43,0,0,0,FALSE,1,TRUE,0.06392045454545454,TRUE,1,Weak,Northeast,6.301029995663981,1,1,0.875,Evening
1068,1994,11,27,1994-11-27,15:15:00,America/Chicago,1994-11-27T21:15:00Z,TN,47,3,25,3,50000000,35.07,-89.83,35.32,-89.65,16,200,1,1,157,47,0,0,FALSE,28,TRUE,1.8181818181818181,TRUE,4,Strong,South,7.698970004336019,3,5,0.8928571428571429,Evening
1006,1973,11,24,1973-11-24,04:45:00,America/Chicago,1973-11-24T10:45:00Z,MO,29,2,1,3,500000,37.15,-91.35,0,0,1,60,1,1,203,0,0,0,FALSE,4,TRUE,0.03409090909090909,TRUE,4,Strong,Midwest,5.698970004336019,2,8,1.518987341772152,Morning
286,1969,6,22,1969-06-22,01:00:00,America/Chicago,1969-06-22T06:00:00Z,NE,31,2,0,1,50000,40.25,-99.65,40.28,-99.57,4.1,10,1,1,65,0,0,0,FALSE,1,TRUE,0.023295454545454543,TRUE,3,Strong,Midwest,4.698970004336019,2,1,0.85,Morning
580,2008,5,2,2008-05-02,07:15:00,America/Chicago,2008-05-02T12:15:00Z,AR,5,3,24,5,47000000,35.31,-92.6,35.7,-91.96,45.3,1600,1,1,29,141,23,0,FALSE,29,TRUE,41.18181818181818,TRUE,2,Strong,South,7.672097857935717,3,21,0.9625,Afternoon
509,1990,6,1,1990-06-01,16:20:00,America/Chicago,1990-06-01T21:20:00Z,TX,48,4,21,2,50000000,31.08,-102.35,30.85,-101.95,22,1233,1,1,371,0,0,0,FALSE,23,TRUE,15.4125,TRUE,3,Violent,South,7.698970004336019,4,2,1.0632911392405062,Evening
208,1974,4,3,1974-04-03,19:20:00,America/Chicago,1974-04-04T00:20:00Z,GA,13,4,26,4,50000000,34.95,-84.3,35.15,-83.95,24,400,2,0,0,0,0,0,FALSE,30,TRUE,5.454545454545454,TRUE,2,Violent,South,7.698970004336019,4,23,1.4137931034482758,Night
1024,1973,11,24,1973-11-24,22:25:00,America/Chicago,1973-11-25T04:25:00Z,MO,29,2,6,2,500000,36.43,-89.98,36.9,-89.13,57.3,10,1,1,69,143,133,0,FALSE,8,TRUE,0.3255681818181818,TRUE,4,Strong,Midwest,5.698970004336019,2,8,1.518987341772152,Night
64,1971,2,21,1971-02-21,14:50:00,America/Chicago,1971-02-21T20:50:00Z,LA,22,5,510,47,50000000,32.38,-91.47,33.63,-90.35,109.2,500,2,0,0,0,0,0,FALSE,557,TRUE,31.022727272727277,TRUE,1,Violent,South,7.698970004336019,5,48,1.75,Evening
869,1984,10,31,1984-10-31,18:23:00,America/Chicago,1984-11-01T00:23:00Z,KS,20,1,0,1,500000,38.83,-95.63,0,0,1,100,1,1,139,0,0,0,FALSE,1,TRUE,0.056818181818181816,TRUE,4,Weak,Midwest,5.698970004336019,1,1,0.4444444444444444,Night
568,1971,6,24,1971-06-24,18:00:00,America/Chicago,1971-06-24T23:00:00Z,IA,19,3,0,1,500000,43.07,-91.82,0,0,0.1,200,1,1,65,0,0,0,FALSE,1,TRUE,0.011363636363636364,TRUE,3,Strong,Midwest,5.698970004336019,3,1,1.878787878787879,Evening
179,2008,2,12,2008-02-12,13:45:00,America/Chicago,2008-02-12T19:45:00Z,LA,22,1,0,1,25000,30.62,-90.5,30.62,-90.49,0.77,20,1,1,105,0,0,0,FALSE,1,TRUE,0.00875,TRUE,1,Weak,South,4.3979400086720375,1,3,0.3924050632911392,Evening
10,1986,2,5,1986-02-05,16:30:00,America/Chicago,1986-02-05T22:30:00Z,TX,48,3,0,2,50000000,30.03,-95.55,29.98,-95.48,5,70,1,1,201,0,0,0,FALSE,2,TRUE,0.19886363636363635,TRUE,1,Strong,South,7.698970004336019,3,3,0.3409090909090909,Evening
455,1992,6,16,1992-06-16,16:00:00,America/Chicago,1992-06-16T21:00:00Z,MN,27,5,35,1,50000000,43.8,-96.02,44,-95.85,16,280,1,1,105,101,0,0,FALSE,36,TRUE,2.5454545454545454,TRUE,3,Violent,Midwest,7.698970004336019,5,1,1.6153846153846154,Evening
257,1975,4,29,1975-04-29,14:35:00,America/Chicago,1975-04-29T19:35:00Z,TX,48,3,5,3,500000,29.07,-99.18,29.07,-99.05,8.3,500,1,1,325,0,0,0,FALSE,8,TRUE,2.357954545454546,TRUE,2,Strong,South,5.698970004336019,3,10,0.5982905982905983,Evening
1118,1990,12,21,1990-12-21,15:30:00,America/Chicago,1990-12-21T21:30:00Z,MS,28,1,0,1,500000,33.13,-90.5,33.22,-90.45,5,200,1,1,53,0,0,0,FALSE,1,TRUE,0.5681818181818181,TRUE,1,Weak,South,5.698970004336019,1,3,1.1304347826086956,Evening
25,1987,2,28,1987-02-28,09:05:00,America/Chicago,1987-02-28T15:05:00Z,MS,28,4,350,6,50000000,31.5,-89.25,31.85,-88.85,35,1230,1,1,67,153,23,0,FALSE,356,TRUE,24.460227272727273,TRUE,1,Violent,South,7.698970004336019,4,6,1.1428571428571428,Afternoon
816,1979,10,22,1979-10-22,07:40:00,America/Chicago,1979-10-22T12:40:00Z,AR,5,1,2,1,50000,33.27,-91.2,0,0,1.5,77,1,1,17,0,0,0,FALSE,3,TRUE,0.06562499999999999,TRUE,4,Weak,South,4.698970004336019,1,1,1.0731707317073171,Afternoon
619633,2021,1,25,2021-01-25,22:40:00,America/Chicago,2021-01-26T04:40:00Z,AL,1,3,30,1,500000,33.5965,-86.8256,33.6598,-86.6678,10.4,900,1,1,73,0,0,0,FALSE,31,TRUE,5.318181818181818,TRUE,1,Strong,South,5.698970004336019,3,7,0.8461538461538461,Night
549,2010,6,5,2010-06-05,20:12:00,America/Chicago,2010-06-06T01:12:00Z,IL,17,2,13,1,3000000,41.0876,-88.5213,41.0867,-88.4068,5.96,300,1,1,105,0,0,0,FALSE,14,TRUE,1.0159090909090909,TRUE,3,Strong,Midwest,6.477121254719663,2,1,0.7083333333333334,Night
66,1951,5,18,1951-05-18,15:45:00,America/Chicago,1951-05-18T20:45:00Z,TX,48,4,100,2,5000000,33.42,-98.75,0,0,2,200,1,1,503,0,0,0,FALSE,102,TRUE,0.22727272727272727,TRUE,2,Violent,South,6.698970004336019,4,3,1.5333333333333334,Evening
115,1957,4,5,1957-04-05,03:00:00,America/Chicago,1957-04-05T09:00:00Z,GA,13,2,5,2,500000,32.2,-84.35,32.83,-83.33,75,400,1,1,249,193,225,153,FALSE,7,TRUE,17.045454545454543,TRUE,2,Strong,South,5.698970004336019,2,3,1.1666666666666667,Morning
154,1998,4,16,1998-04-16,22:20:00,America/Chicago,1998-04-17T03:20:00Z,TN,47,1,0,1,750000,35.17,-85,35.27,-84.77,11.5,50,1,1,11,0,0,0,FALSE,1,TRUE,0.32670454545454547,TRUE,2,Weak,South,5.8750612633917,1,7,1.5625,Night
259,1966,6,8,1966-06-08,20:00:00,America/Chicago,1966-06-09T01:00:00Z,KS,20,4,2,1,500000,39.17,-95.18,39.27,-94.83,19.9,200,1,1,103,0,0,0,FALSE,3,TRUE,2.2613636363636362,TRUE,3,Violent,Midwest,5.698970004336019,4,17,1.1142857142857143,Night
627,1974,6,18,1974-06-18,21:35:00,America/Chicago,1974-06-19T02:35:00Z,IA,19,4,50,2,50000000,41.73,-93.62,41.52,-93.53,15.3,400,1,1,153,0,0,0,FALSE,52,TRUE,3.4772727272727275,TRUE,3,Violent,Midwest,7.698970004336019,4,3,1.5185185185185186,Night
503591,2014,4,27,2014-04-27,14:20:00,America/Chicago,2014-04-27T19:20:00Z,IA,19,1,0,2,25000,41.1325,-92.3117,41.6601,-91.7825,45.68,1600,1,1,179,107,95,103,FALSE,2,TRUE,41.527272727272724,TRUE,2,Weak,Midwest,4.3979400086720375,1,2,0.4909090909090909,Evening
638,1982,6,13,1982-06-13,14:10:00,America/Chicago,1982-06-13T19:10:00Z,NC,37,1,0,1,50000,35.83,-78.32,0,0,0.3,13,1,1,183,0,0,0,FALSE,1,TRUE,0.002215909090909091,TRUE,3,Weak,South,4.698970004336019,1,1,1.1666666666666667,Evening
552175,2014,12,23,2014-12-23,14:20:00,America/Chicago,2014-12-23T20:20:00Z,MS,28,3,50,3,25000000,31.2273,-89.8331,31.3248,-89.6546,12.51,880,1,1,91,0,0,0,FALSE,53,TRUE,6.255,TRUE,1,Strong,South,7.3979400086720375,3,16,1.175,Evening
80,1963,4,17,1963-04-17,18:13:00,America/Chicago,1963-04-18T00:13:00Z,MI,26,1,0,1,50000,42,-85,0,0,1,10,1,1,23,0,0,0,FALSE,1,TRUE,0.005681818181818182,TRUE,2,Weak,Midwest,4.698970004336019,1,1,1.8,Night
1495,2004,9,27,2004-09-27,19:08:00,America/Chicago,2004-09-28T00:08:00Z,SC,45,2,13,1,315000,34.33,-80.97,34.37,-80.98,2,220,1,1,39,0,0,0,FALSE,14,TRUE,0.25,TRUE,4,Strong,South,5.498310553789601,2,1,0.5411764705882353,Night
245,1974,4,4,1974-04-04,03:00:00,America/Chicago,1974-04-04T08:00:00Z,VA,51,3,4,1,500000,36.85,-81.92,36.88,-81.77,8.4,177,1,1,191,173,0,0,FALSE,5,TRUE,0.8447727272727273,TRUE,2,Strong,South,5.698970004336019,3,1,1.2222222222222223,Morning
51,1986,3,10,1986-03-10,17:45:00,America/Chicago,1986-03-10T23:45:00Z,OH,39,2,3,1,500000,39.97,-81.83,40,-81.73,5,100,1,1,119,0,0,0,FALSE,4,TRUE,0.28409090909090906,TRUE,2,Strong,Midwest,5.698970004336019,2,3,1.3181818181818181,Evening
165,1972,4,21,1972-04-21,17:20:00,America/Chicago,1972-04-21T23:20:00Z,IL,17,3,0,3,50000,37.55,-88.53,0,0,0.3,60,1,1,151,0,0,0,FALSE,3,TRUE,0.010227272727272725,TRUE,2,Strong,Midwest,4.698970004336019,3,5,1.3,Evening
210,2007,3,28,2007-03-28,19:54:00,America/Chicago,2007-03-29T00:54:00Z,CO,8,3,9,2,4010000,38.02,-102.12,38.41,-102.08,28,900,1,1,99,61,0,0,FALSE,11,TRUE,14.318181818181818,TRUE,2,Strong,West,6.603144372620182,3,2,0.12727272727272726,Night
816,1989,11,15,1989-11-15,16:30:00,America/Chicago,1989-11-15T22:30:00Z,AL,1,4,463,21,500000000,34.65,-86.65,34.78,-86.37,18.5,880,1,1,89,0,0,0,FALSE,484,TRUE,9.25,TRUE,4,Violent,South,8.698970004336019,4,22,1.0434782608695652,Evening
1009,1998,5,30,1998-05-30,19:26:00,America/Chicago,1998-05-31T00:26:00Z,SD,46,4,150,6,18000000,43.75,-97.68,43.7,-97.43,14,1150,1,1,61,87,0,0,FALSE,156,TRUE,9.147727272727273,TRUE,2,Violent,Midwest,7.2552725051033065,4,6,0.5517241379310345,Night
323,1971,5,23,1971-05-23,17:45:00,America/Chicago,1971-05-23T22:45:00Z,TX,48,3,49,1,500000,31.93,-97.32,31.95,-97.2,7.1,33,1,1,217,0,0,0,FALSE,50,TRUE,0.133125,TRUE,2,Strong,South,5.698970004336019,3,2,1.4293193717277486,Evening
618509,2019,12,16,2019-12-16,17:08:00,America/Chicago,2019-12-16T23:08:00Z,AL,1,2,0,2,315000,34.6445,-87.4126,34.7739,-87.1283,18.46,370,1,1,79,83,0,0,FALSE,2,TRUE,3.880795454545455,TRUE,1,Strong,South,5.498310553789601,2,25,0.65,Evening
156,1953,5,10,1953-05-10,17:00:00,America/Chicago,1953-05-10T22:00:00Z,MN,27,2,3,6,5000,43.75,-93.2,43.8,-93.07,6.9,67,1,1,47,0,0,0,FALSE,9,TRUE,0.26267045454545457,TRUE,2,Strong,Midwest,3.6989700043360187,2,7,1.2857142857142858,Evening
479,1969,8,6,1969-08-06,16:50:00,America/Chicago,1969-08-06T21:50:00Z,MN,27,3,3,1,500000,46.9,-93.45,46.93,-93.18,12.5,1500,1,1,1,0,0,0,FALSE,4,TRUE,10.653409090909092,TRUE,3,Strong,Midwest,5.698970004336019,3,15,1.5384615384615385,Evening
45,1959,3,14,1959-03-14,20:30:00,America/Chicago,1959-03-15T02:30:00Z,AR,5,2,7,1,500000,34.57,-92.82,34.73,-92.78,11.9,417,1,1,51,125,0,0,FALSE,8,TRUE,2.8194886363636367,TRUE,2,Strong,South,5.698970004336019,2,3,1.6666666666666667,Night
332,1957,5,15,1957-05-15,21:00:00,America/Chicago,1957-05-16T02:00:00Z,TX,48,0,0,1,10000,34.27,-101.38,34.32,-101.42,4.1,100,1,1,153,0,0,0,FALSE,1,TRUE,0.23295454545454541,TRUE,2,Weak,South,4,0,38,1.4137931034482758,Night
628,1967,7,22,1967-07-22,19:05:00,America/Chicago,1967-07-23T00:05:00Z,MN,27,2,12,1,5000000,45.47,-94.18,45.43,-93.83,16.4,200,1,1,145,141,0,0,FALSE,13,TRUE,1.8636363636363633,TRUE,3,Strong,Midwest,6.698970004336019,2,14,1.0384615384615385,Night
226,2006,4,2,2006-04-02,16:15:00,America/Chicago,2006-04-02T21:15:00Z,IL,17,2,11,1,315000,38.57,-90,38.6,-89.95,7,100,1,1,163,0,0,0,FALSE,12,TRUE,0.3977272727272727,TRUE,2,Strong,Midwest,5.498310553789601,2,1,0.5126050420168067,Evening
112,1964,4,17,1964-04-17,13:30:00,America/Chicago,1964-04-17T19:30:00Z,TX,48,2,2,1,5000,29.92,-95.38,29.7,-95.12,21.9,27,1,1,201,0,0,0,FALSE,3,TRUE,0.33596590909090907,TRUE,2,Strong,South,3.6989700043360187,2,8,1.025974025974026,Evening
115,1974,4,3,1974-04-03,13:20:00,America/Chicago,1974-04-03T18:20:00Z,IN,18,5,86,6,500000000,38.07,-86.75,38.63,-85.7,68,10,1,1,123,25,61,175,FALSE,92,TRUE,0.38636363636363635,TRUE,2,Violent,Midwest,8.698970004336019,5,50,2.5172413793103448,Evening
544,2004,9,15,2004-09-15,14:40:00,America/Chicago,2004-09-15T19:40:00Z,FL,12,1,7,1,5000000,30.1,-85.75,30.17,-85.73,5,200,1,1,5,0,0,0,FALSE,8,TRUE,0.5681818181818181,TRUE,4,Weak,South,6.698970004336019,1,6,0.3173076923076923,Evening
242,1961,5,4,1961-05-04,17:40:00,America/Chicago,1961-05-04T22:40:00Z,OK,40,3,0,1,50000,35.63,-98.35,35.7,-98.2,9.5,10,1,1,11,0,0,0,FALSE,1,TRUE,0.05397727272727273,TRUE,2,Strong,South,4.698970004336019,3,17,1.382716049382716,Evening
614,1968,11,17,1968-11-17,12:45:00,America/Chicago,1968-11-17T18:45:00Z,AL,1,3,24,1,5000000,32.9,-86.75,32.87,-86.22,32.3,400,1,1,21,37,0,0,FALSE,25,TRUE,7.34090909090909,TRUE,4,Strong,South,6.698970004336019,3,1,1.8,Evening
326,1954,6,9,1954-06-09,22:00:00,America/Chicago,1954-06-10T03:00:00Z,IA,19,4,0,1,500000,42.28,-94.72,42.38,-94.57,9.9,440,1,1,25,0,0,0,FALSE,1,TRUE,2.475,TRUE,3,Violent,Midwest,5.698970004336019,4,1,2.1176470588235294,Night
117,1972,4,6,1972-04-06,20:10:00,America/Chicago,1972-04-07T02:10:00Z,IL,17,2,22,1,500000,41.53,-88.2,41.57,-88.07,6.8,50,1,1,197,0,0,0,FALSE,23,TRUE,0.19318181818181818,TRUE,2,Strong,Midwest,5.698970004336019,2,5,1.3,Night
127,1974,4,3,1974-04-03,14:20:00,America/Chicago,1974-04-03T19:20:00Z,KY,21,5,270,31,5000000,37.73,-86.53,38.05,-86.1,32,440,2,0,0,0,0,0,FALSE,301,TRUE,8,TRUE,2,Violent,South,6.698970004336019,5,72,2.7419354838709675,Evening
379,1963,8,3,1963-08-03,20:50:00,America/Chicago,1963-08-04T01:50:00Z,PA,42,3,70,2,50000000,40.32,-79.88,0,0,0.1,10,1,1,3,0,0,0,FALSE,72,TRUE,5.681818181818183e-4,TRUE,3,Strong,Northeast,7.698970004336019,3,2,2.25,Night
23,1955,3,13,1955-03-13,21:00:00,America/Chicago,1955-03-14T03:00:00Z,SC,45,2,10,2,500000,33.85,-81.67,33.88,-81.5,9.9,133,1,1,81,0,0,0,FALSE,12,TRUE,0.7481249999999999,TRUE,2,Strong,South,5.698970004336019,2,2,1.1428571428571428,Night
397,1959,6,26,1959-06-26,16:00:00,America/Chicago,1959-06-26T21:00:00Z,WY,56,2,1,1,5000,44.5,-107.55,44.63,-107.5,9.2,333,1,1,3,0,0,0,FALSE,2,TRUE,1.740681818181818,TRUE,3,Strong,West,3.6989700043360187,2,1,2,Evening
443090,2013,5,15,2013-05-15,18:58:00,America/Chicago,2013-05-15T23:58:00Z,TX,48,4,54,6,143000000,32.412,-97.754,32.438,-97.7243,2.5,400,1,1,221,0,0,0,FALSE,60,TRUE,0.5681818181818181,TRUE,2,Violent,South,8.155336037465062,4,7,0.34523809523809523,Evening
931,2002,11,10,2002-11-10,16:15:00,America/Chicago,2002-11-10T22:15:00Z,OH,39,3,2,1,12800000,41.1,-83.17,41.23,-82.9,21,100,1,1,147,0,0,0,FALSE,3,TRUE,1.1931818181818181,TRUE,4,Strong,Midwest,7.107209969647869,3,5,1.375,Evening
178,2007,3,28,2007-03-28,18:16:00,America/Chicago,2007-03-28T23:16:00Z,TX,48,2,0,2,102000,36.45,-100.44,36.62,-100.39,22,150,2,0,0,0,0,0,FALSE,2,TRUE,1.8749999999999998,TRUE,2,Strong,South,5.008600171761918,2,11,0.41919191919191917,Evening
308,1954,6,1,1954-06-01,19:30:00,America/Chicago,1954-06-02T00:30:00Z,TX,48,3,14,1,5000000,34.02,-100.3,33.87,-100.15,13.4,267,1,1,101,0,0,0,FALSE,15,TRUE,2.032840909090909,TRUE,3,Strong,South,6.698970004336019,3,3,1.3246753246753247,Night
50,1985,4,5,1985-04-05,04:58:00,America/Chicago,1985-04-05T10:58:00Z,IL,17,2,3,1,500000,38.22,-89.7,0,0,1.8,50,1,1,157,0,0,0,FALSE,4,TRUE,0.05113636363636363,TRUE,2,Strong,Midwest,5.698970004336019,2,1,0.8,Morning
880,2002,10,24,2002-10-24,13:19:00,America/Chicago,2002-10-24T18:19:00Z,TX,48,2,20,1,75000000,27.73,-97.62,27.78,-97.42,2.5,200,1,1,355,0,0,0,FALSE,21,TRUE,0.28409090909090906,TRUE,4,Strong,South,7.8750612633917,2,3,0.28160919540229884,Evening
1075,1999,5,11,1999-05-11,17:05:00,America/Chicago,1999-05-11T22:05:00Z,TX,48,4,6,1,750000,30.68,-99.1,30.65,-99,7,1400,1,1,319,0,0,0,FALSE,7,TRUE,5.568181818181818,TRUE,2,Violent,South,5.8750612633917,4,6,0.47878787878787876,Evening
177,1991,3,29,1991-03-29,05:30:00,America/Chicago,1991-03-29T11:30:00Z,AL,1,1,13,5,500000,33.53,-85.95,0,0,1,73,1,1,121,0,0,0,FALSE,18,TRUE,0.04147727272727273,TRUE,2,Weak,South,5.698970004336019,1,5,0.5,Morning
241,1983,5,2,1983-05-02,19:15:00,America/Chicago,1983-05-03T00:15:00Z,NY,36,3,0,1,5000000,43.17,-76.62,43.2,-76.17,20,200,1,1,11,67,0,0,FALSE,1,TRUE,2.2727272727272725,TRUE,2,Strong,Northeast,6.698970004336019,3,3,2.375,Night
634,2004,11,23,2004-11-23,20:05:00,America/Chicago,2004-11-24T02:05:00Z,LA,22,3,20,1,5800000,31.88,-92.25,32.03,-92,15,300,1,1,59,21,0,0,FALSE,21,TRUE,2.5568181818181817,TRUE,4,Strong,South,6.763427993562937,3,1,0.6785714285714286,Night
406,1956,8,5,1956-08-05,00:01:00,America/Chicago,1956-08-05T05:01:00Z,OH,39,3,0,2,500000,41.15,-80.7,41.12,-80.67,0.1,10,1,1,155,99,0,0,FALSE,2,TRUE,5.681818181818183e-4,TRUE,3,Strong,Midwest,5.698970004336019,3,2,1.6666666666666667,Night
185,1983,4,29,1983-04-29,20:23:00,America/Chicago,1983-04-30T01:23:00Z,MO,29,3,19,1,50000000,37.2,-93.45,37.25,-93.37,5.5,100,1,1,77,0,0,0,FALSE,20,TRUE,0.3125,TRUE,2,Strong,Midwest,7.698970004336019,3,1,1.0909090909090908,Night
201,1953,5,29,1953-05-29,17:00:00,America/Chicago,1953-05-29T22:00:00Z,ND,38,5,20,2,500000,46.45,-100.67,46.63,-100.47,14.8,600,1,1,59,29,0,0,FALSE,22,TRUE,5.045454545454545,TRUE,2,Violent,Midwest,5.698970004336019,5,2,1.7777777777777777,Evening
83,1951,5,24,1951-05-24,17:00:00,America/Chicago,1951-05-24T22:00:00Z,TX,48,1,0,1,5000,33.37,-99.9,0,0,0.5,20,1,1,207,0,0,0,FALSE,1,TRUE,0.005681818181818182,TRUE,2,Weak,South,3.6989700043360187,1,3,1.5333333333333334,Evening
235,1951,9,26,1951-09-26,21:00:00,America/Chicago,1951-09-27T02:00:00Z,MI,26,2,3,1,315000,43.78,-85.87,43.78,-85.8,2.3,440,1,1,123,0,0,0,FALSE,4,TRUE,0.575,TRUE,4,Strong,Midwest,5.498310553789601,2,1,1.5,Night
292185,2011,3,5,2011-03-05,09:51:00,America/Chicago,2011-03-05T15:51:00Z,LA,22,2,11,1,15000000,30.219,-92.3142,30.2901,-92.2308,6.99,250,1,1,1,0,0,0,FALSE,12,TRUE,0.9928977272727274,TRUE,2,Strong,South,7.176091259055681,2,1,0.7192982456140351,Afternoon
232,1967,4,30,1967-04-30,18:23:00,America/Chicago,1967-04-30T23:23:00Z,MN,27,4,35,5,50000000,43.57,-93.43,44.1,-93.22,38.7,100,1,1,47,147,0,0,FALSE,40,TRUE,2.1988636363636362,TRUE,2,Violent,Midwest,7.698970004336019,4,14,1.0384615384615385,Evening
1250,1998,9,3,1998-09-03,06:28:00,America/Chicago,1998-09-03T11:28:00Z,SC,45,2,4,1,360000,32.35,-80.43,32.52,-80.45,18,80,1,1,13,29,0,0,FALSE,5,TRUE,0.8181818181818182,TRUE,4,Strong,South,5.556302500767287,2,3,0.6428571428571429,Morning
718,1997,5,27,1997-05-27,14:40:00,America/Chicago,1997-05-27T19:40:00Z,TX,48,5,12,27,40000000,30.82,-97.62,30.77,-97.67,5.1,650,1,1,491,0,0,0,FALSE,39,TRUE,1.883522727272727,TRUE,2,Violent,South,7.6020599913279625,5,29,0.43455497382198954,Evening
373,1979,6,19,1979-06-19,18:10:00,America/Chicago,1979-06-19T23:10:00Z,SD,46,1,0,1,5000000,45.35,-96.73,0,0,0.1,10,1,1,109,0,0,0,FALSE,1,TRUE,5.681818181818183e-4,TRUE,3,Weak,Midwest,6.698970004336019,1,1,0.6875,Evening
886,1982,9,3,1982-09-03,15:30:00,America/Chicago,1982-09-03T20:30:00Z,TX,48,1,2,1,500000,30,-95.25,0,0,1,200,1,1,201,0,0,0,FALSE,3,TRUE,0.11363636363636363,TRUE,4,Weak,South,5.698970004336019,1,14,0.8514851485148515,Evening
508,1965,6,4,1965-06-04,21:00:00,America/Chicago,1965-06-05T02:00:00Z,TX,48,3,1,1,50000,35.32,-100.15,35.32,-100.03,6.8,50,1,1,483,0,0,0,FALSE,2,TRUE,0.19318181818181818,TRUE,3,Strong,South,4.698970004336019,3,6,1.3703703703703705,Night
873,1971,12,14,1971-12-14,23:10:00,America/Chicago,1971-12-15T05:10:00Z,MO,29,2,22,1,5000000,37.03,-93.57,37.63,-93.1,48.3,200,1,1,43,77,167,59,FALSE,23,TRUE,5.488636363636363,TRUE,1,Strong,Midwest,6.698970004336019,2,3,1.2758620689655173,Night
82,1961,3,12,1961-03-12,17:40:00,America/Chicago,1961-03-12T23:40:00Z,AR,5,2,18,1,500000,35.45,-93.75,35.63,-93.37,28.8,17,1,1,47,71,0,0,FALSE,19,TRUE,0.2781818181818182,TRUE,2,Strong,South,5.698970004336019,2,7,1.6944444444444444,Evening
189,1965,4,15,1965-04-15,16:13:00,America/Chicago,1965-04-15T22:13:00Z,TN,47,3,0,1,500000,35.87,-85.08,35.87,-84.97,6.5,200,1,1,35,0,0,0,FALSE,1,TRUE,0.7386363636363636,TRUE,2,Strong,South,5.698970004336019,3,1,1.6666666666666667,Evening
27,1952,2,13,1952-02-13,22:30:00,America/Chicago,1952-02-14T04:30:00Z,TN,47,4,44,3,500000,35.2,-86.3,35.22,-86.08,12.7,100,1,1,127,51,0,0,FALSE,47,TRUE,0.7215909090909091,TRUE,1,Violent,South,5.698970004336019,4,68,2.4545454545454546,Night
305437,2011,4,16,2011-04-16,16:45:00,America/Chicago,2011-04-16T21:45:00Z,VA,51,3,24,2,8020000,37.1532,-76.704,37.4636,-76.4241,46.89,800,1,1,181,95,199,73,FALSE,26,TRUE,21.313636363636363,TRUE,2,Strong,South,6.904174368284163,3,6,0.75,Evening
656,1973,6,18,1973-06-18,03:40:00,America/Chicago,1973-06-18T08:40:00Z,IA,19,2,10,2,500000,42.48,-96.07,0,0,2,400,1,1,193,0,0,0,FALSE,12,TRUE,0.45454545454545453,TRUE,3,Strong,Midwest,5.698970004336019,2,2,1.21875,Morning
835,1977,12,5,1977-12-05,12:30:00,America/Chicago,1977-12-05T18:30:00Z,FL,12,2,10,1,500000,29.63,-81.7,29.67,-81.55,9.4,40,1,1,107,0,0,0,FALSE,11,TRUE,0.21363636363636365,TRUE,1,Strong,South,5.698970004336019,2,1,0.2857142857142857,Evening
121,1953,5,1,1953-05-01,20:00:00,America/Chicago,1953-05-02T01:00:00Z,AL,1,4,3,2,50000,32.25,-88.38,0,0,0.1,100,1,1,23,0,0,0,FALSE,5,TRUE,0.005681818181818182,TRUE,2,Violent,South,4.698970004336019,4,18,2.0454545454545454,Night
309824,2011,4,27,2011-04-27,01:37:00,America/Chicago,2011-04-27T06:37:00Z,MS,28,2,5,1,605000,33.5092,-89.2547,33.6384,-89.0735,13.33,1320,1,1,19,155,0,0,FALSE,6,TRUE,9.9975,TRUE,2,Strong,South,5.781755374652469,2,42,1.3404255319148937,Morning
42,2003,3,19,2003-03-19,11:09:00,America/Chicago,2003-03-19T17:09:00Z,TN,47,1,1,1,100000,36.1,-85.58,36.28,-85.45,12.2,440,1,1,141,0,0,0,FALSE,2,TRUE,3.05,TRUE,2,Weak,South,5,1,12,1.0444444444444445,Afternoon
227,1955,5,25,1955-05-25,22:00:00,America/Chicago,1955-05-26T03:00:00Z,OK,40,5,273,80,500000,36.88,-97.15,37.45,-96.75,56.4,1320,2,0,0,0,0,0,FALSE,353,TRUE,42.3,TRUE,2,Violent,South,5.698970004336019,5,101,0.9868421052631579,Night
178,1975,3,28,1975-03-28,19:52:00,America/Chicago,1975-03-29T00:52:00Z,AR,5,4,51,7,50000000,33.55,-92.12,33.62,-92.07,5.4,250,1,1,11,0,0,0,FALSE,58,TRUE,0.7670454545454547,TRUE,2,Violent,South,7.698970004336019,4,8,1.5238095238095237,Night
128,1970,4,25,1970-04-25,06:15:00,America/Chicago,1970-04-25T12:15:00Z,TX,48,2,0,1,315000,32.67,-96.33,0,0,0.1,10,1,1,257,0,0,0,FALSE,1,TRUE,5.681818181818183e-4,TRUE,2,Strong,South,5.498310553789601,2,51,1.256198347107438,Afternoon
164,1974,4,3,1974-04-03,16:50:00,America/Chicago,1974-04-03T21:50:00Z,AL,1,2,20,1,5000000,33.55,-85.47,34.17,-84.63,65.9,150,2,0,0,0,0,0,FALSE,21,TRUE,5.6164772727272725,TRUE,2,Strong,South,6.698970004336019,2,80,1.8461538461538463,Evening
405,1953,12,2,1953-12-02,13:35:00,America/Chicago,1953-12-02T19:35:00Z,TX,48,2,5,2,500,30.37,-96.18,0,0,0.1,50,1,1,477,0,0,0,FALSE,7,TRUE,0.002840909090909091,TRUE,1,Strong,South,2.6989700043360187,2,150,1.8125,Evening
617731,2019,5,22,2019-05-22,19:51:00,America/Chicago,2019-05-23T00:51:00Z,MO,29,3,1,3,1015000,37.308,-94.2343,37.4305,-94.0983,11.29,880,1,1,97,11,0,0,FALSE,4,TRUE,5.645,TRUE,2,Strong,Midwest,6.006466042249231,3,3,0.6507936507936508,Night
752,1957,10,15,1957-10-15,22:30:00,America/Chicago,1957-10-16T03:30:00Z,LA,22,3,29,1,500000,30.47,-92.08,30.65,-91.48,37.9,100,1,1,97,77,0,0,FALSE,30,TRUE,2.153409090909091,TRUE,4,Strong,South,5.698970004336019,3,14,1.6,Night
343,1985,5,31,1985-05-31,16:30:00,America/Chicago,1985-05-31T21:30:00Z,OH,39,5,310,18,500000000,41.2,-81.15,41.22,-80.27,47,450,2,0,0,0,0,0,FALSE,328,TRUE,12.017045454545455,TRUE,2,Violent,Midwest,8.698970004336019,5,47,1.8,Evening
463,1954,8,11,1954-08-11,17:27:00,America/Chicago,1954-08-11T22:27:00Z,ME,23,2,1,1,50000,47.02,-68.02,0,0,1,27,1,1,3,0,0,0,FALSE,2,TRUE,0.01534090909090909,TRUE,3,Strong,Northeast,4.698970004336019,2,1,2,Evening
1150,2001,9,24,2001-09-24,15:19:00,America/Chicago,2001-09-24T20:19:00Z,MD,24,3,55,2,101000000,38.93,-76.98,39.23,-76.83,17.5,200,1,1,33,27,0,0,FALSE,57,TRUE,1.9886363636363635,TRUE,4,Strong,South,8.004321373782643,3,2,0.7,Evening
930,1998,4,16,1998-04-16,14:30:00,America/Chicago,1998-04-16T19:30:00Z,TN,47,3,60,1,101000000,36.07,-86.92,36.37,-86.12,42.1,880,1,1,37,189,169,0,FALSE,61,TRUE,21.05,TRUE,2,Strong,South,8.004321373782643,3,7,1.5625,Evening
306267,2011,4,27,2011-04-27,20:30:00,America/Chicago,2011-04-28T01:30:00Z,GA,13,3,1,1,5850000,34.6656,-83.9427,34.9267,-83.379,36.99,900,1,1,187,311,137,241,FALSE,2,TRUE,18.91534090909091,TRUE,2,Strong,South,6.767155866082181,3,26,1.1842105263157894,Night
121,2008,2,5,2008-02-05,19:40:00,America/Chicago,2008-02-06T01:40:00Z,TN,47,4,5,3,17600000,35.27,-88.29,35.38,-88.04,16.17,880,1,1,71,0,0,0,FALSE,8,TRUE,8.085,TRUE,1,Violent,South,7.2455126678141495,4,28,1.2142857142857142,Night
161,2008,2,6,2008-02-06,01:40:00,America/Chicago,2008-02-06T07:40:00Z,KY,21,3,11,4,1280000,36.64,-86.11,36.71,-85.96,9.44,440,1,1,3,171,0,0,FALSE,15,TRUE,2.36,TRUE,1,Strong,South,6.107209969647869,3,7,1.2285714285714286,Morning
307109,2011,4,27,2011-04-27,14:40:00,America/Chicago,2011-04-27T19:40:00Z,AL,1,4,54,13,170344000,33.2506,-88.1814,34.2831,-86.3491,127.8,1408,1,1,107,125,57,125,FALSE,67,TRUE,102.24000000000001,TRUE,2,Violent,South,8.23132684108686,4,237,1.3014705882352942,Evening
621117,2022,3,22,2022-03-22,18:21:00,America/Chicago,2022-03-22T23:21:00Z,LA,22,3,2,1,32500000,29.8849,-90.0535,30.0292,-89.9604,11.47,320,1,1,51,71,87,71,FALSE,3,TRUE,2.0854545454545454,TRUE,2,Strong,South,7.511883360978874,3,4,1.0612244897959184,Evening
731,1997,4,10,1997-04-10,20:35:00,America/Chicago,1997-04-11T01:35:00Z,TX,48,1,1,1,30000,33.48,-101.12,33.48,-101.12,0.2,50,1,1,107,0,0,0,FALSE,2,TRUE,0.005681818181818182,TRUE,2,Weak,South,4.477121254719663,1,29,0.43455497382198954,Night
391,1984,5,8,1984-05-08,16:05:00,America/Chicago,1984-05-08T21:05:00Z,MD,24,1,14,1,5000000,38.57,-75.9,38.72,-75.6,18,150,2,0,0,0,0,0,FALSE,15,TRUE,1.534090909090909,TRUE,2,Weak,South,6.698970004336019,1,1,0.8,Evening
1066,1994,11,27,1994-11-27,14:30:00,America/Chicago,1994-11-27T20:30:00Z,TN,47,3,3,1,500000,35.77,-89.47,35.87,-89.17,16,100,1,1,97,33,0,0,FALSE,4,TRUE,0.9090909090909091,TRUE,4,Strong,South,5.698970004336019,3,5,0.8928571428571429,Evening
1036,1998,4,1,1998-04-01,18:00:00,America/Chicago,1998-04-02T00:00:00Z,VA,51,3,0,2,800000,37.88,-77.62,37.88,-77.53,5,400,1,1,85,0,0,0,FALSE,2,TRUE,1.1363636363636362,TRUE,2,Strong,South,5.903089986991944,3,2,0.7142857142857143,Night
618856,2020,4,12,2020-04-12,23:06:00,America/Chicago,2020-04-13T04:06:00Z,GA,13,1,2,1,100000,34.1492,-84.8285,34.2857,-84.678,12.76,250,1,1,15,0,0,0,FALSE,3,TRUE,1.8125000000000002,TRUE,2,Weak,South,5,1,11,0.6333333333333333,Night
327,1973,5,8,1973-05-08,04:10:00,America/Chicago,1973-05-08T09:10:00Z,AL,1,2,12,2,5000000,34.28,-86.28,34.48,-85.83,29.1,900,1,1,95,49,0,0,FALSE,14,TRUE,14.880681818181818,TRUE,2,Strong,South,6.698970004336019,2,10,1.8,Morning
186,1953,5,21,1953-05-21,15:21:00,America/Chicago,1953-05-21T20:21:00Z,MI,26,4,68,2,5000000,42.92,-82.6,42.98,-82.42,10,1760,1,1,147,0,0,0,FALSE,70,TRUE,10,TRUE,2,Violent,Midwest,6.698970004336019,4,127,2.125,Evening
214,1969,5,27,1969-05-27,11:45:00,America/Chicago,1969-05-27T16:45:00Z,TX,48,3,0,3,50000,29.78,-94.7,0,0,1.5,67,1,1,71,0,0,0,FALSE,3,TRUE,0.05710227272727273,TRUE,2,Strong,South,4.698970004336019,3,3,0.968503937007874,Afternoon
233,1967,4,30,1967-04-30,18:52:00,America/Chicago,1967-04-30T23:52:00Z,MN,27,4,22,6,50000000,43.8,-93.52,44.12,-93.48,20.1,267,1,1,47,161,0,0,FALSE,28,TRUE,3.0492613636363637,TRUE,2,Violent,Midwest,7.698970004336019,4,14,1.0384615384615385,Evening
234,1974,4,3,1974-04-03,23:30:00,America/Chicago,1974-04-04T04:30:00Z,TN,47,1,21,2,50000,36.1,-83.77,0,0,1,150,1,1,93,0,0,0,FALSE,23,TRUE,0.08522727272727272,TRUE,2,Weak,South,4.698970004336019,1,47,1.813953488372093,Night
115,2006,3,12,2006-03-12,20:47:00,America/Chicago,2006-03-13T02:47:00Z,MO,29,2,7,1,1650000,37.67,-94.25,37.95,-93.67,38,300,1,1,217,39,185,0,FALSE,8,TRUE,6.477272727272727,TRUE,2,Strong,Midwest,6.217483944213907,2,11,0.90625,Night
1219,1992,11,22,1992-11-22,03:50:00,America/Chicago,1992-11-22T09:50:00Z,TN,47,1,3,1,50000,35.27,-89,35.35,-88.97,16,73,1,1,69,0,0,0,FALSE,4,TRUE,0.6636363636363637,TRUE,4,Weak,South,4.698970004336019,1,1,0.125,Morning
980,1996,12,7,1996-12-07,13:58:00,America/Chicago,1996-12-07T19:58:00Z,FL,12,2,0,1,100000,27.83,-82.3,27.83,-82.3,2,83,1,1,57,0,0,0,FALSE,1,TRUE,0.09431818181818181,TRUE,1,Strong,South,5,2,3,0.25757575757575757,Evening
132,1974,4,3,1974-04-03,14:48:00,America/Chicago,1974-04-03T19:48:00Z,IL,17,3,0,1,500000,39.98,-88.23,40.03,-88.13,5.9,70,1,1,19,0,0,0,FALSE,1,TRUE,0.23465909090909093,TRUE,2,Strong,Midwest,5.698970004336019,3,2,0.7641509433962265,Evening
169,1979,4,11,1979-04-11,20:00:00,America/Chicago,1979-04-12T02:00:00Z,IN,18,2,2,1,315000,38,-87.43,38.07,-87.27,10,10,1,1,163,173,0,0,FALSE,3,TRUE,0.05681818181818182,TRUE,2,Strong,Midwest,5.498310553789601,2,1,0.21428571428571427,Night
528,1985,8,12,1985-08-12,18:35:00,America/Chicago,1985-08-12T23:35:00Z,WI,55,2,22,2,5000000,43.78,-90.37,44,-90,22,880,1,1,81,57,0,0,FALSE,24,TRUE,11,TRUE,3,Strong,Midwest,6.698970004336019,2,4,1.2666666666666666,Evening
304929,2011,4,16,2011-04-16,16:55:00,America/Chicago,2011-04-16T21:55:00Z,NC,37,3,58,12,3250000,36.087,-76.9502,36.2861,-76.7461,17.88,1300,1,1,15,91,0,0,FALSE,70,TRUE,13.206818181818182,TRUE,2,Strong,South,6.511883360978874,3,26,0.8307692307692308,Evening
207,1974,4,3,1974-04-03,19:15:00,America/Chicago,1974-04-04T00:15:00Z,TN,47,4,51,10,5000000,36.03,-85.57,36.25,-85.13,28.4,700,1,1,185,141,133,0,FALSE,61,TRUE,11.295454545454545,TRUE,2,Violent,South,6.698970004336019,4,47,1.813953488372093,Night
156,1997,3,1,1997-03-01,15:25:00,America/Chicago,1997-03-01T21:25:00Z,AR,5,4,40,10,5000000,34.52,-92.52,34.65,-92.35,14,1407,1,1,125,0,0,0,FALSE,50,TRUE,11.192045454545454,TRUE,2,Violent,South,6.698970004336019,4,26,1.6888888888888889,Evening
72,1975,2,18,1975-02-18,15:08:00,America/Chicago,1975-02-18T21:08:00Z,GA,13,3,50,2,50000000,32.55,-83.93,32.55,-83.77,9.7,300,1,1,225,0,0,0,FALSE,52,TRUE,1.6534090909090906,TRUE,1,Strong,South,7.698970004336019,3,5,1.380952380952381,Evening
305,2006,4,7,2006-04-07,15:45:00,America/Chicago,2006-04-07T20:45:00Z,TN,47,1,0,2,500000,35.83,-85.97,35.83,-85.72,11,150,1,1,177,0,0,0,FALSE,2,TRUE,0.9374999999999999,TRUE,2,Weak,South,5.698970004336019,1,34,1.2,Evening
108,1953,4,28,1953-04-28,21:00:00,America/Chicago,1953-04-29T02:00:00Z,TX,48,4,15,2,5000000,29.57,-98.7,0,0,1,1760,1,1,29,0,0,0,FALSE,17,TRUE,1,TRUE,2,Violent,South,6.698970004336019,4,150,1.8125,Night
482450,2013,11,17,2013-11-17,12:04:00,America/Chicago,2013-11-17T18:04:00Z,IL,17,4,2,2,5000000,38.42,-89.45,38.48,-89.27,10.59,200,1,1,189,0,0,0,FALSE,4,TRUE,1.2034090909090909,TRUE,4,Violent,Midwest,6.698970004336019,4,5,1.0961538461538463,Evening
767,1998,3,29,1998-03-29,15:50:00,America/Chicago,1998-03-29T21:50:00Z,MN,27,4,19,1,75050000,43.95,-95.53,44.27,-94.27,73.5,1500,1,1,101,33,165,15,FALSE,20,TRUE,62.64204545454545,TRUE,2,Violent,Midwest,7.875350696579289,4,3,0.5423728813559322,Evening
843,1977,12,13,1977-12-13,08:05:00,America/Chicago,1977-12-13T14:05:00Z,TX,48,3,40,1,50000000,29.78,-95.28,30.03,-94.98,25.1,400,1,1,201,291,0,0,FALSE,41,TRUE,5.704545454545455,TRUE,1,Strong,South,7.698970004336019,3,1,0.8292682926829268,Afternoon
637,1974,6,20,1974-06-20,16:45:00,America/Chicago,1974-06-20T21:45:00Z,IA,19,3,20,1,5000000,41.98,-90.27,41.83,-90.2,10.6,200,1,1,45,0,0,0,FALSE,21,TRUE,1.2045454545454544,TRUE,3,Strong,Midwest,6.698970004336019,3,3,1.5185185185185186,Evening
155,1965,4,11,1965-04-11,18:40:00,America/Chicago,1965-04-12T00:40:00Z,MI,26,4,293,21,5000000,41.8,-85,42.08,-83.47,80.5,10,1,1,23,59,91,115,FALSE,314,TRUE,0.45738636363636365,TRUE,2,Violent,Midwest,6.698970004336019,4,28,2.466666666666667,Night
1079,2006,12,29,2006-12-29,13:42:00,America/Chicago,2006-12-29T19:42:00Z,TX,48,2,20,1,1000000,31.33,-96.64,31.6,-96.52,20.4,400,1,1,293,0,0,0,FALSE,21,TRUE,4.636363636363636,TRUE,1,Strong,South,6,2,4,0.3565217391304348,Evening
618814,2020,4,12,2020-04-12,14:39:00,America/Chicago,2020-04-12T19:39:00Z,MS,28,4,3,4,2750000,31.2763,-90.1732,31.4017,-89.8505,21.17,1936,1,1,147,77,91,65,FALSE,7,TRUE,23.287000000000003,TRUE,2,Violent,South,6.439332693830263,4,12,0.9878048780487805,Evening
86,1952,4,4,1952-04-04,03:30:00,America/Chicago,1952-04-04T09:30:00Z,LA,22,2,33,4,500000,30.37,-92.13,30.4,-91.8,20.4,67,1,1,97,99,0,0,FALSE,37,TRUE,0.7765909090909091,TRUE,2,Strong,South,5.698970004336019,2,4,1.4444444444444444,Morning
190,1960,5,5,1960-05-05,21:30:00,America/Chicago,1960-05-06T02:30:00Z,OK,40,3,0,1,500000,35.18,-94.78,35.52,-94.7,23.7,10,1,1,79,135,0,0,FALSE,1,TRUE,0.1346590909090909,TRUE,2,Strong,South,5.698970004336019,3,35,1.6020408163265305,Night
522,1979,7,16,1979-07-16,15:25:00,America/Chicago,1979-07-16T20:25:00Z,WY,56,3,40,1,50000000,41.17,-104.82,41.07,-104.7,8.8,80,1,1,21,0,0,0,FALSE,41,TRUE,0.4,TRUE,3,Strong,West,7.698970004336019,3,1,0.19047619047619047,Evening
301925,2011,4,27,2011-04-27,15:01:00,America/Chicago,2011-04-27T20:01:00Z,AL,1,4,50,14,25000000,34.6208,-85.9814,34.9531,-85.2666,46.98,1260,2,0,0,0,0,0,FALSE,64,TRUE,33.63340909090909,TRUE,2,Violent,South,7.3979400086720375,4,237,1.3014705882352942,Evening
32,1953,3,13,1953-03-13,14:00:00,America/Chicago,1953-03-13T20:00:00Z,TX,48,4,25,17,5000000,33.28,-99.95,33.42,-99.78,13.9,50,1,1,207,275,0,0,FALSE,42,TRUE,0.39488636363636365,TRUE,2,Violent,South,6.698970004336019,4,150,1.8125,Evening
572,2002,4,21,2002-04-21,14:49:00,America/Chicago,2002-04-21T19:49:00Z,IL,17,3,42,1,4000000,38.35,-88.73,38.35,-88.15,31.5,500,1,1,81,191,0,0,FALSE,43,TRUE,8.948863636363637,TRUE,2,Strong,Midwest,6.6020599913279625,3,4,0.7027027027027027,Evening
842,1980,10,17,1980-10-17,12:20:00,America/Chicago,1980-10-17T17:20:00Z,AR,5,2,2,1,500000,33.47,-91.85,0,0,1.5,77,1,1,43,0,0,0,FALSE,3,TRUE,0.06562499999999999,TRUE,4,Strong,South,5.698970004336019,2,1,1.4090909090909092,Afternoon
92,1961,3,12,1961-03-12,19:00:00,America/Chicago,1961-03-13T01:00:00Z,MO,29,2,11,1,500000,36.62,-92.13,36.78,-91.82,21.1,150,1,1,153,91,0,0,FALSE,12,TRUE,1.7982954545454546,TRUE,2,Strong,Midwest,5.698970004336019,2,1,1.2580645161290323,Night
592,2001,2,24,2001-02-24,21:35:00,America/Chicago,2001-02-25T03:35:00Z,MS,28,3,73,6,31110000,34.03,-89.35,34.58,-88.6,52,1000,1,1,13,115,145,81,FALSE,79,TRUE,29.545454545454547,TRUE,1,Strong,South,7.492900011108704,3,12,0.6440677966101694,Night
23,2007,2,2,2007-02-02,02:37:00,America/Chicago,2007-02-02T08:37:00Z,FL,12,3,51,13,98000000,28.96,-81.59,29.04,-81.16,26.03,450,1,1,69,127,0,0,FALSE,64,TRUE,6.655397727272727,TRUE,1,Strong,South,7.991226075692495,3,21,0.3877551020408163,Morning
619058,2020,5,17,2020-05-17,19:31:00,America/Chicago,2020-05-18T00:31:00Z,LA,22,3,9,1,500000,30.4597,-92.2678,30.4176,-92.2234,3.93,100,1,1,1,0,0,0,FALSE,10,TRUE,0.22329545454545455,TRUE,2,Strong,South,5.698970004336019,3,5,1.1666666666666667,Night
613794,2016,4,27,2016-04-27,03:43:00,America/Chicago,2016-04-27T08:43:00Z,TX,48,0,0,1,200000,30.0982,-95.5511,30.096,-95.545,0.41,40,1,1,201,0,0,0,FALSE,1,TRUE,0.009318181818181817,TRUE,2,Weak,South,5.301029995663981,0,1,0.61,Morning
614650,2017,2,28,2017-02-28,16:41:00,America/Chicago,2017-02-28T22:41:00Z,IL,17,3,14,2,500000,41.3239,-88.9504,41.3597,-88.7352,11.5,800,1,1,99,0,0,0,FALSE,16,TRUE,5.2272727272727275,TRUE,1,Strong,Midwest,5.698970004336019,3,3,0.7959183673469388,Evening
637,1998,6,27,1998-06-27,18:05:00,America/Chicago,1998-06-27T23:05:00Z,OH,39,2,1,1,70000,39.8,-81.38,39.8,-81.38,0.3,200,1,1,121,0,0,0,FALSE,2,TRUE,0.03409090909090909,TRUE,3,Strong,Midwest,4.845098040014257,2,1,0.4583333333333333,Evening
924,1967,12,21,1967-12-21,16:05:00,America/Chicago,1967-12-21T22:05:00Z,MS,28,2,1,1,50000,34.73,-88.62,0,0,0.1,10,1,1,117,0,0,0,FALSE,2,TRUE,5.681818181818183e-4,TRUE,1,Strong,South,4.698970004336019,2,7,1.5,Evening
293,1986,5,15,1986-05-15,18:30:00,America/Chicago,1986-05-15T23:30:00Z,MO,29,2,15,1,5000000,36.97,-89.7,37.02,-89.65,4,400,1,1,201,0,0,0,FALSE,16,TRUE,0.9090909090909091,TRUE,2,Strong,Midwest,6.698970004336019,2,1,1,Evening
187,1999,3,2,1999-03-02,18:55:00,America/Chicago,1999-03-03T00:55:00Z,TX,48,3,6,1,750000,30.9,-93.9,30.9,-93.82,12,500,1,1,241,351,0,0,FALSE,7,TRUE,3.409090909090909,TRUE,2,Strong,South,5.8750612633917,3,6,0.47878787878787876,Night
125,1987,5,21,1987-05-21,11:45:00,America/Chicago,1987-05-21T16:45:00Z,AL,1,2,0,1,50000,34.17,-87.38,0,0,0.3,150,1,1,133,0,0,0,FALSE,1,TRUE,0.025568181818181816,TRUE,2,Strong,South,4.698970004336019,2,1,0.42857142857142855,Afternoon
242,1953,6,7,1953-06-07,15:15:00,America/Chicago,1953-06-07T20:15:00Z,NE,31,4,0,11,500000,41.33,-99.13,41.57,-99.05,15,440,1,1,163,175,0,0,FALSE,11,TRUE,3.75,TRUE,3,Violent,Midwest,5.698970004336019,4,16,1.25,Evening
382,1974,5,11,1974-05-11,15:31:00,America/Chicago,1974-05-11T20:31:00Z,MI,26,3,0,1,500000,42.42,-84,0,0,0.9,60,1,1,93,0,0,0,FALSE,1,TRUE,0.03068181818181818,TRUE,2,Strong,Midwest,5.698970004336019,3,3,1.5897435897435896,Evening
840,1998,5,10,1998-05-10,15:20:00,America/Chicago,1998-05-10T20:20:00Z,SC,45,2,7,1,5000000,33.02,-80.18,32.98,-80.03,10.5,670,1,1,35,15,0,0,FALSE,8,TRUE,3.997159090909091,TRUE,2,Strong,South,6.698970004336019,2,3,0.6428571428571429,Evening
168,1997,3,1,1997-03-01,15:25:00,America/Chicago,1997-03-01T21:25:00Z,AR,5,2,30,2,315000,35.43,-91.58,35.55,-91.5,8.5,1053,1,1,67,0,0,0,FALSE,32,TRUE,5.085511363636363,TRUE,2,Strong,South,5.498310553789601,2,26,1.6888888888888889,Evening
625,1975,6,22,1975-06-22,20:20:00,America/Chicago,1975-06-23T01:20:00Z,TX,48,1,0,3,50,34.5,-101.47,0,0,10,80,1,1,45,0,0,0,FALSE,3,TRUE,0.4545454545454546,TRUE,3,Weak,South,1.6989700043360187,1,10,0.5982905982905983,Night
699,1983,7,21,1983-07-21,19:05:00,America/Chicago,1983-07-22T00:05:00Z,MI,26,2,1,1,500000,42.67,-86.2,42.58,-86.12,13.6,200,1,1,5,0,0,0,FALSE,2,TRUE,1.5454545454545454,TRUE,3,Strong,Midwest,5.698970004336019,2,1,1.1578947368421053,Night
26,1950,2,13,1950-02-13,02:00:00,America/Chicago,1950-02-13T08:00:00Z,TN,47,2,1,9,50000,35.75,-89.48,0,0,0.2,10,1,1,97,0,0,0,FALSE,10,TRUE,0.0011363636363636365,TRUE,1,Strong,South,4.698970004336019,2,9,1.3333333333333333,Morning
592,2002,4,28,2002-04-28,02:05:00,America/Chicago,2002-04-28T07:05:00Z,IN,18,2,19,1,1550000,37.85,-86.63,37.87,-86.12,32.3,150,2,0,0,0,0,0,FALSE,20,TRUE,2.7528409090909087,TRUE,2,Strong,Midwest,6.190331698170292,2,1,1.1333333333333333,Morning
235,1983,5,2,1983-05-02,15:05:00,America/Chicago,1983-05-02T20:05:00Z,NY,36,3,0,2,5000000,42.15,-79.62,42.32,-79.08,28,450,1,1,13,0,0,0,FALSE,2,TRUE,7.159090909090909,TRUE,2,Strong,Northeast,6.698970004336019,3,3,2.375,Evening
350,2001,6,18,2001-06-18,19:06:00,America/Chicago,2001-06-19T00:06:00Z,WI,55,3,16,2,10000000,45.78,-92.65,45.83,-91.97,34,880,1,1,13,129,0,0,FALSE,18,TRUE,17,TRUE,3,Strong,Midwest,7,3,2,0.5833333333333334,Night
929,1993,8,6,1993-08-06,10:30:00,America/Chicago,1993-08-06T15:30:00Z,VA,51,4,246,4,50000000,37.2,-77.43,37.32,-77.27,1,250,1,1,53,730,41,149,FALSE,250,TRUE,0.14204545454545456,TRUE,3,Violent,South,7.698970004336019,4,4,1.0357142857142858,Afternoon
362779,2012,1,23,2012-01-23,03:09:00,America/Chicago,2012-01-23T09:09:00Z,AL,1,2,1,1,315000,33.4316,-87.3071,33.529,-87.1405,13.13,880,1,1,125,73,0,0,FALSE,2,TRUE,6.565,TRUE,1,Strong,South,5.498310553789601,2,3,0.9090909090909091,Morning
175,1976,3,26,1976-03-26,14:50:00,America/Chicago,1976-03-26T20:50:00Z,OK,40,4,4,1,500000,34.77,-95.08,34.87,-94.95,10.7,440,1,1,77,79,0,0,FALSE,5,TRUE,2.675,TRUE,2,Violent,South,5.698970004336019,4,5,1.4642857142857142,Evening
539,1987,8,15,1987-08-15,18:23:00,America/Chicago,1987-08-15T23:23:00Z,MN,27,2,8,1,5000000,46.05,-95.73,0,0,1,50,1,1,111,0,0,0,FALSE,9,TRUE,0.028409090909090908,TRUE,3,Strong,Midwest,6.698970004336019,2,1,0.6666666666666666,Evening
314625,2011,4,27,2011-04-27,15:43:00,America/Chicago,2011-04-27T20:43:00Z,AL,1,4,1500,64,2450000000,33.0297,-87.935,33.631100000000004,-86.7436,80.68,2600,1,1,63,125,73,0,FALSE,1564,TRUE,119.18636363636365,TRUE,2,Violent,South,9.389166084364533,4,237,1.3014705882352942,Evening
165,1965,4,11,1965-04-11,20:30:00,America/Chicago,1965-04-12T02:30:00Z,OH,39,4,236,18,50000000,41.67,-83.6,41.73,-83.47,5.6,200,2,0,0,0,0,0,FALSE,254,TRUE,0.6363636363636364,TRUE,2,Violent,Midwest,7.698970004336019,4,62,1.8387096774193548,Night
1136,1993,10,30,1993-10-30,02:30:00,America/Chicago,1993-10-30T07:30:00Z,GA,13,2,27,3,50000000,31.67,-84.17,31.7,-84.03,5,750,1,1,177,0,0,0,FALSE,30,TRUE,2.1306818181818183,TRUE,4,Strong,South,7.698970004336019,2,5,0.9523809523809523,Morning
195,1956,5,12,1956-05-12,17:25:00,America/Chicago,1956-05-12T22:25:00Z,MI,26,4,116,3,5000000,43,-83.68,42.97,-83.55,6.6,100,1,1,49,0,0,0,FALSE,119,TRUE,0.37499999999999994,TRUE,2,Violent,Midwest,6.698970004336019,4,22,1.9565217391304348,Evening
668,1975,6,29,1975-06-29,19:20:00,America/Chicago,1975-06-30T00:20:00Z,ND,38,4,4,1,5000000,46.53,-102.97,46.33,-101.57,68,880,1,1,41,37,0,0,FALSE,5,TRUE,34,TRUE,3,Violent,Midwest,6.698970004336019,4,1,0.7333333333333333,Night
80,1990,3,13,1990-03-13,16:34:00,America/Chicago,1990-03-13T22:34:00Z,KS,20,5,60,1,50000000,37.77,-98.02,38.18,-97.37,48,1320,1,1,155,79,113,0,FALSE,61,TRUE,36,TRUE,2,Violent,Midwest,7.698970004336019,5,2,0.6666666666666666,Evening
233,1951,9,26,1951-09-26,15:45:00,America/Chicago,1951-09-26T20:45:00Z,WI,55,4,3,6,500000,44.33,-89.3,44.47,-88.78,26.4,100,1,1,97,135,0,0,FALSE,9,TRUE,1.4999999999999998,TRUE,4,Violent,Midwest,5.698970004336019,4,7,3,Evening
15,1953,2,6,1953-02-06,13:00:00,America/Chicago,1953-02-06T19:00:00Z,LA,22,3,21,2,5000000,30.48,-90.7,30.53,-90.45,15.6,400,1,1,63,105,0,0,FALSE,23,TRUE,3.5454545454545454,TRUE,1,Strong,South,6.698970004336019,3,13,1.894736842105263,Evening
34,1987,3,17,1987-03-17,05:20:00,America/Chicago,1987-03-17T11:20:00Z,TX,48,1,3,1,50000,31.63,-95.37,0,0,0.2,10,1,1,1,0,0,0,FALSE,4,TRUE,0.0011363636363636365,TRUE,2,Weak,South,4.698970004336019,1,43,0.7301587301587301,Morning
620750,2021,12,10,2021-12-10,20:54:00,America/Chicago,2021-12-11T02:54:00Z,TN,47,4,515,57,25000,36.483,-89.135,37.6078,-86.5062,168.53,2600,2,0,0,0,0,0,FALSE,572,TRUE,248.96477272727273,TRUE,1,Violent,South,4.3979400086720375,4,57,0.5230769230769231,Night
760,1957,10,23,1957-10-23,08:15:00,America/Chicago,1957-10-23T13:15:00Z,LA,22,2,1,1,50000,31.1,-92.3,31.33,-92.15,18.3,100,1,1,79,0,0,0,FALSE,2,TRUE,1.0397727272727273,TRUE,4,Strong,South,4.698970004336019,2,14,1.6,Afternoon
78,2008,1,29,2008-01-29,17:07:00,America/Chicago,2008-01-29T23:07:00Z,IN,18,2,0,2,250000,38.19,-87.87,38.23,-87.75,7.01,100,1,1,129,51,0,0,FALSE,2,TRUE,0.3982954545454545,TRUE,1,Strong,Midwest,5.3979400086720375,2,4,0.7,Evening
593,1957,6,20,1957-06-20,22:00:00,America/Chicago,1957-06-21T03:00:00Z,SD,46,2,0,1,50000,45.02,-98.63,0,0,0.1,10,1,1,115,0,0,0,FALSE,1,TRUE,5.681818181818183e-4,TRUE,3,Strong,Midwest,4.698970004336019,2,1,0.9,Night
46,1955,3,22,1955-03-22,14:30:00,America/Chicago,1955-03-22T20:30:00Z,PA,42,3,0,1,500000,39.97,-75.62,40.05,-75.47,9.6,600,1,1,29,0,0,0,FALSE,1,TRUE,3.2727272727272725,TRUE,2,Strong,Northeast,5.698970004336019,3,1,2.3333333333333335,Evening
244,1964,5,5,1964-05-05,18:30:00,America/Chicago,1964-05-05T23:30:00Z,NE,31,5,50,4,5000000,40.55,-98.37,41.35,-97.27,79.7,880,1,1,1,35,81,185,FALSE,54,TRUE,39.85,TRUE,2,Violent,Midwest,6.698970004336019,5,4,1.024390243902439,Evening
765,1978,12,3,1978-12-03,03:25:00,America/Chicago,1978-12-03T09:25:00Z,AR,5,2,7,1,500000,33.17,-92.9,33.2,-92.8,6.4,50,1,1,139,0,0,0,FALSE,8,TRUE,0.18181818181818182,TRUE,1,Strong,South,5.698970004336019,2,2,0.8636363636363636,Morning
80,1971,2,22,1971-02-22,16:30:00,America/Chicago,1971-02-22T22:30:00Z,NC,37,3,60,2,5000000,35.08,-78.92,35.7,-77.6,85.7,500,1,1,51,163,79,65,FALSE,62,TRUE,24.346590909090914,TRUE,1,Strong,South,6.698970004336019,3,2,2,Evening
1030,1982,12,24,1982-12-24,18:05:00,America/Chicago,1982-12-25T00:05:00Z,MO,29,2,2,1,5000000,36.5,-91.28,36.95,-90.97,33,300,1,1,149,181,35,0,FALSE,3,TRUE,5.625,TRUE,1,Strong,Midwest,6.698970004336019,2,3,1.0945945945945945,Night
505204,2014,4,27,2014-04-27,16:29:00,America/Chicago,2014-04-27T21:29:00Z,OK,40,2,37,1,13000000,36.912,-94.8215,37.0525,-94.7147,11.37,325,2,0,0,0,0,0,FALSE,38,TRUE,2.0995738636363637,TRUE,2,Strong,South,7.113943352306837,2,1,0.3125,Evening
98,1962,4,28,1962-04-28,21:30:00,America/Chicago,1962-04-29T03:30:00Z,MS,28,2,6,1,500000,34.43,-90.4,34.88,-90.13,34.6,1760,1,1,143,33,0,0,FALSE,7,TRUE,34.6,TRUE,2,Strong,South,5.698970004336019,2,1,1.6153846153846154,Night
69,1971,2,21,1971-02-21,17:30:00,America/Chicago,1971-02-21T23:30:00Z,MS,28,3,0,3,500000,33.85,-90.52,33.97,-90.47,8.6,10,1,1,133,0,0,0,FALSE,3,TRUE,0.048863636363636366,TRUE,1,Strong,South,5.698970004336019,3,82,1.675,Evening
176,1976,3,26,1976-03-26,15:28:00,America/Chicago,1976-03-26T21:28:00Z,OK,40,5,64,2,5000000,35.2,-94.7,35.25,-94.5,11.9,440,1,1,79,0,0,0,FALSE,66,TRUE,2.975,TRUE,2,Violent,South,6.698970004336019,5,5,1.4642857142857142,Evening
177,1974,4,3,1974-04-03,17:50:00,America/Chicago,1974-04-03T22:50:00Z,IN,18,3,53,5,50000000,41.42,-85.47,41.73,-84.88,36.2,1000,1,1,113,87,151,0,FALSE,58,TRUE,20.56818181818182,TRUE,2,Strong,Midwest,7.698970004336019,3,50,2.5172413793103448,Evening
120,1968,4,23,1968-04-23,12:41:00,America/Chicago,1968-04-23T18:41:00Z,KY,21,4,364,6,50000000,38.67,-84.37,38.88,-82.92,78.7,550,2,0,0,0,0,0,FALSE,370,TRUE,24.59375,TRUE,2,Violent,South,7.698970004336019,4,8,2.8333333333333335,Evening
327,1974,4,21,1974-04-21,15:30:00,America/Chicago,1974-04-21T20:30:00Z,WI,55,3,18,2,5000000,43.5,-88.75,43.9,-87.72,58.6,200,1,1,27,39,117,0,FALSE,20,TRUE,6.659090909090909,TRUE,2,Strong,Midwest,6.698970004336019,3,2,1.6,Evening
852,1967,10,30,1967-10-30,07:54:00,America/Chicago,1967-10-30T13:54:00Z,MS,28,3,17,4,50000000,30.38,-89.08,0,0,2,400,1,1,47,0,0,0,FALSE,21,TRUE,0.45454545454545453,TRUE,4,Strong,South,7.698970004336019,3,7,1.5,Afternoon
54,1968,4,3,1968-04-03,18:20:00,America/Chicago,1968-04-04T00:20:00Z,AR,5,4,16,5,500000,33.92,-91.85,33.98,-91.27,33.7,400,1,1,79,0,0,0,FALSE,21,TRUE,7.659090909090909,TRUE,2,Violent,South,5.698970004336019,4,65,2.2222222222222223,Night
300477,2011,4,16,2011-04-16,14:25:00,America/Chicago,2011-04-16T19:25:00Z,NC,37,2,13,3,11250000,34.8417,-78.6563,35.0944,-78.2282,29.88,800,1,1,17,51,163,0,FALSE,16,TRUE,13.58181818181818,TRUE,2,Strong,South,7.0511525224473814,2,26,0.8307692307692308,Evening
308464,2011,5,24,2011-05-24,23:25:00,America/Chicago,2011-05-25T04:25:00Z,AR,5,3,4,1,13025000,35.4227,-93.5302,35.682,-93.1245,29.01,1430,1,1,71,115,0,0,FALSE,5,TRUE,23.570625,TRUE,2,Strong,South,7.114777731971562,3,12,0.9722222222222222,Night
685,1982,6,16,1982-06-16,15:55:00,America/Chicago,1982-06-16T20:55:00Z,WV,54,1,0,1,500000,39.58,-79.95,0,0,2.5,17,1,1,61,0,0,0,FALSE,1,TRUE,0.024147727272727272,TRUE,3,Weak,South,5.698970004336019,1,1,1,Evening
816,2010,6,27,2010-06-27,17:06:00,America/Chicago,2010-06-27T22:06:00Z,MI,26,1,4,1,700000,42.9943,-82.6119,42.9945,-82.5544,2.91,250,1,1,147,0,0,0,FALSE,5,TRUE,0.41335227272727276,TRUE,3,Weak,Midwest,5.845098040014257,1,1,0.5925925925925926,Evening
985,1982,12,2,1982-12-02,21:10:00,America/Chicago,1982-12-03T03:10:00Z,IL,17,3,0,2,50000000,38.52,-89.7,38.58,-89.6,10.5,100,1,1,27,0,0,0,FALSE,2,TRUE,0.5965909090909091,TRUE,1,Strong,Midwest,7.698970004336019,3,13,0.6571428571428571,Night
34,1953,3,13,1953-03-13,18:19:00,America/Chicago,1953-03-14T00:19:00Z,OK,40,3,8,1,500000,34.88,-97.7,0,0,1,100,1,1,51,0,0,0,FALSE,9,TRUE,0.056818181818181816,TRUE,2,Strong,South,5.698970004336019,3,5,1.150943396226415,Night
615182,2017,5,16,2017-05-16,17:46:00,America/Chicago,2017-05-16T22:46:00Z,OK,40,2,10,1,25020000,35.2402,-99.555,35.409,-99.329,18,1000,1,1,9,149,0,0,FALSE,11,TRUE,10.227272727272728,TRUE,2,Strong,South,7.398287305357401,2,1,0.8823529411764706,Evening
1077,1994,11,27,1994-11-27,22:15:00,America/Chicago,1994-11-28T04:15:00Z,MS,28,3,0,2,5000000,31.88,-89.75,32.22,-89.17,40,200,1,1,127,129,61,0,FALSE,2,TRUE,4.545454545454545,TRUE,4,Strong,South,6.698970004336019,3,4,0.5,Night
112,1953,4,30,1953-04-30,16:13:00,America/Chicago,1953-04-30T21:13:00Z,GA,13,4,300,18,50000000,32.6,-83.6,0,0,1,333,1,1,153,0,0,0,FALSE,318,TRUE,0.18920454545454546,TRUE,2,Violent,South,7.698970004336019,4,20,2,Evening
257,1977,5,15,1977-05-15,18:38:00,America/Chicago,1977-05-15T23:38:00Z,OK,40,3,2,1,500000,34.45,-97.63,0,0,0.8,180,1,1,137,0,0,0,FALSE,3,TRUE,0.08181818181818183,TRUE,2,Strong,South,5.698970004336019,3,1,1.5555555555555556,Evening
128,1974,4,3,1974-04-03,14:30:00,America/Chicago,1974-04-03T19:30:00Z,TN,47,1,32,1,5000,35.33,-84.57,35.33,-84.5,3.6,27,1,1,107,0,0,0,FALSE,33,TRUE,0.05522727272727273,TRUE,2,Weak,South,3.6989700043360187,1,47,1.813953488372093,Evening
182,1971,4,23,1971-04-23,17:30:00,America/Chicago,1971-04-23T23:30:00Z,GA,13,2,10,1,50000,32.37,-84.22,32.4,-84.17,3.8,100,1,1,193,0,0,0,FALSE,11,TRUE,0.21590909090909088,TRUE,2,Strong,South,4.698970004336019,2,2,1.4130434782608696,Evening
296776,2011,4,15,2011-04-15,18:45:00,America/Chicago,2011-04-15T23:45:00Z,MS,28,3,28,4,13100000,31.1311,-88.6325,31.2168,-88.34,18.3,500,2,0,0,0,0,0,FALSE,32,TRUE,5.198863636363637,TRUE,2,Strong,South,7.117271295655764,3,42,1.3404255319148937,Evening
618675,2020,3,2,2020-03-02,23:05:00,America/Chicago,2020-03-03T05:05:00Z,TN,47,2,2,1,1100000,36.0928,-88.1189,36.1074,-87.7838,18.72,250,1,1,5,85,0,0,FALSE,3,TRUE,2.659090909090909,TRUE,2,Strong,South,6.041392685158225,2,25,0.7352941176470589,Night
97,1990,3,13,1990-03-13,17:30:00,America/Chicago,1990-03-13T23:30:00Z,KS,20,5,0,1,50000000,38.15,-97.43,38.42,-97.17,22,1320,1,1,79,113,115,0,FALSE,1,TRUE,16.5,TRUE,2,Violent,Midwest,7.698970004336019,5,2,0.6666666666666666,Evening
730,1996,4,21,1996-04-21,23:15:00,America/Chicago,1996-04-22T04:15:00Z,AR,5,3,6,2,1000000,35.77,-93.77,35.93,-93.57,15,1050,1,1,87,0,0,0,FALSE,8,TRUE,8.948863636363637,TRUE,2,Strong,South,6,3,9,1.1785714285714286,Night
12,1995,1,7,1995-01-07,03:50:00,America/Chicago,1995-01-07T09:50:00Z,FL,12,2,20,1,5000000,29,-82.12,29,-81.92,12,440,1,1,83,0,0,0,FALSE,21,TRUE,3,TRUE,1,Strong,South,6.698970004336019,2,3,0.24210526315789474,Morning
70,1952,3,21,1952-03-21,20:30:00,America/Chicago,1952-03-22T02:30:00Z,TN,47,3,30,10,500000,35.95,-89.43,36.13,-89.2,18.1,1000,1,1,45,0,0,0,FALSE,40,TRUE,10.28409090909091,TRUE,2,Strong,South,5.698970004336019,3,68,2.4545454545454546,Night
315858,2011,5,24,2011-05-24,16:06:00,America/Chicago,2011-05-24T21:06:00Z,OK,40,4,48,1,5000000,35.008,-97.961,35.311,-97.571,33.3,880,1,1,51,87,27,0,FALSE,49,TRUE,16.65,TRUE,2,Violent,South,6.698970004336019,4,14,0.7627118644067796,Evening
394,1999,5,16,1999-05-16,15:16:00,America/Chicago,1999-05-16T20:16:00Z,IA,19,3,16,2,1900000,41.6,-95.87,41.67,-95.75,7.5,440,1,1,85,0,0,0,FALSE,18,TRUE,1.875,TRUE,2,Strong,Midwest,6.278753600952829,3,2,0.7413793103448276,Evening
374385,2012,3,2,2012-03-02,22:40:00,America/Chicago,2012-03-03T04:40:00Z,AL,1,2,4,1,315000,32.8666,-85.9669,33.0109,-85.4057,34.04,1000,1,1,123,17,0,0,FALSE,5,TRUE,19.340909090909093,TRUE,2,Strong,South,5.498310553789601,2,3,0.9090909090909091,Night
446,1957,5,24,1957-05-24,17:30:00,America/Chicago,1957-05-24T22:30:00Z,OK,40,4,5,4,500000,34.27,-98.5,34.57,-98.4,21.6,880,1,1,33,31,0,0,FALSE,9,TRUE,10.8,TRUE,2,Violent,South,5.698970004336019,4,22,1.0188679245283019,Evening
790,1957,11,17,1957-11-17,15:12:00,America/Chicago,1957-11-17T21:12:00Z,AL,1,4,15,4,50000,33.9,-87.18,33.93,-87.3,7.2,200,1,1,127,0,0,0,FALSE,19,TRUE,0.8181818181818181,TRUE,4,Violent,South,4.698970004336019,4,10,1.4666666666666666,Evening
615033,2017,4,29,2017-04-29,17:08:00,America/Chicago,2017-04-29T22:08:00Z,TX,48,3,24,2,670000,32.3991,-95.8756,32.954,-95.6987,39.71,1760,1,1,467,379,0,0,FALSE,26,TRUE,39.71,TRUE,2,Strong,South,5.826074802700826,3,4,0.6467065868263473,Evening
654,1978,7,31,1978-07-31,11:30:00,America/Chicago,1978-07-31T16:30:00Z,NC,37,2,4,1,500000,36.03,-75.67,0,0,0.2,50,1,1,55,0,0,0,FALSE,5,TRUE,0.005681818181818182,TRUE,3,Strong,South,5.698970004336019,2,1,1.2,Afternoon
50,1984,3,15,1984-03-15,19:17:00,America/Chicago,1984-03-16T01:17:00Z,AR,5,4,12,5,50000000,35.47,-91.23,35.53,-90.9,26,440,1,1,67,111,0,0,FALSE,17,TRUE,6.5,TRUE,2,Violent,South,7.698970004336019,4,7,1.2173913043478262,Night
228,1975,4,23,1975-04-23,14:40:00,America/Chicago,1975-04-23T19:40:00Z,MO,29,4,3,1,5000000,39.7,-93.97,39.77,-93.77,11.4,400,1,1,25,0,0,0,FALSE,4,TRUE,2.590909090909091,TRUE,2,Violent,Midwest,6.698970004336019,4,5,1.7777777777777777,Evening
273,1965,5,8,1965-05-08,17:30:00,America/Chicago,1965-05-08T22:30:00Z,NE,31,4,53,4,50000000,40.87,-98.6,42.5,-97.55,125.7,10,1,1,79,77,11,3,FALSE,57,TRUE,0.7142045454545455,TRUE,2,Violent,Midwest,7.698970004336019,4,4,1.0869565217391304,Evening
655,1968,12,27,1968-12-27,19:00:00,America/Chicago,1968-12-28T01:00:00Z,MS,28,2,5,1,315000,34.05,-90.28,0,0,0.1,10,1,1,135,0,0,0,FALSE,6,TRUE,5.681818181818183e-4,TRUE,1,Strong,South,5.498310553789601,2,1,1.5238095238095237,Night
873,2008,5,23,2008-05-23,21:24:00,America/Chicago,2008-05-24T02:24:00Z,KS,20,3,2,2,500000,37.48,-98.63,37.77,-98.49,21.9,1430,1,1,151,0,0,0,FALSE,4,TRUE,17.79375,TRUE,2,Strong,Midwest,5.698970004336019,3,4,0.518918918918919,Night
113,1953,4,30,1953-04-30,16:30:00,America/Chicago,1953-04-30T21:30:00Z,GA,13,2,3,1,50000,32.78,-83.5,0,0,0.5,10,1,1,289,0,0,0,FALSE,4,TRUE,0.002840909090909091,TRUE,2,Strong,South,4.698970004336019,2,20,2,Evening
340623,2011,8,10,2011-08-10,02:32:00,America/Chicago,2011-08-10T07:32:00Z,OK,40,2,2,1,315000,36.1393,-95.138,36.1879,-95.0731,5,400,1,1,97,21,97,0,FALSE,3,TRUE,1.1363636363636362,TRUE,3,Strong,South,5.498310553789601,2,14,0.7627118644067796,Morning
527,1965,6,7,1965-06-07,17:00:00,America/Chicago,1965-06-07T22:00:00Z,SD,46,4,0,1,5000000,43.17,-97.23,43.23,-97.07,7.8,647,1,1,135,125,0,0,FALSE,1,TRUE,2.8673863636363635,TRUE,3,Violent,Midwest,6.698970004336019,4,2,1.2258064516129032,Evening
227,2010,5,2,2010-05-02,02:27:00,America/Chicago,2010-05-02T07:27:00Z,MS,28,2,0,1,250000,34.4891,-89.5129,34.5031,-89.4945,1.43,75,1,1,71,0,0,0,FALSE,1,TRUE,0.06093749999999999,TRUE,2,Strong,South,5.3979400086720375,2,4,1.075,Morning
247,1980,5,16,1980-05-16,03:45:00,America/Chicago,1980-05-16T08:45:00Z,LA,22,1,1,1,500000,30.62,-91.48,0,0,1,10,1,1,77,0,0,0,FALSE,2,TRUE,0.005681818181818182,TRUE,2,Weak,South,5.698970004336019,1,2,1.1875,Morning
585,2008,5,2,2008-05-02,10:15:00,America/Chicago,2008-05-02T15:15:00Z,AR,5,2,3,1,9000000,34.41,-92.49,34.71,-91.88,40.72,300,1,1,53,125,119,85,FALSE,4,TRUE,6.9409090909090905,TRUE,2,Strong,South,6.954242509439325,2,21,0.9625,Afternoon
300502,2011,4,16,2011-04-16,14:58:00,America/Chicago,2011-04-16T19:58:00Z,NC,37,2,0,1,3100000,34.5398,-78.7875,34.6485,-78.5981,13.13,440,1,1,17,0,0,0,FALSE,1,TRUE,3.2825,TRUE,2,Strong,South,6.491361693834273,2,26,0.8307692307692308,Evening
783,1998,4,16,1998-04-16,14:35:00,America/Chicago,1998-04-16T19:35:00Z,KY,21,3,9,2,10210000,36.92,-86.78,36.98,-85.72,48,100,1,1,141,127,3,9,FALSE,11,TRUE,2.727272727272727,TRUE,2,Strong,South,7.00902574208691,3,3,1.1538461538461537,Evening
621073,2022,3,21,2022-03-21,21:10:00,America/Chicago,2022-03-22T02:10:00Z,TX,48,2,10,1,5000000,31.1346,-95.675,31.422,-95.3555,19.07,200,1,1,225,0,0,0,FALSE,11,TRUE,2.1670454545454545,TRUE,2,Strong,South,6.698970004336019,2,3,1.0254237288135593,Night
36,1986,3,10,1986-03-10,13:10:00,America/Chicago,1986-03-10T19:10:00Z,IN,18,2,1,1,5000000,39.57,-85.93,39.78,-85.67,17.8,150,1,1,145,59,0,0,FALSE,2,TRUE,1.5170454545454546,TRUE,2,Strong,Midwest,6.698970004336019,2,1,1.368421052631579,Evening
63,1955,4,6,1955-04-06,02:30:00,America/Chicago,1955-04-06T08:30:00Z,TX,48,3,27,1,5000000,33.63,-96.6,33.58,-96.08,30.2,67,1,1,181,147,0,0,FALSE,28,TRUE,1.149659090909091,TRUE,2,Strong,South,6.698970004336019,3,4,1.0865384615384615,Morning
701,1976,7,11,1976-07-11,14:45:00,America/Chicago,1976-07-11T19:45:00Z,PA,42,3,17,1,5000000,40.35,-79.5,40.27,-79.3,11.8,67,1,1,129,0,0,0,FALSE,18,TRUE,0.4492045454545455,TRUE,3,Strong,Northeast,6.698970004336019,3,2,1.1304347826086956,Evening
789,1980,9,3,1980-09-03,18:36:00,America/Chicago,1980-09-03T23:36:00Z,MN,27,3,15,1,50000000,45.53,-94.22,45.58,-94.15,3.8,60,1,1,145,0,0,0,FALSE,16,TRUE,0.12954545454545452,TRUE,4,Strong,Midwest,7.698970004336019,3,1,1,Evening
620993,2022,3,5,2022-03-05,17:33:00,America/Chicago,2022-03-05T23:33:00Z,IA,19,3,1,1,1500000,40.9405,-93.3854,41.0268,-93.2018,11.28,350,1,1,117,0,0,0,FALSE,2,TRUE,2.2431818181818177,TRUE,2,Strong,Midwest,6.176091259055681,3,7,0.9523809523809523,Evening
624,1988,11,15,1988-11-15,19:41:00,America/Chicago,1988-11-16T01:41:00Z,AR,5,3,10,1,5000000,35.27,-92.6,35.52,-92.23,29,400,1,1,29,45,141,23,FALSE,11,TRUE,6.590909090909091,TRUE,4,Strong,South,6.698970004336019,3,6,1.5,Night
233,2006,4,2,2006-04-02,16:37:00,America/Chicago,2006-04-02T21:37:00Z,AR,5,3,177,2,86000000,36.22,-90.97,36.18,-89.65,77,880,2,0,0,0,0,0,FALSE,179,TRUE,38.5,TRUE,2,Strong,South,7.9344984512435675,3,2,1.1304347826086956,Evening
37,1963,3,11,1963-03-11,17:25:00,America/Chicago,1963-03-11T23:25:00Z,MS,28,4,7,2,50000,33.17,-89.65,33.55,-89.02,45.2,440,1,1,7,19,105,0,FALSE,9,TRUE,11.3,TRUE,2,Violent,South,4.698970004336019,4,10,2.25,Evening
566748,2015,5,10,2015-05-10,22:18:00,America/Chicago,2015-05-11T03:18:00Z,AR,5,2,8,2,1500000,33.9311,-93.8659,34.028,-93.8617,6.7,400,1,1,61,0,0,0,FALSE,10,TRUE,1.5227272727272727,TRUE,2,Strong,South,6.176091259055681,2,2,1,Night
575796,2015,5,9,2015-05-09,15:32:00,America/Chicago,2015-05-09T20:32:00Z,TX,48,3,2,1,300000,32.3032,-99.0133,32.3098,-98.9489,3.79,1400,1,1,133,0,0,0,FALSE,3,TRUE,3.014772727272727,TRUE,2,Strong,South,5.477121254719663,3,17,0.49377593360995853,Evening
364295,2012,1,23,2012-01-23,03:58:00,America/Chicago,2012-01-23T09:58:00Z,AL,1,3,75,1,500000,33.6228,-86.7411,33.7197,-86.4963,15.69,800,1,1,73,115,0,0,FALSE,76,TRUE,7.131818181818181,TRUE,1,Strong,South,5.698970004336019,3,3,0.9090909090909091,Morning
96,1984,3,28,1984-03-28,19:55:00,America/Chicago,1984-03-29T01:55:00Z,NC,37,3,19,6,5000000,36.13,-77.2,36.2,-77.1,6,880,1,1,15,0,0,0,FALSE,25,TRUE,3,TRUE,2,Strong,South,6.698970004336019,3,40,1.75,Night
334,1973,5,9,1973-05-09,13:37:00,America/Chicago,1973-05-09T18:37:00Z,MN,27,1,11,1,500000,44.72,-93.23,0,0,0.2,50,1,1,37,0,0,0,FALSE,12,TRUE,0.005681818181818182,TRUE,2,Weak,Midwest,5.698970004336019,1,1,0.6363636363636364,Evening
595,1994,6,25,1994-06-25,19:30:00,America/Chicago,1994-06-26T00:30:00Z,MO,29,2,2,1,5000000,40.05,-94.72,0,0,0.8,100,1,1,3,0,0,0,FALSE,3,TRUE,0.045454545454545456,TRUE,3,Strong,Midwest,6.698970004336019,2,2,0.35294117647058826,Night
888,1998,2,22,1998-02-22,22:37:00,America/Chicago,1998-02-23T04:37:00Z,FL,12,3,70,3,15000000,28.48,-81.72,28.63,-81.45,18,200,1,1,69,95,0,0,FALSE,73,TRUE,2.0454545454545454,TRUE,1,Strong,South,7.176091259055681,3,42,0.4954128440366973,Night
119,1953,5,1,1953-05-01,19:30:00,America/Chicago,1953-05-02T00:30:00Z,AL,1,4,12,7,500000,33.22,-85.93,33.3,-85.75,12.1,440,1,1,27,0,0,0,FALSE,19,TRUE,3.025,TRUE,2,Violent,South,5.698970004336019,4,18,2.0454545454545454,Night
422,1973,5,26,1973-05-26,14:25:00,America/Chicago,1973-05-26T19:25:00Z,KS,20,1,0,3,50000,37.8,-97.87,37.78,-97.8,3.8,100,1,1,173,0,0,0,FALSE,3,TRUE,0.21590909090909088,TRUE,2,Weak,Midwest,4.698970004336019,1,6,1.490909090909091,Evening
18,1958,2,26,1958-02-26,17:30:00,America/Chicago,1958-02-26T23:30:00Z,MS,28,3,26,8,500000,31.98,-90.53,32.72,-89.72,69.7,60,1,1,29,49,121,89,FALSE,34,TRUE,2.3761363636363635,TRUE,1,Strong,South,5.698970004336019,3,13,2,Evening
293,2004,6,26,2004-06-26,17:05:00,America/Chicago,2004-06-26T22:05:00Z,TX,48,1,0,1,10000,30.9,-96.87,30.9,-96.88,0.8,30,1,1,331,0,0,0,FALSE,1,TRUE,0.013636363636363636,TRUE,3,Weak,South,4,1,2,0.25280898876404495,Evening
1289,1999,6,4,1999-06-04,18:30:00,America/Chicago,1999-06-04T23:30:00Z,SD,46,2,54,1,3200000,43.05,-102.85,43.22,-102.7,15,0,1,1,113,0,0,0,FALSE,55,TRUE,0,TRUE,3,Strong,Midwest,6.505149978319906,2,1,0.1951219512195122,Evening
1380,2008,7,24,2008-07-24,09:30:00,America/Chicago,2008-07-24T14:30:00Z,NH,33,2,2,1,2027000,43.15,-71.31,43.85,-70.99,50.46,880,1,1,15,13,1,17,FALSE,3,TRUE,25.23,TRUE,3,Strong,Northeast,6.306853748693008,2,1,2,Afternoon
620976,2022,2,3,2022-02-03,13:38:00,America/Chicago,2022-02-03T19:38:00Z,AL,1,2,8,1,315000,32.6331,-87.9639,32.8585,-87.6089,25.87,1700,1,1,63,65,0,0,FALSE,9,TRUE,24.988068181818182,TRUE,1,Strong,South,5.498310553789601,2,3,0.7040816326530612,Evening
605,2001,4,21,2001-04-21,20:15:00,America/Chicago,2001-04-22T01:15:00Z,KS,20,4,28,1,43000000,38.5,-98.78,38.57,-98.77,5,660,1,1,9,0,0,0,FALSE,29,TRUE,1.875,TRUE,2,Violent,Midwest,7.633468455579586,4,1,0.3465346534653465,Night
754,1977,9,14,1977-09-14,16:47:00,America/Chicago,1977-09-14T21:47:00Z,AR,5,2,3,1,50000,36,-90.88,0,0,2,50,1,1,75,0,0,0,FALSE,4,TRUE,0.056818181818181816,TRUE,4,Strong,South,4.698970004336019,2,1,0.5,Evening
116,1972,4,6,1972-04-06,18:45:00,America/Chicago,1972-04-07T00:45:00Z,IL,17,2,9,1,500000,42.05,-89.6,41.72,-89.3,17.5,50,1,1,141,103,0,0,FALSE,10,TRUE,0.4971590909090909,TRUE,2,Strong,Midwest,5.698970004336019,2,5,1.3,Night
82,1952,3,22,1952-03-22,15:00:00,America/Chicago,1952-03-22T21:00:00Z,AL,1,4,50,4,50000,34.6,-87,34.68,-86.63,21.6,100,1,1,103,0,0,0,FALSE,54,TRUE,1.2272727272727273,TRUE,2,Violent,South,4.698970004336019,4,6,2,Evening
642,1994,6,27,1994-06-27,01:15:00,America/Chicago,1994-06-27T06:15:00Z,GA,13,2,0,1,5000000,33.88,-84.03,33.88,-83.83,8,200,1,1,135,0,0,0,FALSE,1,TRUE,0.9090909090909091,TRUE,3,Strong,South,6.698970004336019,2,20,0.9230769230769231,Morning
90,1953,4,18,1953-04-18,17:00:00,America/Chicago,1953-04-18T23:00:00Z,AL,1,3,495,8,50000000,32.6,-85.58,32.48,-84.92,39.8,400,2,0,0,0,0,0,FALSE,503,TRUE,9.045454545454545,TRUE,2,Strong,South,7.698970004336019,3,18,2.0454545454545454,Evening
48,2008,1,8,2008-01-08,08:26:00,America/Chicago,2008-01-08T14:26:00Z,AR,5,2,2,1,5350000,35.35,-93.01,35.48,-92.68,20.46,440,1,1,115,29,141,0,FALSE,3,TRUE,5.115,TRUE,1,Strong,South,6.7283537820212285,2,21,0.9625,Afternoon
39,1963,3,11,1963-03-11,17:40:00,America/Chicago,1963-03-11T23:40:00Z,AL,1,2,3,1,5000000,34.77,-87.17,34.95,-86.37,47.2,10,1,1,83,89,0,0,FALSE,4,TRUE,0.2681818181818182,TRUE,2,Strong,South,6.698970004336019,2,3,2,Evening
268,1967,5,6,1967-05-06,18:45:00,America/Chicago,1967-05-06T23:45:00Z,AL,1,3,25,1,5000000,33.45,-86.83,33.47,-86.77,4.3,200,1,1,73,0,0,0,FALSE,26,TRUE,0.4886363636363636,TRUE,2,Strong,South,6.698970004336019,3,5,2,Evening
247,1957,4,25,1957-04-25,18:00:00,America/Chicago,1957-04-26T00:00:00Z,NE,31,4,8,1,5000000,40.58,-97.57,41.18,-96.03,89.8,333,1,1,59,151,159,109,FALSE,9,TRUE,16.990568181818183,TRUE,2,Violent,Midwest,6.698970004336019,4,1,1.169811320754717,Night
97,1974,4,1,1974-04-01,19:10:00,America/Chicago,1974-04-02T00:10:00Z,TN,47,2,12,1,5000,36.12,-86.85,36.2,-86.68,10.9,440,1,1,37,0,0,0,FALSE,13,TRUE,2.725,TRUE,2,Strong,South,3.6989700043360187,2,47,1.813953488372093,Night
117,1998,4,8,1998-04-08,19:56:00,America/Chicago,1998-04-09T00:56:00Z,AL,1,2,12,2,2000000,33.62,-86.48,33.63,-86.25,14.4,200,1,1,115,0,0,0,FALSE,14,TRUE,1.6363636363636362,TRUE,2,Strong,South,6.301029995663981,2,34,0.62,Night
618837,2020,4,12,2020-04-12,19:45:00,America/Chicago,2020-04-13T00:45:00Z,GA,13,2,24,8,500000,34.8098,-84.8377,34.9251,-84.7686,8.88,860,1,1,213,0,0,0,FALSE,32,TRUE,4.33909090909091,TRUE,2,Strong,South,5.698970004336019,2,11,0.6333333333333333,Night
105,2007,3,1,2007-03-01,20:00:00,America/Chicago,2007-03-02T02:00:00Z,GA,13,3,11,2,111002000,31.92,-84.55,32.23,-84.1,43.2,1790,1,1,307,261,193,0,FALSE,13,TRUE,43.936363636363645,TRUE,2,Strong,South,8.045330803841962,3,10,1.075,Night
345,1982,5,13,1982-05-13,14:20:00,America/Chicago,1982-05-13T19:20:00Z,TX,48,3,1,1,500000,30.5,-94.05,30.62,-93.95,8.5,150,1,1,241,0,0,0,FALSE,2,TRUE,0.7244318181818181,TRUE,2,Strong,South,5.698970004336019,3,14,0.8514851485148515,Evening
182,1954,4,30,1954-04-30,13:30:00,America/Chicago,1954-04-30T18:30:00Z,LA,22,2,6,1,50000,31.5,-93.6,31.58,-93.33,16.7,100,1,1,85,0,0,0,FALSE,7,TRUE,0.9488636363636362,TRUE,2,Strong,South,4.698970004336019,2,2,1.0909090909090908,Evening
52,1952,3,21,1952-03-21,14:40:00,America/Chicago,1952-03-21T20:40:00Z,AR,5,4,9,7,50000,34.02,-94.02,34.22,-93.97,13,833,1,1,61,0,0,0,FALSE,16,TRUE,6.152840909090909,TRUE,2,Violent,South,4.698970004336019,4,112,2.3076923076923075,Evening
658,1988,11,19,1988-11-19,22:15:00,America/Chicago,1988-11-20T04:15:00Z,MS,28,3,11,2,5000000,34.12,-88.65,34.27,-88.63,12.5,120,1,1,81,0,0,0,FALSE,13,TRUE,0.8522727272727272,TRUE,4,Strong,South,6.698970004336019,3,2,1.3548387096774193,Night
565,1974,6,8,1974-06-08,17:50:00,America/Chicago,1974-06-08T22:50:00Z,OK,40,3,80,2,50000000,35.98,-96,36.62,-95.2,63.6,100,1,1,143,131,35,0,FALSE,82,TRUE,3.6136363636363638,TRUE,3,Strong,South,7.698970004336019,3,16,1.7555555555555555,Evening
130,1952,5,10,1952-05-10,14:00:00,America/Chicago,1952-05-10T19:00:00Z,SC,45,3,4,2,50,34.8,-82.25,34.8,-81.85,22.7,83,1,1,45,83,0,0,FALSE,6,TRUE,1.0705113636363635,TRUE,2,Strong,South,1.6989700043360187,3,2,2,Evening
294,1969,6,22,1969-06-22,17:40:00,America/Chicago,1969-06-22T22:40:00Z,MO,29,4,22,2,5000000,37.95,-91.1,38,-90.73,20.2,800,1,1,221,0,0,0,FALSE,24,TRUE,9.181818181818182,TRUE,3,Violent,Midwest,6.698970004336019,4,6,1.4545454545454546,Evening
359,1985,5,31,1985-05-31,19:25:00,America/Chicago,1985-06-01T00:25:00Z,PA,42,3,60,6,50000000,41.18,-77.15,41.12,-76.83,19,910,1,1,81,119,97,0,FALSE,66,TRUE,9.823863636363637,TRUE,2,Strong,Northeast,7.698970004336019,3,29,1.7857142857142858,Night
369380,2012,3,2,2012-03-02,15:39:00,America/Chicago,2012-03-02T21:39:00Z,KY,21,3,13,3,9160000,38.835,-84.353,38.8978,-83.9863,20.41,440,2,0,0,0,0,0,FALSE,16,TRUE,5.1025,TRUE,2,Strong,South,6.96189547366785,3,25,1.3170731707317074,Evening
466,2007,5,4,2007-05-04,22:34:00,America/Chicago,2007-05-05T03:34:00Z,KS,20,3,0,1,500000,37.9,-98.95,38.11,-98.78,17.4,1515,1,1,185,0,0,0,FALSE,1,TRUE,14.977840909090908,TRUE,2,Strong,Midwest,5.698970004336019,3,14,0.4642857142857143,Night
1031,1999,5,5,1999-05-05,19:20:00,America/Chicago,1999-05-06T00:20:00Z,TN,47,4,0,3,290000,35.57,-87.92,35.63,-87.83,6,580,1,1,135,0,0,0,FALSE,3,TRUE,1.977272727272727,TRUE,2,Violent,South,5.4623979978989565,4,12,1.4782608695652173,Night
618932,2020,4,19,2020-04-19,18:09:00,America/Chicago,2020-04-19T23:09:00Z,MS,28,4,1,1,700000,31.0707,-89.9646,31.2338,-89.0792,53.76,2275,1,1,147,91,73,35,FALSE,2,TRUE,69.4909090909091,TRUE,2,Violent,South,5.845098040014257,4,12,0.9878048780487805,Evening
103,1982,4,2,1982-04-02,16:00:00,America/Chicago,1982-04-02T22:00:00Z,TX,48,4,170,10,50000000,33.65,-95.63,33.68,-95.23,23,250,1,1,277,387,0,0,FALSE,180,TRUE,3.267045454545455,TRUE,2,Violent,South,7.698970004336019,4,14,0.8514851485148515,Evening
617788,2019,5,25,2019-05-25,21:28:00,America/Chicago,2019-05-26T02:28:00Z,OK,40,3,29,2,400000,35.5,-97.955,35.51,-97.919,2.2,75,1,1,17,0,0,0,FALSE,31,TRUE,0.09375,TRUE,2,Strong,South,5.6020599913279625,3,4,0.8040540540540541,Night
614871,2017,4,2,2017-04-02,08:47:00,America/Chicago,2017-04-02T13:47:00Z,LA,22,1,0,2,15000,30.2676,-91.8532,30.2756,-91.8436,0.8,20,1,1,99,0,0,0,FALSE,2,TRUE,0.009090909090909092,TRUE,2,Weak,South,4.176091259055681,1,3,0.9285714285714286,Afternoon
358,2006,4,13,2006-04-13,19:45:00,America/Chicago,2006-04-14T00:45:00Z,IA,19,1,1,1,120000,41.43,-91.38,41.45,-91.22,9.4,440,1,1,103,139,0,0,FALSE,2,TRUE,2.35,TRUE,2,Weak,Midwest,5.079181246047625,1,1,0.47368421052631576,Night
292,1970,6,11,1970-06-11,20:15:00,America/Chicago,1970-06-12T01:15:00Z,OK,40,3,45,1,5000000,35.68,-94.77,36.35,-93.9,51.8,250,2,0,0,0,0,0,FALSE,46,TRUE,7.357954545454546,TRUE,3,Strong,South,6.698970004336019,3,7,1.12,Night
771,1998,3,20,1998-03-20,14:25:00,America/Chicago,1998-03-20T20:25:00Z,NC,37,3,27,2,34000000,36.4,-79.98,36.53,-79.78,12,300,1,1,157,0,0,0,FALSE,29,TRUE,2.0454545454545454,TRUE,2,Strong,South,7.531478917042255,3,2,0.7384615384615385,Evening
373,1983,5,20,1983-05-20,01:30:00,America/Chicago,1983-05-20T06:30:00Z,TX,48,2,7,1,5000000,29.83,-95.53,29.93,-95.37,12,333,1,1,201,0,0,0,FALSE,8,TRUE,2.2704545454545455,TRUE,2,Strong,South,6.698970004336019,2,8,0.5268817204301075,Morning
266,1961,5,6,1961-05-06,23:30:00,America/Chicago,1961-05-07T04:30:00Z,AR,5,2,6,2,500000,35.53,-91.58,0,0,1.5,300,1,1,145,63,0,0,FALSE,8,TRUE,0.2556818181818182,TRUE,2,Strong,South,5.698970004336019,2,7,1.6944444444444444,Night
92,2008,2,5,2008-02-05,17:02:00,America/Chicago,2008-02-05T23:02:00Z,AR,5,2,36,1,17500000,36.21,-92.62,36.32,-92.45,12.5,880,1,1,89,5,0,0,FALSE,37,TRUE,6.25,TRUE,1,Strong,South,7.243038048686294,2,21,0.9625,Evening
27,1953,2,20,1953-02-20,16:10:00,America/Chicago,1953-02-20T22:10:00Z,AL,1,3,8,1,50000,34.7,-87.7,0,0,0.1,20,1,1,33,0,0,0,FALSE,9,TRUE,0.0011363636363636365,TRUE,1,Strong,South,4.698970004336019,3,18,2.0454545454545454,Evening
20,1952,2,13,1952-02-13,20:00:00,America/Chicago,1952-02-14T02:00:00Z,AL,1,3,14,1,50000,33.57,-87.67,33.62,-87.62,5.6,100,1,1,125,57,0,0,FALSE,15,TRUE,0.3181818181818182,TRUE,1,Strong,South,4.698970004336019,3,6,2,Night
87,1976,3,12,1976-03-12,15:50:00,America/Chicago,1976-03-12T21:50:00Z,IN,18,1,0,1,50000,41.07,-85.02,0,0,0.1,17,1,1,3,0,0,0,FALSE,1,TRUE,9.65909090909091e-4,TRUE,2,Weak,Midwest,4.698970004336019,1,3,1.0833333333333333,Evening
590,1960,10,31,1960-10-31,09:30:00,America/Chicago,1960-10-31T15:30:00Z,FL,12,2,0,1,5000,26.45,-82.05,0,0,0.1,10,1,1,71,0,0,0,FALSE,1,TRUE,5.681818181818183e-4,TRUE,4,Strong,South,3.6989700043360187,2,1,1.096774193548387,Afternoon
614585,2017,1,22,2017-01-22,02:29:00,America/Chicago,2017-01-22T08:29:00Z,GA,13,3,45,11,2500000,30.9998,-83.5841,31.1557,-83.2095,24.66,700,1,1,27,75,19,0,FALSE,56,TRUE,9.807954545454544,TRUE,1,Strong,South,6.3979400086720375,3,16,0.7777777777777778,Morning
942,1994,8,27,1994-08-27,20:41:00,America/Chicago,1994-08-28T01:41:00Z,WI,55,3,22,2,5000000,44.1,-89.92,44.22,-89.8,10.5,850,1,1,1,0,0,0,FALSE,24,TRUE,5.0710227272727275,TRUE,3,Strong,Midwest,6.698970004336019,3,4,1.1666666666666667,Night
113,1999,1,21,1999-01-21,19:25:00,America/Chicago,1999-01-22T01:25:00Z,AR,5,3,29,2,500000,35.05,-91.92,35.13,-91.8,8,1000,1,1,145,0,0,0,FALSE,31,TRUE,4.545454545454546,TRUE,1,Strong,South,5.698970004336019,3,8,1.145631067961165,Night
650,1964,10,3,1964-10-03,06:30:00,America/Chicago,1964-10-03T11:30:00Z,LA,22,4,165,22,5000000,29.6,-90.37,0,0,1.5,67,1,1,57,0,0,0,FALSE,187,TRUE,0.05710227272727273,TRUE,4,Violent,South,6.698970004336019,4,22,1.6428571428571428,Morning
834,1996,11,8,1996-11-08,04:35:00,America/Chicago,1996-11-08T10:35:00Z,GA,13,2,6,1,200000,32.38,-83.17,32.42,-83.13,4,50,1,1,91,0,0,0,FALSE,7,TRUE,0.11363636363636363,TRUE,4,Strong,South,5.301029995663981,2,1,0.6111111111111112,Morning
258,1979,5,8,1979-05-08,11:15:00,America/Chicago,1979-05-08T16:15:00Z,FL,12,2,40,1,50000000,28.07,-81.68,0,0,4,200,1,1,105,0,0,0,FALSE,41,TRUE,0.45454545454545453,TRUE,2,Strong,South,7.698970004336019,2,1,0.6741573033707865,Afternoon
207,1958,6,4,1958-06-04,19:30:00,America/Chicago,1958-06-05T00:30:00Z,WI,55,4,3,4,5000000,44.77,-91.27,44.9,-90.07,59.2,880,1,1,35,19,73,0,FALSE,7,TRUE,29.6,TRUE,3,Violent,Midwest,6.698970004336019,4,28,2.125,Night
191,1974,4,3,1974-04-03,18:30:00,America/Chicago,1974-04-03T23:30:00Z,GA,13,4,30,6,5000000,34.37,-84.33,34.53,-84.12,17.7,200,1,1,227,85,187,0,FALSE,36,TRUE,2.0113636363636362,TRUE,2,Violent,South,6.698970004336019,4,23,1.4137931034482758,Evening
143,1983,4,9,1983-04-09,11:55:00,America/Chicago,1983-04-09T17:55:00Z,FL,12,3,2,3,5000000,28.72,-82.48,28.85,-82.35,10,80,1,1,17,0,0,0,FALSE,5,TRUE,0.4545454545454546,TRUE,2,Strong,South,6.698970004336019,3,4,1.0235294117647058,Afternoon
148,1974,4,3,1974-04-03,15:45:00,America/Chicago,1974-04-03T20:45:00Z,KY,21,3,57,3,5000000,36.72,-86.53,37,-86.1,31.1,10,1,1,213,227,9,0,FALSE,60,TRUE,0.17670454545454548,TRUE,2,Strong,South,6.698970004336019,3,72,2.7419354838709675,Evening
220,1974,4,3,1974-04-03,20:15:00,America/Chicago,1974-04-04T01:15:00Z,TN,47,2,1,1,500000,35.52,-85.77,35.6,-85.65,8.7,100,1,1,177,0,0,0,FALSE,2,TRUE,0.49431818181818177,TRUE,2,Strong,South,5.698970004336019,2,47,1.813953488372093,Night
63,1967,3,12,1967-03-12,05:30:00,America/Chicago,1967-03-12T11:30:00Z,TN,47,2,5,1,500000,36.13,-82.92,36.25,-82.67,16,300,1,1,59,0,0,0,FALSE,6,TRUE,2.727272727272727,TRUE,2,Strong,South,5.698970004336019,2,2,1.3333333333333333,Morning
14,2001,2,24,2001-02-24,16:46:00,America/Chicago,2001-02-24T22:46:00Z,AR,5,2,3,1,315000,36.27,-91.97,36.33,-91.87,8,300,1,1,49,0,0,0,FALSE,4,TRUE,1.3636363636363635,TRUE,1,Strong,South,5.498310553789601,2,2,1.0256410256410255,Evening
1019,1973,11,24,1973-11-24,20:00:00,America/Chicago,1973-11-25T02:00:00Z,AR,5,2,8,1,500000,35.33,-92.08,0,0,1.3,100,1,1,145,0,0,0,FALSE,9,TRUE,0.07386363636363637,TRUE,4,Strong,South,5.698970004336019,2,5,1.5,Night
69,1957,4,2,1957-04-02,16:30:00,America/Chicago,1957-04-02T22:30:00Z,TX,48,3,200,10,5000000,32.85,-96.83,33.1,-96.83,17.2,100,1,1,113,0,0,0,FALSE,210,TRUE,0.9772727272727272,TRUE,2,Strong,South,6.698970004336019,3,38,1.4137931034482758,Evening
237,1975,4,24,1975-04-24,15:30:00,America/Chicago,1975-04-24T20:30:00Z,TN,47,2,4,1,500000,36.05,-85.2,0,0,1.5,440,1,1,35,0,0,0,FALSE,5,TRUE,0.375,TRUE,2,Strong,South,5.698970004336019,2,3,1.0769230769230769,Evening
130,1983,4,1,1983-04-01,16:15:00,America/Chicago,1983-04-01T22:15:00Z,LA,22,4,20,2,5000000,32.65,-92.02,32.7,-91.87,9,1000,1,1,73,67,0,0,FALSE,22,TRUE,5.113636363636364,TRUE,2,Violent,South,6.698970004336019,4,5,1.78125,Evening
835,1957,12,18,1957-12-18,16:35:00,America/Chicago,1957-12-18T22:35:00Z,IL,17,5,6,1,500000,38.08,-89.25,38.1,-89.15,5.4,200,1,1,145,0,0,0,FALSE,7,TRUE,0.6136363636363636,TRUE,1,Violent,Midwest,5.698970004336019,5,15,2.1666666666666665,Evening
674,2008,5,10,2008-05-10,17:08:00,America/Chicago,2008-05-10T22:08:00Z,MO,29,1,10,1,1000000,37.18,-94.22,37.18,-94.16,3.02,440,1,1,97,0,0,0,FALSE,11,TRUE,0.755,TRUE,2,Weak,Midwest,6,1,4,0.5824175824175825,Evening
622061,2022,12,14,2022-12-14,14:21:00,America/Chicago,2022-12-14T20:21:00Z,LA,22,2,8,1,250000,29.9916,-90.4992,30.0342,-90.4375,4.72,75,1,1,89,0,0,0,FALSE,9,TRUE,0.2011363636363636,TRUE,1,Strong,South,5.3979400086720375,2,4,1.0612244897959184,Evening
71,1952,3,21,1952-03-21,20:30:00,America/Chicago,1952-03-22T02:30:00Z,TN,47,4,5,4,500000,36.1,-89.27,0,0,2,200,1,1,45,0,0,0,FALSE,9,TRUE,0.22727272727272727,TRUE,2,Violent,South,5.698970004336019,4,68,2.4545454545454546,Night
309488,2011,4,27,2011-04-27,14:05:00,America/Chicago,2011-04-27T19:05:00Z,AL,1,5,145,72,1290000000,34.1043,-88.1479,35.0857,-86.1511,132,2200,2,0,0,0,0,0,FALSE,217,TRUE,165,TRUE,2,Violent,South,9.11058971029925,5,237,1.3014705882352942,Evening
183,1974,4,3,1974-04-03,18:05:00,America/Chicago,1974-04-03T23:05:00Z,NC,37,2,11,2,500000,35.27,-83.98,35.38,-83.58,24.1,10,1,1,75,173,0,0,FALSE,13,TRUE,0.13693181818181818,TRUE,2,Strong,South,5.698970004336019,2,3,1.1,Evening
125,1962,5,8,1962-05-08,16:30:00,America/Chicago,1962-05-08T21:30:00Z,VA,51,2,2,1,500,37.67,-77.8,0,0,0.1,10,1,1,75,145,0,0,FALSE,3,TRUE,5.681818181818183e-4,TRUE,2,Strong,South,2.6989700043360187,2,2,1.25,Evening
355,1985,5,31,1985-05-31,18:00:00,America/Chicago,1985-05-31T23:00:00Z,PA,42,4,40,4,5000000,41.63,-79.03,41.55,-78.5,29,1000,1,1,123,83,47,0,FALSE,44,TRUE,16.47727272727273,TRUE,2,Violent,Northeast,6.698970004336019,4,29,1.7857142857142858,Evening
266,2001,6,7,2001-06-07,05:24:00,America/Chicago,2001-06-07T10:24:00Z,LA,22,1,0,1,50000,30.7,-91.15,30.7,-91.15,1,30,1,1,33,0,0,0,FALSE,1,TRUE,0.017045454545454544,TRUE,3,Weak,South,4.698970004336019,1,4,0.71875,Morning
102,1995,4,11,1995-04-11,04:15:00,America/Chicago,1995-04-11T09:15:00Z,MS,28,1,0,1,50000,31.12,-90.05,31.12,-89.95,5,30,1,1,147,0,0,0,FALSE,1,TRUE,0.08522727272727272,TRUE,2,Weak,South,4.698970004336019,1,1,0.6,Morning
16,1950,2,12,1950-02-12,12:00:00,America/Chicago,1950-02-12T18:00:00Z,MS,28,2,2,3,50000,34.6,-89.12,0,0,0.1,10,1,1,145,0,0,0,FALSE,5,TRUE,5.681818181818183e-4,TRUE,1,Strong,South,4.698970004336019,2,6,1.6428571428571428,Evening
307,1984,5,3,1984-05-03,06:00:00,America/Chicago,1984-05-03T11:00:00Z,AL,1,3,37,5,5000000,32.37,-86.4,32.45,-86.35,7,800,1,1,101,51,0,0,FALSE,42,TRUE,3.1818181818181817,TRUE,2,Strong,South,6.698970004336019,3,5,1.3095238095238095,Morning
490,1965,6,2,1965-06-02,21:00:00,America/Chicago,1965-06-03T02:00:00Z,TX,48,4,76,4,50000,33.9,-102.15,34.22,-101.58,39.3,200,1,1,279,189,0,0,FALSE,80,TRUE,4.465909090909091,TRUE,3,Violent,South,4.698970004336019,4,6,1.3703703703703705,Night
330,1985,5,30,1985-05-30,21:22:00,America/Chicago,1985-05-31T02:22:00Z,IA,19,3,27,2,50000000,42.85,-91.53,42.93,-90.87,34,1500,2,0,0,0,0,0,FALSE,29,TRUE,28.977272727272727,TRUE,2,Strong,Midwest,7.698970004336019,3,2,0.5185185185185185,Night
470,1996,7,18,1996-07-18,18:05:00,America/Chicago,1996-07-18T23:05:00Z,WI,55,2,1,1,450000,43.95,-88.27,43.9,-88.17,6.4,200,1,1,15,39,0,0,FALSE,2,TRUE,0.7272727272727273,TRUE,3,Strong,Midwest,5.653212513775344,2,1,0.7619047619047619,Evening
112,1972,4,5,1972-04-05,14:50:00,America/Chicago,1972-04-05T20:50:00Z,OR,41,3,300,6,50000000,45.6,-122.63,45.63,-122.45,8.7,440,2,0,0,0,0,0,FALSE,306,TRUE,2.175,TRUE,2,Strong,West,7.698970004336019,3,6,3,Evening
810,1975,8,31,1975-08-31,17:00:00,America/Chicago,1975-08-31T22:00:00Z,MN,27,1,0,2,500000,47.53,-96.82,47.6,-96.78,4.3,30,1,1,119,0,0,0,FALSE,2,TRUE,0.07329545454545454,TRUE,3,Weak,Midwest,5.698970004336019,1,2,1.0714285714285714,Evening
453682,2013,5,31,2013-05-31,17:03:00,America/Chicago,2013-05-31T22:03:00Z,OK,40,3,26,8,300000,35.485,-98.096,35.502,-97.848,16.2,4576,1,1,17,0,0,0,FALSE,34,TRUE,42.12,TRUE,2,Strong,South,5.477121254719663,3,34,0.7439024390243902,Evening
152,1965,4,11,1965-04-11,18:20:00,America/Chicago,1965-04-12T00:20:00Z,IN,18,4,835,25,500000000,40.4,-86.38,40.52,-85.47,48,880,1,1,23,67,53,0,FALSE,860,TRUE,24,TRUE,2,Violent,Midwest,8.698970004336019,4,162,2.090909090909091,Night
530,1982,5,29,1982-05-29,14:05:00,America/Chicago,1982-05-29T19:05:00Z,IL,17,4,181,10,500000000,37.8,-89.13,37.72,-88.83,17,400,1,1,199,0,0,0,FALSE,191,TRUE,3.8636363636363633,TRUE,2,Violent,Midwest,8.698970004336019,4,13,0.6571428571428571,Evening
1068,2010,9,16,2010-09-16,15:42:00,America/Chicago,2010-09-16T20:42:00Z,NY,36,1,1,1,50000,40.74,-73.84,40.8,-73.76,4,100,1,1,81,0,0,0,FALSE,2,TRUE,0.22727272727272727,TRUE,4,Weak,Northeast,4.698970004336019,1,1,0.9230769230769231,Evening
927,2002,11,10,2002-11-10,01:00:00,America/Chicago,2002-11-10T07:00:00Z,TN,47,1,0,2,100000,36.53,-87.15,36.55,-87.13,0.3,400,1,1,125,0,0,0,FALSE,2,TRUE,0.06818181818181818,TRUE,4,Weak,South,5,1,17,1.2,Morning
204,1968,5,15,1968-05-15,15:57:00,America/Chicago,1968-05-15T20:57:00Z,IA,19,5,156,5,50000000,42.67,-91.93,42.85,-91.85,13.1,500,1,1,65,0,0,0,FALSE,161,TRUE,3.721590909090909,TRUE,2,Violent,Midwest,7.698970004336019,5,18,1.36,Evening
1257,2010,12,31,2010-12-31,06:05:00,America/Chicago,2010-12-31T12:05:00Z,OK,40,3,10,4,1935000,35.9977,-94.5655,36.1979,-94.2819,21.1,500,2,0,0,0,0,0,FALSE,14,TRUE,5.9943181818181825,TRUE,1,Strong,South,6.28668096935493,3,7,0.8333333333333334,Afternoon
29,1967,1,24,1967-01-24,18:55:00,America/Chicago,1967-01-25T00:55:00Z,MO,29,4,216,3,50000000,38.68,-90.55,38.82,-90.12,25,200,1,1,189,0,0,0,FALSE,219,TRUE,2.840909090909091,TRUE,1,Violent,Midwest,7.698970004336019,4,8,1.2571428571428571,Night
297632,2011,4,27,2011-04-27,22:40:00,America/Chicago,2011-04-28T03:40:00Z,TN,47,3,70,2,8000000,36.106,-82.702,36.205,-82.491,13.6,1000,1,1,59,179,0,0,FALSE,72,TRUE,7.7272727272727275,TRUE,2,Strong,South,6.903089986991944,3,20,0.8556701030927835,Night
428124,2013,2,21,2013-02-21,13:10:00,America/Chicago,2013-02-21T19:10:00Z,TX,48,1,2,1,250000,31.3157,-93.9751,31.3442,-93.9072,4.47,150,1,1,403,0,0,0,FALSE,3,TRUE,0.38096590909090905,TRUE,1,Weak,South,5.3979400086720375,1,7,0.34523809523809523,Evening
885,1965,11,26,1965-11-26,23:00:00,America/Chicago,1965-11-27T05:00:00Z,KY,21,2,1,1,315000,37.12,-85.75,37.1,-85.65,5.4,10,1,1,169,0,0,0,FALSE,2,TRUE,0.030681818181818185,TRUE,4,Strong,South,5.498310553789601,2,1,1.8571428571428572,Night
620683,2021,10,27,2021-10-27,19:31:00,America/Chicago,2021-10-28T00:31:00Z,MS,28,1,0,1,150000,30.4003,-88.5177,30.4014,-88.5033,0.86,50,1,1,59,0,0,0,FALSE,1,TRUE,0.02443181818181818,TRUE,4,Weak,South,5.176091259055681,1,1,0.52,Night
469,1973,5,27,1973-05-27,17:20:00,America/Chicago,1973-05-27T22:20:00Z,AL,1,4,199,7,50000000,32.53,-87.8,33.53,-85.75,139.1,800,1,1,65,105,7,117,FALSE,206,TRUE,63.22727272727272,TRUE,2,Violent,South,7.698970004336019,4,10,1.8,Evening
129,1971,3,12,1971-03-12,18:30:00,America/Chicago,1971-03-13T00:30:00Z,TX,48,4,5,1,5000000,33.48,-94.48,33.5,-94.4,5.1,880,1,1,37,0,0,0,FALSE,6,TRUE,2.55,TRUE,2,Violent,South,6.698970004336019,4,2,1.4293193717277486,Night
459,1981,6,19,1981-06-19,18:30:00,America/Chicago,1981-06-19T23:30:00Z,KS,20,3,33,1,50000000,38.97,-95.27,38.92,-95.13,7.7,200,1,1,45,0,0,0,FALSE,34,TRUE,0.875,TRUE,3,Strong,Midwest,7.698970004336019,3,1,0.717948717948718,Evening
90,1984,3,28,1984-03-28,18:20:00,America/Chicago,1984-03-29T00:20:00Z,SC,45,4,395,4,50000000,34.63,-79.6,34.93,-78.88,40,2600,2,0,0,0,0,0,FALSE,399,TRUE,59.09090909090909,TRUE,2,Violent,South,7.698970004336019,4,17,2.0555555555555554,Night
78,1992,3,10,1992-03-10,02:05:00,America/Chicago,1992-03-10T08:05:00Z,AL,1,3,7,2,500000,32.58,-87.82,32.7,-87.48,18,440,1,1,63,65,0,0,FALSE,9,TRUE,4.5,TRUE,2,Strong,South,5.698970004336019,3,2,1.0833333333333333,Morning
830,1979,10,30,1979-10-30,10:05:00,America/Chicago,1979-10-30T16:05:00Z,OK,40,3,2,3,500000,34.23,-97.27,34.35,-97.23,8.4,530,1,1,19,0,0,0,FALSE,5,TRUE,2.5295454545454548,TRUE,4,Strong,South,5.698970004336019,3,7,1.2291666666666667,Afternoon
206,1968,5,15,1968-05-15,16:00:00,America/Chicago,1968-05-15T21:00:00Z,IL,17,1,50,4,5000000,40.23,-89.13,40.23,-88.65,25.4,1000,1,1,39,0,0,0,FALSE,54,TRUE,14.431818181818182,TRUE,2,Weak,Midwest,6.698970004336019,1,8,1.875,Evening
203,1958,6,4,1958-06-04,17:30:00,America/Chicago,1958-06-04T22:30:00Z,WI,55,5,74,21,50000000,44.9,-92.33,45.05,-91.67,33.7,880,1,1,109,33,0,0,FALSE,95,TRUE,16.85,TRUE,3,Violent,Midwest,7.698970004336019,5,28,2.125,Evening
786,1998,4,16,1998-04-16,15:53:00,America/Chicago,1998-04-16T20:53:00Z,KY,21,2,0,1,5000000,37,-85.7,36.98,-85.57,8,100,1,1,169,0,0,0,FALSE,1,TRUE,0.45454545454545453,TRUE,2,Strong,South,6.698970004336019,2,3,1.1538461538461537,Evening
464,2007,5,4,2007-05-04,21:39:00,America/Chicago,2007-05-05T02:39:00Z,KS,20,3,2,1,500000,37.69,-99.07,37.92,-98.99,18.22,2110,1,1,97,47,151,185,FALSE,3,TRUE,21.843295454545455,TRUE,2,Strong,Midwest,5.698970004336019,3,14,0.4642857142857143,Night
560,2001,10,24,2001-10-24,14:15:00,America/Chicago,2001-10-24T19:15:00Z,IN,18,2,0,1,1000000,41.43,-86.9,41.67,-86.48,35,1760,1,1,91,141,0,0,FALSE,1,TRUE,35,TRUE,4,Strong,Midwest,6,2,2,0.6956521739130435,Evening
76,1975,2,22,1975-02-22,00:30:00,America/Chicago,1975-02-22T06:30:00Z,OK,40,2,8,2,500000,34.62,-99.35,34.67,-99.28,5.2,100,1,1,65,0,0,0,FALSE,10,TRUE,0.29545454545454547,TRUE,1,Strong,South,5.698970004336019,2,3,1.6470588235294117,Morning
151,1965,4,11,1965-04-11,18:10:00,America/Chicago,1965-04-12T00:10:00Z,IN,18,4,321,36,5000000,41.58,-86.2,41.75,-85.5,37,333,1,1,141,39,87,0,FALSE,357,TRUE,7.000568181818182,TRUE,2,Violent,Midwest,6.698970004336019,4,162,2.090909090909091,Night
296,2007,4,15,2007-04-15,06:20:00,America/Chicago,2007-04-15T11:20:00Z,SC,45,3,5,1,500000,33.79,-80.5,33.98,-80.25,19.04,300,1,1,85,0,0,0,FALSE,6,TRUE,3.245454545454545,TRUE,2,Strong,South,5.698970004336019,3,1,0.7222222222222222,Morning
104,1994,4,12,1994-04-12,18:20:00,America/Chicago,1994-04-12T23:20:00Z,MS,28,2,16,2,5000000,30.47,-89.05,0,0,2,100,1,1,47,0,0,0,FALSE,18,TRUE,0.11363636363636363,TRUE,2,Strong,South,6.698970004336019,2,4,0.5,Evening
607,1961,9,12,1961-09-12,03:15:00,America/Chicago,1961-09-12T08:15:00Z,TX,48,4,200,8,5000000,29.32,-94.78,0,0,1,100,1,1,167,0,0,0,FALSE,208,TRUE,0.056818181818181816,TRUE,4,Violent,South,6.698970004336019,4,11,1.4193548387096775,Morning
50,1982,3,15,1982-03-15,19:40:00,America/Chicago,1982-03-16T01:40:00Z,KS,20,3,6,1,5000000,37.02,-95.43,37.18,-94.97,30,167,1,1,99,21,0,0,FALSE,7,TRUE,2.8465909090909087,TRUE,2,Strong,Midwest,6.698970004336019,3,4,0.7068965517241379,Night
845,1965,10,7,1965-10-07,12:15:00,America/Chicago,1965-10-07T17:15:00Z,NC,37,3,4,1,50000,35.65,-79.83,0,0,1,33,1,1,151,0,0,0,FALSE,5,TRUE,0.01875,TRUE,4,Strong,South,4.698970004336019,3,3,1.8888888888888888,Afternoon
966,1982,12,2,1982-12-02,14:50:00,America/Chicago,1982-12-02T20:50:00Z,AR,5,3,53,2,50000000,34.58,-92.47,34.85,-92.27,18,233,1,1,125,119,0,0,FALSE,55,TRUE,2.3829545454545453,TRUE,1,Strong,South,7.698970004336019,3,18,1.513157894736842,Evening
289592,2011,4,25,2011-04-25,17:07:00,America/Chicago,2011-04-25T22:07:00Z,AR,5,3,20,1,23000000,34.5903,-93.039,34.733,-92.8,16.78,300,1,1,51,125,0,0,FALSE,21,TRUE,2.860227272727273,TRUE,2,Strong,South,7.361727836017593,3,12,0.9722222222222222,Evening
1035,2007,10,18,2007-10-18,17:35:00,America/Chicago,2007-10-18T22:35:00Z,MI,26,2,1,1,1100000,44.67,-85.23,44.72,-85.19,4.45,430,1,1,79,0,0,0,FALSE,2,TRUE,1.0872159090909093,TRUE,4,Strong,Midwest,6.041392685158225,2,3,1.0434782608695652,Evening
246,1987,6,11,1987-06-11,17:20:00,America/Chicago,1987-06-11T22:20:00Z,TX,48,1,4,1,50000,36.42,-100.82,0,0,1.5,60,1,1,357,0,0,0,FALSE,5,TRUE,0.05113636363636363,TRUE,3,Weak,South,4.698970004336019,1,43,0.7301587301587301,Evening
23,1976,2,17,1976-02-17,20:00:00,America/Chicago,1976-02-18T02:00:00Z,AR,5,2,46,3,500000,33.03,-91.52,33.4,-91.27,29.5,200,1,1,3,17,0,0,FALSE,49,TRUE,3.352272727272727,TRUE,1,Strong,South,5.698970004336019,2,9,1.2592592592592593,Night
10,1956,2,14,1956-02-14,22:30:00,America/Chicago,1956-02-15T04:30:00Z,AR,5,3,5,1,500000,35.17,-93,35.42,-92.43,33,300,1,1,115,29,141,0,FALSE,6,TRUE,5.625,TRUE,1,Strong,South,5.698970004336019,3,1,1.9230769230769231,Night
6,1971,1,15,1971-01-15,11:30:00,America/Chicago,1971-01-15T17:30:00Z,GA,13,2,1,1,50000,32.05,-84.03,0,0,2,100,1,1,261,0,0,0,FALSE,2,TRUE,0.11363636363636363,TRUE,1,Strong,South,4.698970004336019,2,2,1.4130434782608696,Afternoon
131,1955,4,24,1955-04-24,05:45:00,America/Chicago,1955-04-24T10:45:00Z,AL,1,4,20,5,5000000,34.35,-87.05,34.37,-86.9,8.6,200,1,1,103,0,0,0,FALSE,25,TRUE,0.9772727272727272,TRUE,2,Violent,South,6.698970004336019,4,5,2.1666666666666665,Morning
14,2009,2,10,2009-02-10,18:45:00,America/Chicago,2009-02-11T00:45:00Z,TX,48,4,46,8,3000000,33.93,-97.62,34.26,-97.113,36.99,880,2,0,0,0,0,0,FALSE,54,TRUE,18.495,TRUE,1,Violent,South,6.477121254719663,4,8,0.43410852713178294,Night
96,1971,2,26,1971-02-26,12:30:00,America/Chicago,1971-02-26T18:30:00Z,AL,1,1,0,3,50000,33.57,-86.67,0,0,2,50,1,1,73,0,0,0,FALSE,3,TRUE,0.056818181818181816,TRUE,1,Weak,South,4.698970004336019,1,4,1.8636363636363635,Evening
316,2006,4,7,2006-04-07,17:28:00,America/Chicago,2006-04-07T22:28:00Z,TN,47,1,0,1,100000,35.58,-85.92,35.58,-85.92,4,100,1,1,177,0,0,0,FALSE,1,TRUE,0.22727272727272727,TRUE,2,Weak,South,5,1,34,1.2,Evening
597,1995,5,29,1995-05-29,16:06:00,America/Chicago,1995-05-29T21:06:00Z,MA,25,4,24,3,50000000,42.2,-73.43,42.17,-73.17,11.5,300,1,1,3,0,0,0,FALSE,27,TRUE,1.9602272727272725,TRUE,2,Violent,Northeast,7.698970004336019,4,3,4,Evening
372,1983,5,20,1983-05-20,01:20:00,America/Chicago,1983-05-20T06:20:00Z,TX,48,2,5,1,5000000,30.07,-95.57,30.07,-95.45,7,333,1,1,201,0,0,0,FALSE,6,TRUE,1.3244318181818182,TRUE,2,Strong,South,6.698970004336019,2,8,0.5268817204301075,Morning
549,2005,11,27,2005-11-27,22:30:00,America/Chicago,2005-11-28T04:30:00Z,MO,29,2,0,1,250000,36.53,-91.1,36.68,-91,12,250,1,1,181,0,0,0,FALSE,1,TRUE,1.7045454545454546,TRUE,4,Strong,Midwest,5.3979400086720375,2,1,0.48717948717948717,Night
233,1971,5,5,1971-05-05,17:55:00,America/Chicago,1971-05-05T22:55:00Z,MO,29,3,60,1,5000000,37.08,-94.57,37.12,-94.33,13.1,70,1,1,97,0,0,0,FALSE,61,TRUE,0.5210227272727272,TRUE,2,Strong,Midwest,6.698970004336019,3,3,1.2758620689655173,Evening
618491,2019,12,16,2019-12-16,11:10:00,America/Chicago,2019-12-16T17:10:00Z,LA,22,3,0,1,25000000,30.8471,-93.2657,31.3586,-92.3935,62.61,550,1,1,11,115,79,0,FALSE,1,TRUE,19.565625,TRUE,1,Strong,South,7.3979400086720375,3,4,0.9390243902439024,Afternoon
300746,2011,4,27,2011-04-27,13:02:00,America/Chicago,2011-04-27T18:02:00Z,TN,47,1,0,1,125000,35.04,-85.07,35.197,-84.859,17,120,1,1,65,11,0,0,FALSE,1,TRUE,1.159090909090909,TRUE,2,Weak,South,5.096910013008056,1,20,0.8556701030927835,Evening
878,1971,12,15,1971-12-15,02:30:00,America/Chicago,1971-12-15T08:30:00Z,MO,29,2,26,1,50000,37.02,-89.85,37.25,-89.48,27,100,1,1,207,201,0,0,FALSE,27,TRUE,1.534090909090909,TRUE,1,Strong,Midwest,4.698970004336019,2,3,1.2758620689655173,Morning
378787,2012,4,14,2012-04-14,22:42:00,America/Chicago,2012-04-15T03:42:00Z,OK,40,3,29,6,500000,36.1133,-99.7837,36.4879,-99.39,34,400,1,1,45,153,0,0,FALSE,35,TRUE,7.727272727272727,TRUE,2,Strong,South,5.698970004336019,3,6,0.4444444444444444,Night
856,1984,10,18,1984-10-18,19:30:00,America/Chicago,1984-10-19T00:30:00Z,MO,29,3,1,1,5000000,36.77,-91.52,37.08,-91.27,26,440,1,1,149,203,0,0,FALSE,2,TRUE,6.5,TRUE,4,Strong,Midwest,6.698970004336019,3,5,1.05,Night
74,1957,4,2,1957-04-02,18:00:00,America/Chicago,1957-04-03T00:00:00Z,TX,48,2,2,1,50000,33.48,-95.77,33.57,-95.72,6.5,100,1,1,277,0,0,0,FALSE,3,TRUE,0.3693181818181818,TRUE,2,Strong,South,4.698970004336019,2,38,1.4137931034482758,Night
188,1970,5,11,1970-05-11,20:35:00,America/Chicago,1970-05-12T01:35:00Z,TX,48,5,500,26,500000000,33.55,-101.9,33.6,-101.77,8.4,1333,1,1,303,0,0,0,FALSE,526,TRUE,6.362045454545456,TRUE,2,Violent,South,8.698970004336019,5,51,1.256198347107438,Night
1031,1982,12,24,1982-12-24,18:18:00,America/Chicago,1982-12-25T00:18:00Z,AR,5,3,0,1,5000000,35.17,-91.33,35.38,-91.17,15,300,1,1,147,67,0,0,FALSE,1,TRUE,2.5568181818181817,TRUE,1,Strong,South,6.698970004336019,3,18,1.513157894736842,Night
13,1967,1,24,1967-01-24,16:15:00,America/Chicago,1967-01-24T22:15:00Z,IA,19,3,6,1,500000,40.67,-91.32,40.7,-91.23,4.3,300,1,1,111,0,0,0,FALSE,7,TRUE,0.7329545454545454,TRUE,1,Strong,Midwest,5.698970004336019,3,3,1.8076923076923077,Evening
503,1986,7,2,1986-07-02,18:30:00,America/Chicago,1986-07-02T23:30:00Z,NC,37,2,10,3,500000,34.75,-77.42,0,0,1.5,33,1,1,133,0,0,0,FALSE,13,TRUE,0.028124999999999997,TRUE,3,Strong,South,5.698970004336019,2,3,0.75,Evening
433,2001,11,24,2001-11-24,05:25:00,America/Chicago,2001-11-24T11:25:00Z,MS,28,4,21,2,12000000,32.43,-90.2,32.57,-90.05,11.5,880,1,1,89,0,0,0,FALSE,23,TRUE,5.75,TRUE,4,Violent,South,7.079181246047625,4,12,0.6440677966101694,Morning
551,2001,11,24,2001-11-24,15:01:00,America/Chicago,2001-11-24T21:01:00Z,AL,1,2,4,2,300000,34.25,-85.77,34.33,-85.68,8.2,200,1,1,19,0,0,0,FALSE,6,TRUE,0.9318181818181817,TRUE,4,Strong,South,5.477121254719663,2,6,0.8727272727272727,Evening
912,1997,7,23,1997-07-23,18:26:00,America/Chicago,1997-07-23T23:26:00Z,ND,38,2,2,1,50000,48.5,-101.7,48.5,-101.7,0.2,30,1,1,75,0,0,0,FALSE,3,TRUE,0.003409090909090909,TRUE,3,Strong,Midwest,4.698970004336019,2,1,0.12903225806451613,Evening
403,1970,7,4,1970-07-04,18:00:00,America/Chicago,1970-07-04T23:00:00Z,TX,48,2,4,1,315000,30.43,-97.92,0,0,1.5,47,1,1,453,0,0,0,FALSE,5,TRUE,0.04005681818181818,TRUE,3,Strong,South,5.498310553789601,2,51,1.256198347107438,Evening
746,1979,9,5,1979-09-05,17:00:00,America/Chicago,1979-09-05T22:00:00Z,VA,51,3,6,1,5000000,38.78,-77.08,39,-77.27,17.9,300,1,1,59,0,0,0,FALSE,7,TRUE,3.0511363636363633,TRUE,4,Strong,South,6.698970004336019,3,1,1.7272727272727273,Evening
39,1982,3,15,1982-03-15,18:15:00,America/Chicago,1982-03-16T00:15:00Z,KS,20,3,1,1,5000000,37.02,-95.85,37.07,-95.75,6,300,1,1,125,0,0,0,FALSE,2,TRUE,1.0227272727272727,TRUE,2,Strong,Midwest,6.698970004336019,3,4,0.7068965517241379,Night
748,1999,1,17,1999-01-17,18:25:00,America/Chicago,1999-01-18T00:25:00Z,TN,47,4,106,6,10000000,35.58,-88.88,35.63,-88.68,16,500,1,1,113,0,0,0,FALSE,112,TRUE,4.545454545454546,TRUE,1,Violent,South,7,4,12,1.4782608695652173,Night
194,1974,4,3,1974-04-03,18:30:00,America/Chicago,1974-04-03T23:30:00Z,TN,47,3,23,1,500000,35.92,-86.05,36.05,-85.85,14.6,100,1,1,15,41,0,0,FALSE,24,TRUE,0.8295454545454545,TRUE,2,Strong,South,5.698970004336019,3,47,1.813953488372093,Evening
260,1974,4,8,1974-04-08,17:15:00,America/Chicago,1974-04-08T22:15:00Z,GA,13,1,7,1,500000,31.37,-84.17,31.42,-82.6,92.6,250,1,1,205,321,277,19,FALSE,8,TRUE,13.153409090909092,TRUE,2,Weak,South,5.698970004336019,1,23,1.4137931034482758,Evening
505228,2014,4,28,2014-04-28,19:09:00,America/Chicago,2014-04-29T00:09:00Z,TN,47,3,0,2,500000,35.0066,-86.5497,35.254,-86.3366,26.76,500,1,1,103,127,0,0,FALSE,2,TRUE,7.602272727272728,TRUE,2,Strong,South,5.698970004336019,3,2,1.2,Night
68,1952,3,21,1952-03-21,20:00:00,America/Chicago,1952-03-22T02:00:00Z,MO,29,4,100,17,5000000,36.05,-89.82,36.07,-89.7,6.5,880,1,1,155,0,0,0,FALSE,117,TRUE,3.25,TRUE,2,Violent,Midwest,6.698970004336019,4,18,2.111111111111111,Night
114,1991,3,22,1991-03-22,18:05:00,America/Chicago,1991-03-23T00:05:00Z,TN,47,2,14,1,50000000,35.48,-87.63,35.55,-87.57,5,50,1,1,101,0,0,0,FALSE,15,TRUE,0.14204545454545453,TRUE,2,Strong,South,7.698970004336019,2,5,1.2222222222222223,Night
163,1951,6,23,1951-06-23,22:00:00,America/Chicago,1951-06-24T03:00:00Z,KS,20,2,5,1,50000,37.18,-101.35,0,0,0.1,10,1,1,189,0,0,0,FALSE,6,TRUE,5.681818181818183e-4,TRUE,3,Strong,Midwest,4.698970004336019,2,8,1.0649350649350648,Night
111,1977,4,4,1977-04-04,14:30:00,America/Chicago,1977-04-04T20:30:00Z,AL,1,3,0,1,500000,33.83,-86.25,33.9,-86.15,7.3,150,1,1,115,0,0,0,FALSE,1,TRUE,0.6221590909090908,TRUE,2,Strong,South,5.698970004336019,3,23,2,Evening
200,1971,4,27,1971-04-27,20:30:00,America/Chicago,1971-04-28T01:30:00Z,KY,21,4,58,6,50,37.15,-85.45,37.13,-85.2,14.1,100,1,1,87,1,0,0,FALSE,64,TRUE,0.8011363636363635,TRUE,2,Violent,South,1.6989700043360187,4,9,1.8125,Night
122,1973,3,31,1973-03-31,18:20:00,America/Chicago,1973-04-01T00:20:00Z,SC,45,4,30,7,5000000,34.08,-82.57,34.27,-82.25,22.6,200,1,1,1,47,0,0,FALSE,37,TRUE,2.5681818181818183,TRUE,2,Violent,South,6.698970004336019,4,10,2.0434782608695654,Night
199,1950,12,2,1950-12-02,16:00:00,America/Chicago,1950-12-02T22:00:00Z,IL,17,3,25,2,5000000,38.75,-89.67,38.9,-89.38,18,200,1,1,119,5,0,0,FALSE,27,TRUE,2.0454545454545454,TRUE,1,Strong,Midwest,6.698970004336019,3,3,1.875,Evening
83,1975,2,22,1975-02-22,16:10:00,America/Chicago,1975-02-22T22:10:00Z,AR,5,3,22,1,5000000,34.67,-92.38,34.83,-92.23,14.4,80,1,1,119,0,0,0,FALSE,23,TRUE,0.6545454545454545,TRUE,1,Strong,South,6.698970004336019,3,8,1.5238095238095237,Evening
233,1980,5,13,1980-05-13,13:58:00,America/Chicago,1980-05-13T18:58:00Z,MI,26,3,79,5,50000000,42.3,-85.72,42.28,-85.5,10.6,450,1,1,77,0,0,0,FALSE,84,TRUE,2.7102272727272725,TRUE,2,Strong,Midwest,7.698970004336019,3,5,0.9473684210526315,Evening
301943,2011,4,27,2011-04-27,13:40:00,America/Chicago,2011-04-27T18:40:00Z,AL,1,4,48,6,5000000,34.0757,-87.0097,34.4935,-86.3628,46.88,880,1,1,43,103,95,0,FALSE,54,TRUE,23.44,TRUE,2,Violent,South,6.698970004336019,4,237,1.3014705882352942,Evening
267,1989,5,17,1989-05-17,03:02:00,America/Chicago,1989-05-17T08:02:00Z,TX,48,3,28,1,5000000,30.77,-97.62,30.82,-97.6,3,1700,1,1,491,0,0,0,FALSE,29,TRUE,2.897727272727273,TRUE,2,Strong,South,6.698970004336019,3,1,0.7,Morning
374,1975,5,13,1975-05-13,17:15:00,America/Chicago,1975-05-13T22:15:00Z,TX,48,3,5,2,500000,31.83,-99.43,0,0,0.1,27,1,1,83,0,0,0,FALSE,7,TRUE,0.0015340909090909092,TRUE,2,Strong,South,5.698970004336019,3,10,0.5982905982905983,Evening
83,1957,4,2,1957-04-02,19:51:00,America/Chicago,1957-04-03T01:51:00Z,TX,48,2,2,1,50000,33.55,-95.77,0,0,0.1,10,1,1,119,0,0,0,FALSE,3,TRUE,5.681818181818183e-4,TRUE,2,Strong,South,4.698970004336019,2,38,1.4137931034482758,Night
556,2007,5,5,2007-05-05,22:39:00,America/Chicago,2007-05-06T03:39:00Z,KS,20,2,5,1,315000,39.07,-97.6,39.23,-97.6,11,100,1,1,143,0,0,0,FALSE,6,TRUE,0.625,TRUE,2,Strong,Midwest,5.498310553789601,2,14,0.4642857142857143,Night
125,1981,4,22,1981-04-22,16:50:00,America/Chicago,1981-04-22T22:50:00Z,MO,29,4,32,1,50000000,36.6,-90.42,36.9,-89.33,63,400,1,1,69,143,133,0,FALSE,33,TRUE,14.318181818181818,TRUE,2,Violent,Midwest,7.698970004336019,4,3,0.7272727272727273,Evening
89,1977,4,2,1977-04-02,14:06:00,America/Chicago,1977-04-02T20:06:00Z,MI,26,4,44,1,5000000,42.43,-85.02,42.53,-84.72,16.6,613,1,1,45,0,0,0,FALSE,45,TRUE,5.781704545454546,TRUE,2,Violent,Midwest,6.698970004336019,4,1,1.4193548387096775,Evening
477,1968,7,30,1968-07-30,17:15:00,America/Chicago,1968-07-30T22:15:00Z,FL,12,2,0,2,50000,27,-82.13,0,0,0.3,27,1,1,15,0,0,0,FALSE,2,TRUE,0.004602272727272727,TRUE,3,Strong,South,4.698970004336019,2,4,0.9473684210526315,Evening
616483,2018,7,9,2018-07-09,23:45:00,America/Chicago,2018-07-10T04:45:00Z,ND,38,2,28,1,3500000,47.7814,-103.295,47.781,-103.2836,0.53,400,1,1,53,0,0,0,FALSE,29,TRUE,0.12045454545454545,TRUE,3,Strong,Midwest,6.544068044350276,2,1,0.5,Night
1076,1973,12,13,1973-12-13,14:30:00,America/Chicago,1973-12-13T20:30:00Z,SC,45,4,0,2,5000000,34.18,-82.02,0,0,1,50,1,1,47,0,0,0,FALSE,2,TRUE,0.028409090909090908,TRUE,1,Violent,South,6.698970004336019,4,10,2.0434782608695654,Evening
104,1956,4,3,1956-04-03,12:50:00,America/Chicago,1956-04-03T18:50:00Z,WI,55,2,2,2,500000,44.25,-89.52,44.48,-89.33,18.2,100,1,1,97,0,0,0,FALSE,4,TRUE,1.034090909090909,TRUE,2,Strong,Midwest,5.698970004336019,2,9,1.6666666666666667,Evening
66,1971,2,21,1971-02-21,16:00:00,America/Chicago,1971-02-21T22:00:00Z,MS,28,4,795,58,50000,32.7,-91.02,35.03,-88.92,202.1,100,2,0,0,0,0,0,FALSE,853,TRUE,11.482954545454545,TRUE,1,Violent,South,4.698970004336019,4,82,1.675,Evening
185,2010,4,30,2010-04-30,17:56:00,America/Chicago,2010-04-30T22:56:00Z,AR,5,3,15,1,4099999.999999999,35.4173,-92.765,35.6205,-92.5049,20.28,700,1,1,29,141,0,0,FALSE,16,TRUE,8.065909090909091,TRUE,2,Strong,South,6.6127838567197355,3,2,0.967741935483871,Evening
326,1991,4,26,1991-04-26,18:26:00,America/Chicago,1991-04-26T23:26:00Z,KS,20,3,2,1,500000,37.47,-96.42,37.63,-96.23,14,200,1,1,49,73,0,0,FALSE,3,TRUE,1.5909090909090908,TRUE,2,Strong,Midwest,5.698970004336019,3,19,0.5701754385964912,Evening
82,1960,4,16,1960-04-16,14:30:00,America/Chicago,1960-04-16T20:30:00Z,IA,19,3,5,1,500000,42.33,-92.58,42.5,-92,29.8,800,1,1,75,13,19,0,FALSE,6,TRUE,13.545454545454545,TRUE,2,Strong,Midwest,5.698970004336019,3,1,1.1481481481481481,Evening
109,2007,3,1,2007-03-01,22:44:00,America/Chicago,2007-03-02T04:44:00Z,GA,13,2,3,6,3975000,31.32,-84.45,31.48,-83.98,30.53,200,1,1,7,205,95,321,FALSE,9,TRUE,3.4693181818181817,TRUE,2,Strong,South,6.599337132992489,2,10,1.075,Night
621057,2022,3,21,2022-03-21,17:11:00,America/Chicago,2022-03-21T22:11:00Z,TX,48,2,11,1,500000,33.8407,-96.8192,33.9,-96.766,5.12,200,2,0,0,0,0,0,FALSE,12,TRUE,0.5818181818181818,TRUE,2,Strong,South,5.698970004336019,2,3,1.0254237288135593,Evening
618678,2020,3,3,2020-03-03,00:32:00,America/Chicago,2020-03-03T06:32:00Z,TN,47,3,220,5,1504000000,36.1717,-86.9562,36.1525,-85.8904,60.13,1600,1,1,37,189,159,0,FALSE,225,TRUE,54.663636363636364,TRUE,2,Strong,South,9.177247836255624,3,25,0.7352941176470589,Morning
93,1970,4,19,1970-04-19,12:06:00,America/Chicago,1970-04-19T18:06:00Z,MS,28,4,78,4,5000000,34.72,-89,35.05,-88.27,47.6,100,2,0,0,0,0,0,FALSE,82,TRUE,2.7045454545454546,TRUE,2,Violent,South,6.698970004336019,4,4,1.0740740740740742,Evening
84,1973,3,15,1973-03-15,02:00:00,America/Chicago,1973-03-15T08:00:00Z,TN,47,2,3,1,500000,35.92,-85.5,0,0,0.1,100,1,1,185,0,0,0,FALSE,4,TRUE,0.005681818181818182,TRUE,2,Strong,South,5.698970004336019,2,1,1.2916666666666667,Morning
118,1979,4,10,1979-04-10,15:55:00,America/Chicago,1979-04-10T21:55:00Z,TX,48,2,3,1,5000000,34.08,-99.03,34.65,-97.95,74.1,1056,2,0,0,0,0,0,FALSE,4,TRUE,44.459999999999994,TRUE,2,Strong,South,6.698970004336019,2,54,0.9235668789808917,Evening
21,1950,2,12,1950-02-12,13:20:00,America/Chicago,1950-02-12T19:20:00Z,LA,22,2,10,5,500000,32.2,-93.58,32.97,-93.17,58.4,100,1,1,31,81,17,15,FALSE,15,TRUE,3.318181818181818,TRUE,1,Strong,South,5.698970004336019,2,29,1.35,Evening
1262,2010,12,31,2010-12-31,10:12:00,America/Chicago,2010-12-31T16:12:00Z,MO,29,1,0,2,500000,37.7748,-91.7129,37.8541,-91.6401,6.78,440,1,1,65,161,0,0,FALSE,2,TRUE,1.695,TRUE,1,Weak,Midwest,5.698970004336019,1,5,0.532258064516129,Afternoon
35,1993,2,21,1993-02-21,18:00:00,America/Chicago,1993-02-22T00:00:00Z,GA,13,3,35,1,5000000,33.95,-85.38,34.02,-85.25,9,880,1,1,233,0,0,0,FALSE,36,TRUE,4.5,TRUE,1,Strong,South,6.698970004336019,3,5,0.9523809523809523,Night
162,1953,5,11,1953-05-11,16:10:00,America/Chicago,1953-05-11T21:10:00Z,TX,48,5,597,114,50000000,31.55,-97.15,31.75,-96.88,20.9,583,1,1,309,0,0,0,FALSE,711,TRUE,6.923124999999999,TRUE,2,Violent,South,7.698970004336019,5,150,1.8125,Evening
318,1953,6,27,1953-06-27,15:45:00,America/Chicago,1953-06-27T20:45:00Z,IA,19,5,2,1,500000,41.45,-94.7,0,0,0.1,100,1,1,1,0,0,0,FALSE,3,TRUE,0.005681818181818182,TRUE,3,Violent,Midwest,5.698970004336019,5,4,2.3043478260869565,Evening
615066,2017,4,30,2017-04-30,08:16:00,America/Chicago,2017-04-30T13:16:00Z,MS,28,2,0,1,3800000,32.8556,-90.0951,33.105,-89.8245,23.4,1900,1,1,163,51,0,0,FALSE,1,TRUE,25.261363636363637,TRUE,2,Strong,South,6.57978359661681,2,5,0.8529411764705882,Afternoon
174,1967,4,21,1967-04-21,15:50:00,America/Chicago,1967-04-21T21:50:00Z,IL,17,4,450,24,500000,42.22,-88.92,42.35,-88.43,25.5,1200,1,1,7,111,0,0,FALSE,474,TRUE,17.386363636363637,TRUE,2,Violent,Midwest,5.698970004336019,4,59,1.7,Evening
61,1974,3,20,1974-03-20,19:30:00,America/Chicago,1974-03-21T00:30:00Z,TX,48,3,9,1,5000000,31.52,-94.12,31.92,-92.67,85.2,200,2,0,0,0,0,0,FALSE,10,TRUE,9.681818181818182,TRUE,2,Strong,South,6.698970004336019,3,3,1.146551724137931,Night
840,1991,6,12,1991-06-12,13:10:00,America/Chicago,1991-06-12T18:10:00Z,NY,36,0,0,1,50000,41.15,-73.83,0,0,0.7,50,1,1,119,0,0,0,FALSE,1,TRUE,0.019886363636363636,TRUE,3,Weak,Northeast,4.698970004336019,0,1,0.7,Evening
131,1963,4,29,1963-04-29,15:20:00,America/Chicago,1963-04-29T20:20:00Z,MS,28,3,10,5,500000,34.42,-90.57,34.43,-90.47,5.7,440,1,1,27,0,0,0,FALSE,15,TRUE,1.425,TRUE,2,Strong,South,5.698970004336019,3,10,2.25,Evening
289571,2011,4,15,2011-04-15,00:57:00,America/Chicago,2011-04-15T05:57:00Z,AR,5,1,2,2,38500000,34.7501,-92.3773,34.7738,-92.3142,3.94,475,1,1,119,0,0,0,FALSE,4,TRUE,1.0633522727272728,TRUE,2,Weak,South,7.585460729508501,1,12,0.9722222222222222,Night
206,1962,5,22,1962-05-22,20:00:00,America/Chicago,1962-05-23T01:00:00Z,IA,19,2,0,1,500000,41.65,-91.53,41.7,-91.47,4.1,800,1,1,103,0,0,0,FALSE,1,TRUE,1.8636363636363633,TRUE,2,Strong,Midwest,5.698970004336019,2,1,1.5833333333333333,Night
46,2001,3,12,2001-03-12,13:00:00,America/Chicago,2001-03-12T19:00:00Z,AL,1,1,1,2,1000000,31.4,-86.62,31.4,-86.62,3.2,75,1,1,39,0,0,0,FALSE,3,TRUE,0.13636363636363635,TRUE,2,Weak,South,6,1,6,0.8727272727272727,Evening
140,2010,4,24,2010-04-24,10:09:00,America/Chicago,2010-04-24T15:09:00Z,LA,22,4,146,10,386035000,32.4032,-91.2993,33.4336,-89.0449,148.97,3080,2,0,0,0,0,0,FALSE,156,TRUE,260.6975,TRUE,2,Violent,South,8.586626681919878,4,10,0.625,Afternoon
118,1974,4,3,1974-04-03,13:30:00,America/Chicago,1974-04-03T18:30:00Z,IL,17,3,26,1,5000000,39.72,-89.13,39.95,-88.88,20.9,350,1,1,115,0,0,0,FALSE,27,TRUE,4.156249999999999,TRUE,2,Strong,Midwest,6.698970004336019,3,2,0.7641509433962265,Evening
1253,2005,11,6,2005-11-06,01:39:00,America/Chicago,2005-11-06T07:39:00Z,KY,21,3,238,24,87260000,37.83,-87.78,38.1,-87.05,41.3,500,2,0,0,0,0,0,FALSE,262,TRUE,11.732954545454545,TRUE,4,Strong,South,7.940815208650801,3,25,1.2941176470588236,Morning
1190,1999,5,3,1999-05-03,20:10:00,America/Chicago,1999-05-04T01:10:00Z,OK,40,4,11,1,2500000,35.93,-97.95,36.07,-97.78,15,880,1,1,73,0,0,0,FALSE,12,TRUE,7.5,TRUE,2,Violent,South,6.3979400086720375,4,42,0.7163120567375887,Night
6,1954,2,16,1954-02-16,02:30:00,America/Chicago,1954-02-16T08:30:00Z,AR,5,3,4,1,50000,35.52,-90.22,0,0,2,880,1,1,93,0,0,0,FALSE,5,TRUE,1,TRUE,1,Strong,South,4.698970004336019,3,1,1.7692307692307692,Morning
544,1955,9,22,1955-09-22,17:45:00,America/Chicago,1955-09-22T22:45:00Z,KS,20,0,0,1,10000,38.37,-98.8,0,0,0.1,10,1,1,9,0,0,0,FALSE,1,TRUE,5.681818181818183e-4,TRUE,4,Weak,Midwest,4,0,1,0.59375,Evening
234,1951,9,26,1951-09-26,16:30:00,America/Chicago,1951-09-26T21:30:00Z,WI,55,4,9,1,500000,43.47,-89.25,43.53,-89.08,9,100,1,1,21,0,0,0,FALSE,10,TRUE,0.5113636363636364,TRUE,4,Violent,Midwest,5.698970004336019,4,7,3,Evening
441,1981,6,14,1981-06-14,14:49:00,America/Chicago,1981-06-14T19:49:00Z,MN,27,3,83,1,50000000,44.82,-93.27,45,-93.03,16.2,600,1,1,53,123,0,0,FALSE,84,TRUE,5.5227272727272725,TRUE,3,Strong,Midwest,7.698970004336019,3,1,0.926829268292683,Evening
350,1956,7,12,1956-07-12,19:20:00,America/Chicago,1956-07-13T00:20:00Z,KS,20,2,0,1,50000,38.48,-101.2,38.33,-100.9,20,10,1,1,203,171,0,0,FALSE,1,TRUE,0.11363636363636365,TRUE,3,Strong,Midwest,4.698970004336019,2,1,0.9824561403508771,Night
116,1974,4,3,1974-04-03,13:30:00,America/Chicago,1974-04-03T18:30:00Z,OH,39,5,1150,36,500000000,39.63,-84.05,39.92,-83.6,31.3,533,1,1,57,23,0,0,FALSE,1186,TRUE,9.478920454545456,TRUE,2,Violent,Midwest,8.698970004336019,5,39,1.5454545454545454,Evening
117,1956,4,3,1956-04-03,16:40:00,America/Chicago,1956-04-03T22:40:00Z,MI,26,5,292,17,500000,42.65,-86.22,43.37,-85.31,58.8,400,1,1,5,139,81,117,FALSE,309,TRUE,13.363636363636363,TRUE,2,Violent,Midwest,5.698970004336019,5,22,1.9565217391304348,Evening
144,1965,4,11,1965-04-11,16:54:00,America/Chicago,1965-04-11T22:54:00Z,MI,26,4,142,5,5000000,43.02,-85.92,43.2,-85.45,20.6,300,1,1,139,81,0,0,FALSE,147,TRUE,3.5113636363636362,TRUE,2,Violent,Midwest,6.698970004336019,4,28,2.466666666666667,Evening
233,1983,5,2,1983-05-02,14:55:00,America/Chicago,1983-05-02T19:55:00Z,OH,39,3,25,1,50000000,41.33,-81.65,41.37,-81.43,12,100,1,1,35,0,0,0,FALSE,26,TRUE,0.6818181818181818,TRUE,2,Strong,Midwest,7.698970004336019,3,2,1.6666666666666667,Evening
1031,1993,9,3,1993-09-03,11:15:00,America/Chicago,1993-09-03T16:15:00Z,NY,36,1,0,2,500000,43,-78.18,43.05,-78.12,4.2,63,1,1,37,0,0,0,FALSE,2,TRUE,0.1503409090909091,TRUE,4,Weak,Northeast,5.698970004336019,1,2,0.47619047619047616,Afternoon
153,1993,4,24,1993-04-24,17:50:00,America/Chicago,1993-04-24T22:50:00Z,OK,40,4,100,7,50000000,36.15,-95.83,36.2,-95.75,5.5,250,1,1,143,131,0,0,FALSE,107,TRUE,0.7812500000000001,TRUE,2,Violent,South,7.698970004336019,4,7,0.421875,Evening
256,1966,6,8,1966-06-08,19:00:00,America/Chicago,1966-06-09T00:00:00Z,KS,20,5,450,16,500000000,38.92,-95.92,39.08,-95.58,21.1,880,1,1,177,0,0,0,FALSE,466,TRUE,10.55,TRUE,3,Violent,Midwest,8.698970004336019,5,17,1.1142857142857143,Night
138,1963,4,29,1963-04-29,18:10:00,America/Chicago,1963-04-29T23:10:00Z,TN,47,3,6,3,500000,35.82,-89.22,35.83,-89.05,9.3,300,1,1,33,0,0,0,FALSE,9,TRUE,1.5852272727272727,TRUE,2,Strong,South,5.698970004336019,3,4,2.1666666666666665,Evening
4,1991,1,14,1991-01-14,18:18:00,America/Chicago,1991-01-15T00:18:00Z,TX,48,1,11,1,50000000,29.72,-96.55,0,0,1.5,250,1,1,89,0,0,0,FALSE,12,TRUE,0.21306818181818182,TRUE,1,Weak,South,7.698970004336019,1,1,0.5677083333333334,Night
145,1957,4,8,1957-04-08,15:30:00,America/Chicago,1957-04-08T21:30:00Z,GA,13,3,3,1,50000,31.85,-83.08,31.85,-82.83,14.7,400,1,1,271,0,0,0,FALSE,4,TRUE,3.340909090909091,TRUE,2,Strong,South,4.698970004336019,3,3,1.1666666666666667,Evening
297611,2011,4,16,2011-04-16,12:53:00,America/Chicago,2011-04-16T17:53:00Z,NC,37,3,103,6,172075000,35.3378,-79.313,35.9527,-78.4122,65.23,500,1,1,125,105,37,183,FALSE,109,TRUE,18.531250000000004,TRUE,2,Strong,South,8.235717778225771,3,26,0.8307692307692308,Afternoon
1042,1973,11,27,1973-11-27,12:45:00,America/Chicago,1973-11-27T18:45:00Z,MS,28,2,50,1,500000,34.92,-90.03,34.97,-90,4.1,10,1,1,33,0,0,0,FALSE,51,TRUE,0.023295454545454543,TRUE,4,Strong,South,5.698970004336019,2,2,1.75,Evening
574336,2015,4,9,2015-04-09,17:39:00,America/Chicago,2015-04-09T22:39:00Z,IL,17,4,11,2,19000000,41.853,-89.2896,42.1623,-88.8796,30.14,700,1,1,103,141,37,7,FALSE,13,TRUE,11.987499999999999,TRUE,2,Violent,Midwest,7.278753600952829,4,2,0.7313432835820896,Evening
298380,2011,4,27,2011-04-27,23:01:00,America/Chicago,2011-04-28T04:01:00Z,VA,51,3,50,3,5250000,36.65,-81.95,36.838,-81.684,19.63,1320,1,1,191,173,0,0,FALSE,53,TRUE,14.7225,TRUE,2,Strong,South,6.720159303405957,3,6,0.75,Night
230,1958,6,10,1958-06-10,17:45:00,America/Chicago,1958-06-10T22:45:00Z,KS,20,4,5,15,5000000,37.85,-97.02,37.83,-96.85,9,300,1,1,15,0,0,0,FALSE,20,TRUE,1.534090909090909,TRUE,3,Violent,Midwest,6.698970004336019,4,15,1.2244897959183674,Evening
58,1981,3,30,1981-03-30,16:45:00,America/Chicago,1981-03-30T22:45:00Z,NC,37,2,1,1,500000,36.5,-77.07,36.58,-76.68,21.9,83,2,0,0,0,0,0,FALSE,2,TRUE,1.0327840909090908,TRUE,2,Strong,South,5.698970004336019,2,2,1.7272727272727273,Evening
524,1965,6,7,1965-06-07,16:45:00,America/Chicago,1965-06-07T21:45:00Z,SD,46,0,0,1,10000,43.2,-96.7,0,0,0.1,10,1,1,83,0,0,0,TRUE,1,TRUE,5.681818181818183e-4,TRUE,3,Weak,Midwest,4,0,2,1.2258064516129032,Evening
54,1967,3,6,1967-03-06,15:30:00,America/Chicago,1967-03-06T21:30:00Z,AL,1,4,25,2,500000,33.7,-87.17,33.78,-86.82,20.9,440,1,1,127,0,0,0,FALSE,27,TRUE,5.225,TRUE,2,Violent,South,5.698970004336019,4,5,2,Evening
630,1977,7,30,1977-07-30,19:00:00,America/Chicago,1977-07-31T00:00:00Z,WI,55,2,8,1,5000000,45.18,-91.22,45.48,-90.72,34.5,1000,1,1,17,119,107,0,FALSE,9,TRUE,19.60227272727273,TRUE,3,Strong,Midwest,6.698970004336019,2,1,1.6,Night
171,1951,6,27,1951-06-27,00:10:00,America/Chicago,1951-06-27T05:10:00Z,KS,20,4,100,5,5000000,39.03,-99.88,0,0,0.8,300,1,1,195,0,0,0,FALSE,105,TRUE,0.13636363636363635,TRUE,3,Violent,Midwest,6.698970004336019,4,8,1.0649350649350648,Night
904,1983,12,10,1983-12-10,18:05:00,America/Chicago,1983-12-11T00:05:00Z,TX,48,1,3,1,500000,30.55,-95.23,30.55,-95.18,3,200,1,1,407,0,0,0,FALSE,4,TRUE,0.3409090909090909,TRUE,1,Weak,South,5.698970004336019,1,8,0.5268817204301075,Night
118,1982,4,2,1982-04-02,18:15:00,America/Chicago,1982-04-03T00:15:00Z,MO,29,4,28,2,50000000,36.57,-92.22,36.75,-91.85,20,500,1,1,153,91,0,0,FALSE,30,TRUE,5.6818181818181825,TRUE,2,Violent,Midwest,7.698970004336019,4,3,1.0945945945945945,Night
425,1979,6,28,1979-06-28,17:40:00,America/Chicago,1979-06-28T22:40:00Z,IA,19,3,34,2,50000000,43.25,-94.25,43.02,-94.22,15.9,300,1,1,109,0,0,0,FALSE,36,TRUE,2.7102272727272725,TRUE,3,Strong,Midwest,7.698970004336019,3,7,1.1176470588235294,Evening
136,2007,3,23,2007-03-23,19:30:00,America/Chicago,2007-03-24T00:30:00Z,NM,35,2,33,2,19000000,34.24,-103.17,34.42,-103.19,12.45,350,1,1,41,9,0,0,FALSE,35,TRUE,2.4758522727272725,TRUE,2,Strong,West,7.278753600952829,2,2,0.22727272727272727,Night
184,1953,5,20,1953-05-20,21:00:00,America/Chicago,1953-05-21T02:00:00Z,IA,19,3,0,1,500000,42.15,-93.7,43.43,-92.32,116.1,400,1,1,169,83,23,37,FALSE,1,TRUE,26.386363636363633,TRUE,2,Strong,Midwest,5.698970004336019,3,4,2.3043478260869565,Night
147,1965,4,11,1965-04-11,17:40:00,America/Chicago,1965-04-11T23:40:00Z,IN,18,4,41,5,500000,41.62,-85.7,41.73,-85.27,21.6,177,1,1,39,87,0,0,FALSE,46,TRUE,2.1722727272727274,TRUE,2,Violent,Midwest,5.698970004336019,4,162,2.090909090909091,Evening
359087,2012,2,28,2012-02-28,21:02:00,America/Chicago,2012-02-29T03:02:00Z,KS,20,2,12,1,315000,38.7815,-95.9822,38.8125,-95.8903,5.4,150,1,1,197,139,0,0,FALSE,13,TRUE,0.4602272727272727,TRUE,1,Strong,Midwest,5.498310553789601,2,1,0.6236559139784946,Night
319,2009,4,19,2009-04-19,19:35:00,America/Chicago,2009-04-20T00:35:00Z,AL,1,1,1,1,50000,34.3572,-86.1591,34.3781,-86.113,3,60,1,1,95,0,0,0,FALSE,2,TRUE,0.10227272727272727,TRUE,2,Weak,South,4.698970004336019,1,2,0.620253164556962,Night
200,1968,5,15,1968-05-15,15:10:00,America/Chicago,1968-05-15T20:10:00Z,IA,19,5,462,13,50000000,42.77,-93.12,43.47,-92.33,62.1,600,1,1,69,23,67,37,FALSE,475,TRUE,21.170454545454543,TRUE,2,Violent,Midwest,7.698970004336019,5,18,1.36,Evening
870,1967,12,2,1967-12-02,12:30:00,America/Chicago,1967-12-02T18:30:00Z,MS,28,4,10,2,50000,32.47,-89.47,32.52,-89.35,7.6,300,1,1,123,0,0,0,FALSE,12,TRUE,1.2954545454545452,TRUE,1,Violent,South,4.698970004336019,4,7,1.5,Evening
97,1964,4,12,1964-04-12,18:00:00,America/Chicago,1964-04-13T00:00:00Z,MO,29,3,10,1,5000000,38.7,-94.4,38.9,-94.12,19.5,100,1,1,37,95,0,0,FALSE,11,TRUE,1.1079545454545454,TRUE,2,Strong,Midwest,6.698970004336019,3,2,1.25,Night
1053,2006,11,15,2006-11-15,22:45:00,America/Chicago,2006-11-16T04:45:00Z,NC,37,1,1,1,110000,35.75,-80.82,35.84,-80.82,6,40,1,1,97,0,0,0,FALSE,2,TRUE,0.13636363636363635,TRUE,4,Weak,South,5.041392685158225,1,9,0.5483870967741935,Night
77,1953,4,9,1953-04-09,17:15:00,America/Chicago,1953-04-09T23:15:00Z,IL,17,3,22,3,50000000,40.18,-88.22,40.32,-85.23,156.7,750,2,0,0,0,0,0,FALSE,25,TRUE,66.77556818181817,TRUE,2,Strong,Midwest,7.698970004336019,3,3,1.75,Evening
505288,2014,4,28,2014-04-28,15:47:00,America/Chicago,2014-04-28T20:47:00Z,AL,1,3,30,2,500000,34.7753,-87.2324,34.8184,-86.9633,15.56,600,1,1,83,0,0,0,FALSE,32,TRUE,5.304545454545455,TRUE,2,Strong,South,5.698970004336019,3,2,1.0384615384615385,Evening
328740,2011,5,24,2011-05-24,15:52:00,America/Chicago,2011-05-24T20:52:00Z,KS,20,2,1,2,315000,38.153,-98.705,38.2947,-98.8151,11.81,500,1,1,185,9,0,0,FALSE,3,TRUE,3.3551136363636367,TRUE,2,Strong,Midwest,5.498310553789601,2,3,0.40298507462686567,Evening
606471,2015,12,26,2015-12-26,18:46:00,America/Chicago,2015-12-27T00:46:00Z,TX,48,4,468,10,26800000,32.796,-96.5894,32.9669,-96.495,13.04,550,1,1,113,397,0,0,FALSE,478,TRUE,4.074999999999999,TRUE,1,Violent,South,7.4281347940287885,4,17,0.49377593360995853,Night
49,1999,1,2,1999-01-02,00:45:00,America/Chicago,1999-01-02T06:45:00Z,TX,48,2,10,1,1270000,30.35,-93.97,30.52,-93.77,4.5,250,1,1,241,351,0,0,FALSE,11,TRUE,0.6392045454545455,TRUE,1,Strong,South,6.103803720955957,2,6,0.47878787878787876,Morning
354821,2011,11,16,2011-11-16,16:32:00,America/Chicago,2011-11-16T22:32:00Z,SC,45,2,5,3,1000000,34.82,-81.18,34.8655,-81.094,5.8,200,1,1,91,0,0,0,FALSE,8,TRUE,0.6590909090909091,TRUE,4,Strong,South,6,2,3,0.55,Evening
240,1995,5,7,1995-05-07,15:10:00,America/Chicago,1995-05-07T20:10:00Z,TX,48,3,11,2,5000000,33.52,-97.53,33.8,-97.43,26,880,1,1,337,97,0,0,FALSE,13,TRUE,13,TRUE,2,Strong,South,6.698970004336019,3,6,0.354978354978355,Evening
295351,2011,4,5,2011-04-05,00:39:00,America/Chicago,2011-04-05T05:39:00Z,GA,13,2,2,1,150000,32.2846,-83.3234,32.3011,-83.2735,3.13,50,1,1,91,0,0,0,FALSE,3,TRUE,0.08892045454545454,TRUE,2,Strong,South,5.176091259055681,2,26,1.1842105263157894,Night
443,1976,5,26,1976-05-26,18:08:00,America/Chicago,1976-05-26T23:08:00Z,TX,48,3,7,2,5000000,31.13,-97.53,0,0,2,100,1,1,27,0,0,0,FALSE,9,TRUE,0.11363636363636363,TRUE,2,Strong,South,6.698970004336019,3,2,1.0786516853932584,Evening
69,1958,4,5,1958-04-05,21:00:00,America/Chicago,1958-04-06T03:00:00Z,AL,1,2,1,1,500000,34.67,-87.53,34.85,-87.28,19.2,100,1,1,33,79,77,0,FALSE,2,TRUE,1.0909090909090908,TRUE,2,Strong,South,5.698970004336019,2,1,1.4761904761904763,Night
301829,2011,4,27,2011-04-27,17:19:00,America/Chicago,2011-04-27T22:19:00Z,AL,1,5,0,25,150000,34.3907,-85.9784,34.7661,-85.5241,36.63,1320,2,0,0,0,0,0,FALSE,25,TRUE,27.472500000000004,TRUE,2,Violent,South,5.176091259055681,5,237,1.3014705882352942,Evening
433,2002,12,18,2002-12-18,15:35:00,America/Chicago,2002-12-18T21:35:00Z,AR,5,3,13,1,500000,35.1,-92.32,35.2,-92.18,9.8,150,1,1,45,0,0,0,FALSE,14,TRUE,0.8352272727272727,TRUE,1,Strong,South,5.698970004336019,3,1,0.3333333333333333,Evening
9,1950,2,11,1950-02-11,13:50:00,America/Chicago,1950-02-11T19:50:00Z,TX,48,3,12,1,50000,29.67,-95.05,29.83,-95,12,1000,1,1,201,0,0,0,FALSE,13,TRUE,6.818181818181818,TRUE,1,Strong,South,4.698970004336019,3,11,1.8,Evening
460,1988,8,28,1988-08-28,13:30:00,America/Chicago,1988-08-28T18:30:00Z,NY,36,1,1,1,500000,42.5,-76.87,42.52,-76.62,13,880,1,1,97,109,0,0,FALSE,2,TRUE,6.5,TRUE,3,Weak,Northeast,5.698970004336019,1,1,1.2,Evening
697,2010,6,17,2010-06-17,17:33:00,America/Chicago,2010-06-17T22:33:00Z,MN,27,4,14,1,5000000,43.5755,-93.6404,43.8037,-93.5181,16.91,1760,1,1,47,0,0,0,FALSE,15,TRUE,16.91,TRUE,3,Violent,Midwest,6.698970004336019,4,3,0.6216216216216216,Evening
72,1950,5,2,1950-05-02,03:00:00,America/Chicago,1950-05-02T08:00:00Z,LA,22,2,5,1,500000,31.55,-91.97,0,0,2,100,1,1,25,0,0,0,FALSE,6,TRUE,0.11363636363636363,TRUE,2,Strong,South,5.698970004336019,2,29,1.35,Morning
322,1966,6,24,1966-06-24,16:00:00,America/Chicago,1966-06-24T21:00:00Z,ND,38,1,1,1,50000,48.8,-98.1,0,0,0.1,10,1,1,19,0,0,0,FALSE,2,TRUE,5.681818181818183e-4,TRUE,3,Weak,Midwest,4.698970004336019,1,3,0.8620689655172413,Evening
62,1964,4,3,1964-04-03,14:35:00,America/Chicago,1964-04-03T20:35:00Z,TX,48,5,111,7,50000000,33.9,-98.5,33.93,-98.43,4.7,500,1,1,485,0,0,0,FALSE,118,TRUE,1.335227272727273,TRUE,2,Violent,South,7.698970004336019,5,8,1.025974025974026,Evening
133,1963,4,29,1963-04-29,16:00:00,America/Chicago,1963-04-29T21:00:00Z,MO,29,2,3,1,50000,37.08,-89.95,37.13,-89.77,10.7,50,1,1,207,31,0,0,FALSE,4,TRUE,0.3039772727272727,TRUE,2,Strong,Midwest,4.698970004336019,2,1,1.0666666666666667,Evening
393,1957,5,21,1957-05-21,15:45:00,America/Chicago,1957-05-21T20:45:00Z,MO,29,3,50,8,50000000,37.77,-90.92,37.88,-90.52,22.2,400,1,1,221,187,0,0,FALSE,58,TRUE,5.045454545454545,TRUE,2,Strong,Midwest,7.698970004336019,3,19,1.3658536585365855,Evening
804,1957,11,18,1957-11-18,15:30:00,America/Chicago,1957-11-18T21:30:00Z,AL,1,2,35,1,5000000,33.6,-86.8,33.63,-86.67,8.2,100,1,1,73,0,0,0,FALSE,36,TRUE,0.46590909090909083,TRUE,4,Strong,South,6.698970004336019,2,10,1.4666666666666666,Evening
269,1953,6,8,1953-06-08,17:15:00,America/Chicago,1953-06-08T22:15:00Z,MI,26,4,18,4,500000,41.78,-83.57,41.78,-83.45,5.4,200,1,1,115,0,0,0,FALSE,22,TRUE,0.6136363636363636,TRUE,3,Violent,Midwest,5.698970004336019,4,127,2.125,Evening
596,1961,9,10,1961-09-10,16:50:00,America/Chicago,1961-09-10T21:50:00Z,LA,22,3,55,1,5000000,30,-92.3,30.08,-92.3,5.7,283,1,1,113,0,0,0,FALSE,56,TRUE,0.916534090909091,TRUE,4,Strong,South,6.698970004336019,3,6,1.48,Evening
63,1953,3,22,1953-03-22,15:00:00,America/Chicago,1953-03-22T21:00:00Z,LA,22,2,22,2,5000000,31.1,-93.22,33.52,-90.87,234.7,200,2,0,0,0,0,0,FALSE,24,TRUE,26.670454545454543,TRUE,2,Strong,South,6.698970004336019,2,13,1.894736842105263,Evening
344,1973,5,10,1973-05-10,15:40:00,America/Chicago,1973-05-10T20:40:00Z,OH,39,3,100,6,5000000,41.23,-83.43,41.03,-82.5,50.1,27,1,1,147,77,0,0,FALSE,106,TRUE,0.7685795454545454,TRUE,2,Strong,Midwest,6.698970004336019,3,6,0.9069767441860465,Evening
369205,2012,3,2,2012-03-02,15:23:00,America/Chicago,2012-03-02T21:23:00Z,KY,21,4,8,4,20500000,38.791,-84.633,38.8209,-84.4541,9.85,880,1,1,81,117,0,0,FALSE,12,TRUE,4.925,TRUE,2,Violent,South,7.311753861055754,4,25,1.3170731707317074,Evening
618680,2020,3,3,2020-03-03,01:48:00,America/Chicago,2020-03-03T07:48:00Z,TN,47,4,87,19,100000000,36.1715,-85.6628,36.1709,-85.5135,8.39,900,1,1,141,0,0,0,FALSE,106,TRUE,4.29034090909091,TRUE,2,Violent,South,8,4,25,0.7352941176470589,Morning
22,1985,3,17,1985-03-17,03:30:00,America/Chicago,1985-03-17T09:30:00Z,FL,12,3,45,2,50000000,27.08,-82.48,27.07,-82.42,3,400,1,1,115,0,0,0,FALSE,47,TRUE,0.6818181818181818,TRUE,2,Strong,South,7.698970004336019,3,2,0.5428571428571428,Morning
435,1988,8,14,1988-08-14,19:56:00,America/Chicago,1988-08-15T00:56:00Z,MI,26,2,0,1,5000000,42.7,-84.47,42.47,-84.08,26.6,127,1,1,65,93,0,0,FALSE,1,TRUE,1.9194318181818182,TRUE,3,Strong,Midwest,6.698970004336019,2,1,0.48148148148148145,Night
1118,2005,8,29,2005-08-29,14:24:00,America/Chicago,2005-08-29T19:24:00Z,GA,13,2,3,1,5150000,33.4,-85.08,33.48,-85.1,5.5,200,1,1,149,45,0,0,FALSE,4,TRUE,0.625,TRUE,3,Strong,South,6.711807229041191,2,4,0.48148148148148145,Evening
618942,2020,4,19,2020-04-19,22:40:00,America/Chicago,2020-04-20T03:40:00Z,AL,1,2,0,1,315000,31.3994,-85.279,31.437,-85.2029,5.18,300,1,1,67,0,0,0,FALSE,1,TRUE,0.8829545454545453,TRUE,2,Strong,South,5.498310553789601,2,5,0.8571428571428571,Night
363341,2012,2,29,2012-02-29,00:42:00,America/Chicago,2012-02-29T06:42:00Z,MO,29,2,4,1,575000,36.6994,-93.9178,36.7053,-93.8869,1.7,400,1,1,9,0,0,0,FALSE,5,TRUE,0.38636363636363635,TRUE,1,Strong,Midwest,5.7596678446896306,2,6,0.896551724137931,Morning
47,1976,2,21,1976-02-21,02:15:00,America/Chicago,1976-02-21T08:15:00Z,MO,29,3,16,1,5000000,36.72,-90.48,36.95,-90.17,23.7,300,1,1,23,207,0,0,FALSE,17,TRUE,4.039772727272727,TRUE,1,Strong,Midwest,6.698970004336019,3,2,1.4166666666666667,Morning
922,2007,8,26,2007-08-26,19:42:00,America/Chicago,2007-08-27T00:42:00Z,ND,38,4,18,1,50000000,47.72,-97.61,47.74,-97.53,5,1400,1,1,35,0,0,0,FALSE,19,TRUE,3.977272727272727,TRUE,3,Violent,Midwest,7.698970004336019,4,1,0.6578947368421053,Night
1077,1990,10,22,1990-10-22,15:50:00,America/Chicago,1990-10-22T20:50:00Z,SC,45,2,4,1,500000,33.58,-80.78,0,0,0.1,20,1,1,17,0,0,0,FALSE,5,TRUE,0.0011363636363636365,TRUE,4,Strong,South,5.698970004336019,2,1,0.5833333333333334,Evening
617225,2019,4,13,2019-04-13,22:06:00,America/Chicago,2019-04-14T03:06:00Z,MS,28,2,19,1,3000000,33.7248,-88.4409,33.8763,-88.3807,11.3,800,1,1,95,0,0,0,FALSE,20,TRUE,5.136363636363637,TRUE,2,Strong,South,6.477121254719663,2,2,1.008849557522124,Night
118,1973,3,31,1973-03-31,16:30:00,America/Chicago,1973-03-31T22:30:00Z,GA,13,2,100,2,500000000,33.53,-84.33,34.02,-83.23,72.4,500,1,1,63,251,89,247,FALSE,102,TRUE,20.56818181818182,TRUE,2,Strong,South,8.698970004336019,2,3,1.3870967741935485,Evening
43,1966,4,4,1966-04-04,07:00:00,America/Chicago,1966-04-04T13:00:00Z,FL,12,4,530,11,50000000,27.92,-82.8,28.43,-80.67,135.8,300,1,1,103,57,105,97,FALSE,541,TRUE,23.147727272727273,TRUE,2,Violent,South,7.698970004336019,4,11,0.8571428571428571,Afternoon
890,1998,2,22,1998-02-22,23:10:00,America/Chicago,1998-02-23T05:10:00Z,FL,12,3,36,13,31000000,28.7,-81.35,28.8,-81.15,16,200,1,1,117,127,0,0,FALSE,49,TRUE,1.8181818181818181,TRUE,1,Strong,South,7.491361693834273,3,42,0.4954128440366973,Night
123,1971,3,10,1971-03-10,02:00:00,America/Chicago,1971-03-10T08:00:00Z,LA,22,2,7,1,5000000,29.98,-90.22,30,-90.1,7.5,300,1,1,51,71,0,0,FALSE,8,TRUE,1.2784090909090908,TRUE,2,Strong,South,6.698970004336019,2,48,1.75,Morning
264,1960,5,19,1960-05-19,17:47:00,America/Chicago,1960-05-19T22:47:00Z,KS,20,4,92,1,5000000,39.18,-95.95,39.23,-95.43,27.5,880,1,1,177,87,0,0,FALSE,93,TRUE,13.75,TRUE,2,Violent,Midwest,6.698970004336019,4,1,1.3833333333333333,Evening
170,1997,3,1,1997-03-01,15:42:00,America/Chicago,1997-03-01T21:42:00Z,AR,5,2,30,1,315000,35.6,-91.37,35.82,-91.03,23,880,1,1,67,0,0,0,FALSE,31,TRUE,11.5,TRUE,2,Strong,South,5.498310553789601,2,26,1.6888888888888889,Evening
590,1964,8,27,1964-08-27,12:16:00,America/Chicago,1964-08-27T17:16:00Z,AZ,4,2,9,2,50000,32.2,-111.02,0,0,0.1,10,1,1,19,0,0,0,FALSE,11,TRUE,5.681818181818183e-4,TRUE,3,Strong,West,4.698970004336019,2,2,1,Afternoon
138,1961,3,27,1961-03-27,20:30:00,America/Chicago,1961-03-28T02:30:00Z,TX,48,3,4,2,500000,31.72,-94.58,31.73,-94.35,13.8,200,1,1,347,0,0,0,FALSE,6,TRUE,1.5681818181818181,TRUE,2,Strong,South,5.698970004336019,3,11,1.4193548387096775,Night
33,1952,2,29,1952-02-29,16:30:00,America/Chicago,1952-02-29T22:30:00Z,TN,47,4,150,2,5000000,35.15,-86.58,0,0,2,300,1,1,103,0,0,0,FALSE,152,TRUE,0.3409090909090909,TRUE,1,Violent,South,6.698970004336019,4,68,2.4545454545454546,Evening
73,1957,4,2,1957-04-02,17:58:00,America/Chicago,1957-04-02T23:58:00Z,OK,40,4,3,3,500000,33.93,-96.43,34.03,-96.37,7.9,200,1,1,13,0,0,0,FALSE,6,TRUE,0.8977272727272727,TRUE,2,Violent,South,5.698970004336019,4,22,1.0188679245283019,Evening
750,1999,1,17,1999-01-17,19:05:00,America/Chicago,1999-01-18T01:05:00Z,TN,47,1,1,1,750000,35.97,-88.67,35.98,-88.55,10,0,1,1,17,0,0,0,FALSE,2,TRUE,0,TRUE,1,Weak,South,5.8750612633917,1,12,1.4782608695652173,Night
68,1971,2,21,1971-02-21,17:06:00,America/Chicago,1971-02-21T23:06:00Z,MS,28,4,182,13,5000000,32.33,-90.73,33.1,-90.1,65.2,10,1,1,149,163,51,0,FALSE,195,TRUE,0.3704545454545455,TRUE,1,Violent,South,6.698970004336019,4,82,1.675,Evening
915,1975,12,31,1975-12-31,10:30:00,America/Chicago,1975-12-31T16:30:00Z,FL,12,3,26,1,5000000,29.08,-82.17,0,0,2,200,1,1,83,0,0,0,FALSE,27,TRUE,0.22727272727272727,TRUE,1,Strong,South,6.698970004336019,3,2,0.6185567010309279,Afternoon
619812,2021,4,10,2021-04-10,01:06:00,America/Chicago,2021-04-10T06:06:00Z,LA,22,3,7,1,1000000,30.666,-91.9586,30.7499,-91.8492,8.71,200,1,1,97,0,0,0,FALSE,8,TRUE,0.9897727272727274,TRUE,2,Strong,South,6,3,1,0.625,Morning
270,1961,5,7,1961-05-07,01:00:00,America/Chicago,1961-05-07T06:00:00Z,AR,5,3,9,3,5000000,36.12,-92.78,36.3,-92.67,14.2,1760,1,1,89,0,0,0,FALSE,12,TRUE,14.2,TRUE,2,Strong,South,6.698970004336019,3,7,1.6944444444444444,Morning
81,2008,1,29,2008-01-29,18:58:00,America/Chicago,2008-01-30T00:58:00Z,IN,18,1,0,1,50000,38.55,-85.76,38.55,-85.76,0.18,100,1,1,19,0,0,0,FALSE,1,TRUE,0.010227272727272727,TRUE,1,Weak,Midwest,4.698970004336019,1,4,0.7,Night
77,1952,3,21,1952-03-21,23:30:00,America/Chicago,1952-03-22T05:30:00Z,TN,47,4,157,38,5000000,35.27,-88.98,35.63,-88.28,46.8,177,1,1,69,23,77,0,FALSE,195,TRUE,4.706590909090909,TRUE,2,Violent,South,6.698970004336019,4,68,2.4545454545454546,Night
514026,2014,6,16,2014-06-16,15:13:00,America/Chicago,2014-06-16T20:13:00Z,NE,31,4,0,1,1125000,41.9742,-97.04,42.117,-96.9439,11.5,500,1,1,167,39,179,0,FALSE,1,TRUE,3.267045454545455,TRUE,3,Violent,Midwest,6.0511525224473814,4,2,0.9032258064516129,Evening
615931,2018,2,24,2018-02-24,15:53:00,America/Chicago,2018-02-24T21:53:00Z,TN,47,2,1,1,825000,36.6392,-87.0126,36.721,-86.818,12.18,350,2,0,0,0,0,0,FALSE,2,TRUE,2.4221590909090907,TRUE,1,Strong,South,5.9164539485499255,2,2,0.68,Evening
543,1978,7,4,1978-07-04,20:34:00,America/Chicago,1978-07-05T01:34:00Z,ND,38,4,35,5,5000000,46.4,-101.88,46.4,-101.33,26,250,1,1,37,0,0,0,FALSE,40,TRUE,3.6931818181818183,TRUE,3,Violent,Midwest,6.698970004336019,4,5,0.6,Night
569,1990,6,2,1990-06-02,18:17:00,America/Chicago,1990-06-02T23:17:00Z,IN,18,4,60,6,50000000,38.47,-87.48,38.48,-87.25,13,200,1,1,51,125,0,0,FALSE,66,TRUE,1.4772727272727273,TRUE,3,Violent,Midwest,7.698970004336019,4,8,1.1555555555555554,Evening
294080,2011,5,22,2011-05-22,13:13:00,America/Chicago,2011-05-22T18:13:00Z,MN,27,1,48,1,166620000,44.9597,-93.3472,45.1317,-93.2137,13.57,880,1,1,53,3,123,3,FALSE,49,TRUE,6.785,TRUE,2,Weak,Midwest,8.221727130133901,1,1,0.5,Evening
46,1959,3,14,1959-03-14,20:30:00,America/Chicago,1959-03-15T02:30:00Z,AR,5,2,15,1,50000,36.47,-91.85,36.58,-91.72,11,417,2,0,0,0,0,0,FALSE,16,TRUE,2.60625,TRUE,2,Strong,South,4.698970004336019,2,3,1.6666666666666667,Night
772,1957,11,7,1957-11-07,23:27:00,America/Chicago,1957-11-08T05:27:00Z,TX,48,4,81,1,5000000,30.1,-93.73,29.97,-93.88,12.9,200,1,1,361,0,0,0,FALSE,82,TRUE,1.4659090909090908,TRUE,4,Violent,South,6.698970004336019,4,38,1.4137931034482758,Night
779,1998,4,8,1998-04-08,22:35:00,America/Chicago,1998-04-09T03:35:00Z,GA,13,2,10,1,75000000,33.95,-84.33,34.02,-83.98,19,800,1,1,89,135,0,0,FALSE,11,TRUE,8.636363636363637,TRUE,2,Strong,South,7.8750612633917,2,19,0.868421052631579,Night
671,1997,3,1,1997-03-01,16:45:00,America/Chicago,1997-03-01T22:45:00Z,AR,5,3,5,1,500000,35.98,-90.83,36.2,-90.35,15,200,1,1,55,0,0,0,FALSE,6,TRUE,1.7045454545454546,TRUE,2,Strong,South,5.698970004336019,3,26,1.6888888888888889,Evening
244,1974,4,4,1974-04-04,02:26:00,America/Chicago,1974-04-04T07:26:00Z,WV,54,3,11,1,5000000,37.8,-81.02,38.02,-80.48,32.2,10,1,1,81,19,25,0,FALSE,12,TRUE,0.18295454545454548,TRUE,2,Strong,South,6.698970004336019,3,1,1.5,Morning
174,1974,4,3,1974-04-03,17:35:00,America/Chicago,1974-04-03T22:35:00Z,AL,1,4,178,3,50000000,33.27,-88.2,34.27,-86.7,110.6,500,1,1,107,125,57,127,FALSE,181,TRUE,31.420454545454547,TRUE,2,Violent,South,7.698970004336019,4,80,1.8461538461538463,Evening
61,1961,3,6,1961-03-06,06:30:00,America/Chicago,1961-03-06T12:30:00Z,IN,18,3,3,1,500000,40.47,-86.13,0,0,2,300,1,1,67,0,0,0,FALSE,4,TRUE,0.3409090909090909,TRUE,2,Strong,Midwest,5.698970004336019,3,1,1.84375,Afternoon
1018,2007,10,17,2007-10-17,23:05:00,America/Chicago,2007-10-18T04:05:00Z,MO,29,2,0,2,50000,39.52,-92.05,39.58,-92.03,4.07,90,1,1,137,0,0,0,FALSE,2,TRUE,0.20812500000000003,TRUE,4,Strong,Midwest,4.698970004336019,2,3,0.35714285714285715,Night
486,1969,8,6,1969-08-06,17:50:00,America/Chicago,1969-08-06T22:50:00Z,MN,27,3,3,2,500000,47.05,-92.15,47.03,-91.72,17.2,117,1,1,137,75,0,0,FALSE,5,TRUE,1.143409090909091,TRUE,3,Strong,Midwest,5.698970004336019,3,15,1.5384615384615385,Evening
113,1991,3,22,1991-03-22,17:50:00,America/Chicago,1991-03-22T23:50:00Z,KY,21,2,12,1,5000000,36.65,-87.18,37.12,-86.43,39,400,1,1,219,141,227,0,FALSE,13,TRUE,8.863636363636363,TRUE,2,Strong,South,6.698970004336019,2,1,1.25,Evening
56,1973,3,10,1973-03-10,06:02:00,America/Chicago,1973-03-10T12:02:00Z,TX,48,4,77,6,5000000,31.53,-96.83,31.85,-96.8,23.3,150,1,1,309,293,217,0,FALSE,83,TRUE,1.9857954545454544,TRUE,2,Violent,South,6.698970004336019,4,14,1.2857142857142858,Afternoon
1206,1992,11,21,1992-11-21,23:27:00,America/Chicago,1992-11-22T05:27:00Z,MS,28,4,122,12,50000000,31.97,-90.23,33.48,-89.17,128,880,1,1,29,127,121,123,FALSE,134,TRUE,64,TRUE,4,Violent,South,7.698970004336019,4,18,0.7962962962962963,Night
1084,2007,12,15,2007-12-15,20:20:00,America/Chicago,2007-12-16T02:20:00Z,GA,13,1,0,1,1250000,31.69,-83.68,31.73,-83.64,3.5,125,1,1,287,0,0,0,FALSE,1,TRUE,0.24857954545454547,TRUE,1,Weak,South,6.096910013008056,1,10,1.075,Night
184,1960,5,5,1960-05-05,19:40:00,America/Chicago,1960-05-06T00:40:00Z,OK,40,4,13,5,500000,35.38,-94.55,35.45,-94.5,5.4,10,1,1,135,0,0,0,FALSE,18,TRUE,0.030681818181818185,TRUE,2,Violent,South,5.698970004336019,4,35,1.6020408163265305,Night
617204,2019,4,13,2019-04-13,12:00:00,America/Chicago,2019-04-13T17:00:00Z,TX,48,3,20,2,11250000,31.428,-95.2718,31.9046,-94.8587,41.13,880,1,1,225,73,347,401,FALSE,22,TRUE,20.565,TRUE,2,Strong,South,7.0511525224473814,3,2,0.8143712574850299,Afternoon
935,1998,4,16,1998-04-16,15:50:00,America/Chicago,1998-04-16T20:50:00Z,TN,47,5,36,3,13000000,35.22,-88.02,35.55,-86.9,69.4,1760,1,1,181,99,55,119,FALSE,39,TRUE,69.4,TRUE,2,Violent,South,7.113943352306837,5,7,1.5625,Evening
315803,2011,5,24,2011-05-24,14:20:00,America/Chicago,2011-05-24T19:20:00Z,OK,40,3,2,1,500000,36.059,-98.644,36.235,-98.583,13.2,880,1,1,43,11,93,0,FALSE,3,TRUE,6.6,TRUE,2,Strong,South,5.698970004336019,3,14,0.7627118644067796,Evening
472,1984,6,5,1984-06-05,23:30:00,America/Chicago,1984-06-06T04:30:00Z,TX,48,1,0,1,50000,31.6,-100.28,0,0,1,37,1,1,451,0,0,0,FALSE,1,TRUE,0.021022727272727273,TRUE,3,Weak,South,4.698970004336019,1,2,0.3118279569892473,Night
17,1975,1,10,1975-01-10,07:35:00,America/Chicago,1975-01-10T13:35:00Z,LA,22,1,8,1,50000,30.17,-92.58,30.22,-92.37,13.5,37,1,1,1,0,0,0,FALSE,9,TRUE,0.2838068181818182,TRUE,1,Weak,South,4.698970004336019,1,3,1.2592592592592593,Afternoon
105,1985,4,21,1985-04-21,17:30:00,America/Chicago,1985-04-21T23:30:00Z,TX,48,3,0,3,500000,33.23,-99,33.28,-98.95,4.5,400,1,1,447,503,0,0,FALSE,3,TRUE,1.0227272727272727,TRUE,2,Strong,South,5.698970004336019,3,4,0.3111111111111111,Evening
149,1950,6,25,1950-06-25,21:00:00,America/Chicago,1950-06-26T02:00:00Z,WI,55,2,0,1,50000,44.83,-90.35,44.97,-90.28,7.8,17,1,1,19,73,0,0,FALSE,1,TRUE,0.07534090909090908,TRUE,3,Strong,Midwest,4.698970004336019,2,3,2.4,Night
643,2010,6,17,2010-06-17,14:43:00,America/Chicago,2010-06-17T19:43:00Z,MN,27,4,5,1,5000000,46.087,-95.437,46.6147,-95.25,39.56,2288,1,1,41,111,0,0,FALSE,6,TRUE,51.428000000000004,TRUE,3,Violent,Midwest,6.698970004336019,4,3,0.6216216216216216,Evening
361,1983,5,19,1983-05-19,23:05:00,America/Chicago,1983-05-20T04:05:00Z,LA,22,3,35,1,50000000,31.87,-92.3,32.03,-92.15,12,500,1,1,91,59,0,0,FALSE,36,TRUE,3.409090909090909,TRUE,2,Strong,South,7.698970004336019,3,5,1.78125,Night
590,1972,8,7,1972-08-07,09:00:00,America/Chicago,1972-08-07T14:00:00Z,NY,36,1,2,1,50000,42.18,-77.23,0,0,0.1,10,1,1,101,0,0,0,FALSE,3,TRUE,5.681818181818183e-4,TRUE,3,Weak,Northeast,4.698970004336019,1,1,1,Afternoon
952,1993,8,9,1993-08-09,01:35:00,America/Chicago,1993-08-09T06:35:00Z,MN,27,0,0,2,50000,48.4,-93.47,0,0,1.2,200,1,1,71,0,0,0,FALSE,2,TRUE,0.13636363636363635,TRUE,3,Weak,Midwest,4.698970004336019,0,2,0.3191489361702128,Morning
131,1994,4,15,1994-04-15,10:30:00,America/Chicago,1994-04-15T15:30:00Z,TN,47,3,9,1,5000000,35.32,-85,35.43,-84.48,15,880,1,1,65,121,11,107,FALSE,10,TRUE,7.5,TRUE,2,Strong,South,6.698970004336019,3,5,0.8928571428571429,Afternoon
620630,2021,10,16,2021-10-16,06:08:00,America/Chicago,2021-10-16T11:08:00Z,PA,42,1,1,1,170000,41.35,-79.05,41.358,-79.0384,1.16,260,1,1,65,47,0,0,FALSE,2,TRUE,0.17136363636363636,TRUE,4,Weak,Northeast,5.230448921378274,1,2,0.7674418604651163,Morning
613872,2016,5,9,2016-05-09,16:18:00,America/Chicago,2016-05-09T21:18:00Z,OK,40,3,0,1,250000,34.391,-96.638,34.42,-96.484,9.06,700,1,1,69,29,0,0,FALSE,1,TRUE,3.603409090909091,TRUE,2,Strong,South,5.3979400086720375,3,2,1.0175438596491229,Evening
285,1999,5,4,1999-05-04,13:04:00,America/Chicago,1999-05-04T18:04:00Z,TX,48,3,22,1,125340000,33.18,-95.17,33.83,-94.18,71.5,50,2,0,0,0,0,0,FALSE,23,TRUE,2.03125,TRUE,2,Strong,South,8.098089690363953,3,6,0.47878787878787876,Evening
1202,2008,6,11,2008-06-11,21:12:00,America/Chicago,2008-06-12T02:12:00Z,KS,20,3,3,1,20200000,38.89,-97.11,39.01,-96.93,15.26,880,1,1,41,61,0,0,FALSE,4,TRUE,7.63,TRUE,3,Strong,Midwest,7.3053513694466234,3,4,0.518918918918919,Night
495,1984,6,7,1984-06-07,17:45:00,America/Chicago,1984-06-07T22:45:00Z,MO,29,4,64,3,50000000,40.42,-94.03,41.58,-91.85,134,250,2,0,0,0,0,0,FALSE,67,TRUE,19.03409090909091,TRUE,3,Violent,Midwest,7.698970004336019,4,5,1.05,Evening
28,1955,3,16,1955-03-16,14:30:00,America/Chicago,1955-03-16T20:30:00Z,NC,37,2,1,1,50000,35.6,-77.97,35.65,-77.87,6.6,500,1,1,191,0,0,0,FALSE,2,TRUE,1.875,TRUE,2,Strong,South,4.698970004336019,2,1,1.3333333333333333,Evening
388,1985,6,8,1985-06-08,18:15:00,America/Chicago,1985-06-08T23:15:00Z,WI,55,3,42,2,50000000,45.93,-90.47,45.57,-89.1,68,2640,1,1,99,85,0,0,FALSE,44,TRUE,102,TRUE,3,Strong,Midwest,7.698970004336019,3,4,1.2666666666666666,Evening
625,1979,8,9,1979-08-09,18:20:00,America/Chicago,1979-08-09T23:20:00Z,WI,55,2,0,1,50000,44.07,-88.3,0,0,0.1,10,1,1,15,0,0,0,FALSE,1,TRUE,5.681818181818183e-4,TRUE,3,Strong,Midwest,4.698970004336019,2,1,0.8333333333333334,Evening
88,1964,4,12,1964-04-12,16:00:00,America/Chicago,1964-04-12T22:00:00Z,KS,20,3,22,1,5000000,39.23,-95.02,39.38,-94.87,14,440,2,0,0,0,0,0,FALSE,23,TRUE,3.5,TRUE,2,Strong,Midwest,6.698970004336019,3,4,1.053191489361702,Evening
752,1979,9,5,1979-09-05,20:30:00,America/Chicago,1979-09-06T01:30:00Z,PA,42,2,4,1,5000000,39.77,-75.73,39.8,-75.8,4.1,63,1,1,29,0,0,0,FALSE,5,TRUE,0.14676136363636363,TRUE,4,Strong,Northeast,6.698970004336019,2,1,1.0714285714285714,Night
337,1985,5,31,1985-05-31,15:17:00,America/Chicago,1985-05-31T20:17:00Z,OH,39,4,125,16,50000000,41.48,-80.52,41.43,-79.47,56.2,350,2,0,0,0,0,0,FALSE,141,TRUE,11.176136363636363,TRUE,2,Violent,Midwest,7.698970004336019,4,47,1.8,Evening
60,1969,4,18,1969-04-18,02:30:00,America/Chicago,1969-04-18T08:30:00Z,AL,1,4,14,2,500000,31.83,-86.63,32.22,-85.88,52.4,500,1,1,13,41,101,11,FALSE,16,TRUE,14.886363636363637,TRUE,2,Violent,South,5.698970004336019,4,2,1.25,Morning
82,1988,4,19,1988-04-19,01:30:00,America/Chicago,1988-04-19T06:30:00Z,FL,12,3,18,4,50000000,30.45,-83.42,30.53,-83.2,12,300,1,1,79,0,0,0,FALSE,22,TRUE,2.0454545454545454,TRUE,2,Strong,South,7.698970004336019,3,5,0.5652173913043478,Morning
854,1984,10,18,1984-10-18,19:00:00,America/Chicago,1984-10-19T00:00:00Z,TX,48,2,2,1,500000,33.27,-94.92,33.32,-94.85,5,50,1,1,449,0,0,0,FALSE,3,TRUE,0.14204545454545453,TRUE,4,Strong,South,5.698970004336019,2,2,0.3118279569892473,Night
552705,2014,12,23,2014-12-23,15:22:00,America/Chicago,2014-12-23T21:22:00Z,MS,28,2,0,2,2200000,31.6986,-89.2239,31.7595,-89.1538,5.89,350,1,1,67,0,0,0,FALSE,2,TRUE,1.171306818181818,TRUE,1,Strong,South,6.342422680822207,2,16,1.175,Evening
280,1954,5,30,1954-05-30,20:00:00,America/Chicago,1954-05-31T01:00:00Z,NE,31,4,23,6,5000000,41.73,-97.73,42.05,-97.28,29.9,400,1,1,141,119,167,179,FALSE,29,TRUE,6.795454545454545,TRUE,2,Violent,Midwest,6.698970004336019,4,7,1.375,Night
314725,2011,4,27,2011-04-27,16:30:00,America/Chicago,2011-04-27T21:30:00Z,AL,1,3,50,7,36000000,32.6152,-88.0543,33.1524,-86.9898,72.13,1760,1,1,63,65,7,0,FALSE,57,TRUE,72.13,TRUE,2,Strong,South,7.556302500767288,3,237,1.3014705882352942,Evening
291036,2011,2,28,2011-02-28,12:18:00,America/Chicago,2011-02-28T18:18:00Z,TN,47,2,4,1,40000,35.3094,-86.105,35.27,-86.33,16.1,600,1,1,127,51,0,0,FALSE,5,TRUE,5.488636363636363,TRUE,1,Strong,South,4.6020599913279625,2,20,0.8556701030927835,Evening
243,2003,5,4,2003-05-04,17:50:00,America/Chicago,2003-05-04T22:50:00Z,MO,29,3,48,7,47800000,36.92,-94.2,37.13,-93.37,49,880,1,1,145,109,43,77,FALSE,55,TRUE,24.5,TRUE,2,Strong,Midwest,7.679427896612119,3,16,0.5375,Evening
309257,2011,4,27,2011-04-27,13:30:00,America/Chicago,2011-04-27T18:30:00Z,MS,28,5,6,3,700000,32.7992,-89.1088,33.0202,-88.6974,28.28,900,1,1,99,69,159,103,FALSE,9,TRUE,14.461363636363636,TRUE,2,Violent,South,5.845098040014257,5,42,1.3404255319148937,Evening
1180,2005,9,24,2005-09-24,15:25:00,America/Chicago,2005-09-24T20:25:00Z,MS,28,1,2,1,50000,33.27,-90.53,33.28,-90.57,3.5,100,1,1,53,133,0,0,FALSE,3,TRUE,0.19886363636363635,TRUE,4,Weak,South,4.698970004336019,1,1,0.7523809523809524,Evening
428260,2013,1,30,2013-01-30,10:12:00,America/Chicago,2013-01-30T16:12:00Z,GA,13,3,17,1,75000000,34.3411,-84.9527,34.5981,-84.7313,21.78,900,1,1,15,129,0,0,FALSE,18,TRUE,11.137500000000001,TRUE,1,Strong,South,7.8750612633917,3,1,0.8235294117647058,Afternoon
731,1967,9,20,1967-09-20,09:20:00,America/Chicago,1967-09-20T14:20:00Z,TX,48,1,1,1,50000,29.37,-96.28,0,0,0.1,10,1,1,481,0,0,0,TRUE,2,TRUE,5.681818181818183e-4,TRUE,4,Weak,South,4.698970004336019,1,5,0.853448275862069,Afternoon
23,1952,2,13,1952-02-13,21:30:00,America/Chicago,1952-02-14T03:30:00Z,AL,1,3,26,1,500000,33.6,-86.93,0,0,0.1,200,1,1,73,0,0,0,FALSE,27,TRUE,0.011363636363636364,TRUE,1,Strong,South,5.698970004336019,3,6,2,Night
439748,2013,4,11,2013-04-11,10:35:00,America/Chicago,2013-04-11T15:35:00Z,MS,28,3,9,1,1200000,32.6393,-88.8665,33.4142,-88.1995,66.35,1320,2,0,0,0,0,0,FALSE,10,TRUE,49.762499999999996,TRUE,2,Strong,South,6.079181246047625,3,2,1,Afternoon
1,2007,1,4,2007-01-04,15:45:00,America/Chicago,2007-01-04T21:45:00Z,LA,22,1,15,2,1500000,29.92,-91.8,30.05,-91.73,15.07,100,1,1,45,0,0,0,FALSE,17,TRUE,0.85625,TRUE,1,Weak,South,6.176091259055681,1,3,0.8695652173913043,Evening
959,1991,7,5,1991-07-05,18:35:00,America/Chicago,1991-07-05T23:35:00Z,MN,27,1,0,1,50000,46.53,-94.65,0,0,0.3,10,1,1,21,0,0,0,FALSE,1,TRUE,0.0017045454545454545,TRUE,3,Weak,Midwest,4.698970004336019,1,1,0.5945945945945946,Evening
47,2003,3,20,2003-03-20,04:05:00,America/Chicago,2003-03-20T10:05:00Z,GA,13,3,200,6,6750000,31.18,-84.27,31.4,-83.95,25,600,1,1,205,321,0,0,FALSE,206,TRUE,8.522727272727272,TRUE,2,Strong,South,6.829303772831025,3,6,0.7407407407407407,Morning
195,1974,4,3,1974-04-03,18:35:00,America/Chicago,1974-04-03T23:35:00Z,AL,1,5,190,16,50000000,34.7,-87.05,35.5,-86,83.3,500,2,0,0,0,0,0,FALSE,206,TRUE,23.66477272727273,TRUE,2,Violent,South,7.698970004336019,5,80,1.8461538461538463,Evening
118,1963,4,28,1963-04-28,15:00:00,America/Chicago,1963-04-28T20:00:00Z,NE,31,3,8,1,50000,40.38,-95.88,40.45,-95.83,4.9,300,1,1,127,0,0,0,FALSE,9,TRUE,0.8352272727272727,TRUE,2,Strong,Midwest,4.698970004336019,3,1,1.411764705882353,Evening
367,1954,6,17,1954-06-17,19:45:00,America/Chicago,1954-06-18T00:45:00Z,NE,31,3,0,1,500000,42.08,-97.05,42.2,-96.7,23.6,163,1,1,167,39,173,0,FALSE,1,TRUE,2.1856818181818185,TRUE,3,Strong,Midwest,5.698970004336019,3,7,1.375,Night
252,1961,5,5,1961-05-05,17:20:00,America/Chicago,1961-05-05T22:20:00Z,OK,40,4,58,16,500000,34.73,-95.03,34.95,-94.65,26.4,400,1,1,79,0,0,0,FALSE,74,TRUE,5.999999999999999,TRUE,2,Violent,South,5.698970004336019,4,17,1.382716049382716,Evening
35,1975,1,10,1975-01-10,16:14:00,America/Chicago,1975-01-10T22:14:00Z,AL,1,3,60,1,5000000,33.55,-86.32,33.77,-86.12,18.8,150,1,1,115,0,0,0,FALSE,61,TRUE,1.6022727272727273,TRUE,1,Strong,South,6.698970004336019,3,2,1.1764705882352942,Evening
509,2006,5,9,2006-05-09,21:37:00,America/Chicago,2006-05-10T02:37:00Z,TX,48,3,10,3,1500000,33.37,-96.52,33.45,-96.4,9.3,300,1,1,85,181,0,0,FALSE,13,TRUE,1.5852272727272727,TRUE,2,Strong,South,6.176091259055681,3,4,0.3565217391304348,Night
323,1968,6,10,1968-06-10,15:30:00,America/Chicago,1968-06-10T20:30:00Z,MN,27,1,2,1,50000,45.73,-93.32,0,0,0.3,20,1,1,65,0,0,0,FALSE,3,TRUE,0.003409090909090909,TRUE,3,Weak,Midwest,4.698970004336019,1,10,0.7647058823529411,Evening
1639,2008,11,15,2008-11-15,02:10:00,America/Chicago,2008-11-15T08:10:00Z,NC,37,2,2,1,500000,35.58,-78.11,35.62,-78.05,4.09,150,1,1,101,195,0,0,FALSE,3,TRUE,0.3485795454545454,TRUE,4,Strong,South,5.698970004336019,2,3,0.5636363636363636,Morning
99,1966,4,26,1966-04-26,13:00:00,America/Chicago,1966-04-26T18:00:00Z,MS,28,1,10,1,500000,31.93,-89.83,0,0,0.1,10,1,1,127,0,0,0,FALSE,11,TRUE,5.681818181818183e-4,TRUE,2,Weak,South,5.698970004336019,1,59,1.0833333333333333,Evening
594,1983,6,27,1983-06-27,22:15:00,America/Chicago,1983-06-28T03:15:00Z,OK,40,2,0,1,50000,36.37,-95.87,36.4,-95.75,5,100,1,1,143,131,0,0,FALSE,1,TRUE,0.28409090909090906,TRUE,3,Strong,South,4.698970004336019,2,1,0.7777777777777778,Night
150,1950,6,25,1950-06-25,21:00:00,America/Chicago,1950-06-26T02:00:00Z,WI,55,4,12,2,500000,45.58,-89.58,45.67,-89.33,13.1,880,1,1,85,0,0,0,FALSE,14,TRUE,6.55,TRUE,3,Violent,Midwest,5.698970004336019,4,3,2.4,Night
615031,2017,4,29,2017-04-29,16:29:00,America/Chicago,2017-04-29T21:29:00Z,TX,48,4,25,2,1200000,32.2572,-96.018,32.5528,-95.9306,21.42,1760,1,1,213,467,0,0,FALSE,27,TRUE,21.42,TRUE,2,Violent,South,6.079181246047625,4,4,0.6467065868263473,Evening
874,2001,5,31,2001-05-31,19:05:00,America/Chicago,2001-06-01T00:05:00Z,TN,47,2,2,1,80000,35.92,-86.2,35.97,-86.1,6.3,440,1,1,15,0,0,0,FALSE,3,TRUE,1.575,TRUE,2,Strong,South,4.903089986991944,2,3,0.6428571428571429,Night
143,1990,3,14,1990-03-14,19:40:00,America/Chicago,1990-03-15T01:40:00Z,AR,5,2,6,1,500000,33.82,-92.42,0,0,2,200,1,1,39,0,0,0,FALSE,7,TRUE,0.22727272727272727,TRUE,2,Strong,South,5.698970004336019,2,2,0.5,Night
376,1970,6,24,1970-06-24,16:50:00,America/Chicago,1970-06-24T21:50:00Z,TX,48,3,15,1,500000,27.57,-97.78,0,0,1.5,200,1,1,355,0,0,0,FALSE,16,TRUE,0.17045454545454544,TRUE,3,Strong,South,5.698970004336019,3,51,1.256198347107438,Evening
1257,1992,11,22,1992-11-22,17:00:00,America/Chicago,1992-11-22T23:00:00Z,GA,13,3,9,1,5000000,33.68,-82.48,34.27,-81.35,67,400,2,0,0,0,0,0,FALSE,10,TRUE,15.227272727272727,TRUE,4,Strong,South,6.698970004336019,3,7,1.4444444444444444,Evening
497,1973,5,28,1973-05-28,15:00:00,America/Chicago,1973-05-28T20:00:00Z,GA,13,3,65,1,50000000,33.87,-83.63,33.97,-83.33,18.7,200,1,1,297,219,59,0,FALSE,66,TRUE,2.125,TRUE,2,Strong,South,7.698970004336019,3,3,1.3870967741935485,Evening
211,1974,4,3,1974-04-03,19:30:00,America/Chicago,1974-04-04T00:30:00Z,TN,47,4,6,5,5000000,36.52,-85.08,36.63,-84.88,11,300,2,0,0,0,0,0,FALSE,11,TRUE,1.8749999999999998,TRUE,2,Violent,South,6.698970004336019,4,47,1.813953488372093,Night
101,1958,4,22,1958-04-22,13:20:00,America/Chicago,1958-04-22T19:20:00Z,SC,45,2,1,1,50000,33.58,-80.65,33.62,-80.35,17.7,100,1,1,17,27,0,0,FALSE,2,TRUE,1.0056818181818181,TRUE,2,Strong,South,4.698970004336019,2,1,1,Evening
541,1985,8,16,1985-08-16,10:00:00,America/Chicago,1985-08-16T15:00:00Z,AL,1,2,1,1,5000000,33.73,-87.28,0,0,1.3,120,1,1,127,0,0,0,FALSE,2,TRUE,0.08863636363636364,TRUE,3,Strong,South,6.698970004336019,2,1,1.2380952380952381,Afternoon
613862,2016,5,9,2016-05-09,15:06:00,America/Chicago,2016-05-09T20:06:00Z,OK,40,4,0,1,1000000,34.559,-97.357,34.589,-97.21,8.9,400,1,1,49,0,0,0,FALSE,1,TRUE,2.022727272727273,TRUE,2,Violent,South,6,4,2,1.0175438596491229,Evening
635,2000,2,13,2000-02-13,23:49:00,America/Chicago,2000-02-14T05:49:00Z,GA,13,3,15,7,5000000,31.02,-84.2,31.07,-84.02,15,300,1,1,131,275,205,0,FALSE,22,TRUE,2.5568181818181817,TRUE,1,Strong,South,6.698970004336019,3,19,0.8571428571428571,Night
613565,2016,2,23,2016-02-23,16:15:00,America/Chicago,2016-02-23T22:15:00Z,MS,28,2,0,1,105000,31.1157,-89.5159,31.1822,-89.4608,5.63,100,1,1,73,0,0,0,FALSE,1,TRUE,0.31988636363636364,TRUE,1,Strong,South,5.021189299069938,2,1,0.8,Evening
881,1974,10,10,1974-10-10,15:00:00,America/Chicago,1974-10-10T20:00:00Z,NM,35,2,8,1,500000,35.12,-107.07,0,0,2,100,1,1,1,0,0,0,FALSE,9,TRUE,0.11363636363636363,TRUE,4,Strong,West,5.698970004336019,2,1,0.8333333333333334,Evening
521,1974,6,6,1974-06-06,16:10:00,America/Chicago,1974-06-06T21:10:00Z,AR,5,3,112,4,50000000,34.98,-90.78,35.02,-90.73,3.8,150,1,1,123,0,0,0,FALSE,116,TRUE,0.3238636363636363,TRUE,3,Strong,South,7.698970004336019,3,4,1.4545454545454546,Evening
196,1989,5,5,1989-05-05,16:54:00,America/Chicago,1989-05-05T21:54:00Z,NC,37,4,52,4,50000000,35.47,-81.58,35.68,-81.42,14,800,1,1,45,109,35,0,FALSE,56,TRUE,6.363636363636363,TRUE,2,Violent,South,7.698970004336019,4,5,1.565217391304348,Evening
198,1971,4,27,1971-04-27,19:20:00,America/Chicago,1971-04-28T00:20:00Z,KY,21,3,0,1,5000000,37.2,-86.95,37.1,-86.47,27.4,150,1,1,177,31,227,0,FALSE,1,TRUE,2.3352272727272725,TRUE,2,Strong,South,6.698970004336019,3,9,1.8125,Night
136,1965,4,11,1965-04-11,15:20:00,America/Chicago,1965-04-11T21:20:00Z,IL,17,4,75,6,5000000,42.22,-88.38,42.28,-88.18,9.1,400,1,1,111,97,0,0,FALSE,81,TRUE,2.068181818181818,TRUE,2,Violent,Midwest,6.698970004336019,4,8,1.6428571428571428,Evening
618970,2020,4,22,2020-04-22,20:26:00,America/Chicago,2020-04-23T01:26:00Z,LA,22,2,0,1,1000000,31.1623,-92.4582,31.1922,-92.3103,8.98,550,1,1,79,0,0,0,FALSE,1,TRUE,2.8062500000000004,TRUE,2,Strong,South,6,2,5,1.1666666666666667,Night
1,1969,1,23,1969-01-23,05:25:00,America/Chicago,1969-01-23T11:25:00Z,MS,28,4,241,32,500000,31.68,-91.05,32.3,-89.2,117.8,200,1,1,63,29,127,121,FALSE,273,TRUE,13.386363636363635,TRUE,1,Violent,South,5.698970004336019,4,32,1.1851851851851851,Morning
84,2007,3,1,2007-03-01,12:27:00,America/Chicago,2007-03-01T18:27:00Z,AL,1,4,2,1,2250000,32.12,-87.41,32.27,-87.14,18.32,500,1,1,131,47,0,0,FALSE,3,TRUE,5.204545454545455,TRUE,2,Violent,South,6.352182518111363,4,10,0.925,Evening
316,2009,4,19,2009-04-19,17:58:00,America/Chicago,2009-04-19T22:58:00Z,AL,1,0,0,1,20000,34.4852,-86.8874,34.4852,-86.8785,0.51,50,1,1,103,0,0,0,FALSE,1,TRUE,0.014488636363636363,TRUE,2,Weak,South,4.301029995663981,0,2,0.620253164556962,Evening
89,1984,3,28,1984-03-28,18:10:00,America/Chicago,1984-03-29T00:10:00Z,SC,45,4,100,7,50000000,34.65,-79.75,34.68,-79.43,17,2113,2,0,0,0,0,0,FALSE,107,TRUE,20.40965909090909,TRUE,2,Violent,South,7.698970004336019,4,17,2.0555555555555554,Night
241,1995,5,7,1995-05-07,15:20:00,America/Chicago,1995-05-07T20:20:00Z,TX,48,3,6,3,500000000,33.8,-97.43,34.2,-97.17,34.1,880,2,0,0,0,0,0,FALSE,9,TRUE,17.05,TRUE,2,Strong,South,8.698970004336019,3,6,0.354978354978355,Evening
428,1979,6,28,1979-06-28,18:02:00,America/Chicago,1979-06-28T23:02:00Z,IA,19,4,26,3,5000,42.63,-94.6,42.45,-94.43,14.9,33,1,1,151,25,0,0,FALSE,29,TRUE,0.279375,TRUE,3,Violent,Midwest,3.6989700043360187,4,7,1.1176470588235294,Evening
54,1994,3,27,1994-03-27,11:14:00,America/Chicago,1994-03-27T17:14:00Z,GA,13,4,20,3,50000000,34.13,-85.03,34.43,-84.3,49,1760,1,1,115,15,57,227,FALSE,23,TRUE,49,TRUE,2,Violent,South,7.698970004336019,4,20,0.9230769230769231,Afternoon
310,1954,6,1,1954-06-01,20:55:00,America/Chicago,1954-06-02T01:55:00Z,TX,48,3,4,1,500000,33.95,-98.67,33.95,-98.57,5.9,50,1,1,485,0,0,0,FALSE,5,TRUE,0.16761363636363638,TRUE,3,Strong,South,5.698970004336019,3,3,1.3246753246753247,Night
195,1965,4,19,1965-04-19,15:50:00,America/Chicago,1965-04-19T21:50:00Z,TX,48,3,3,1,50000,29.45,-96,0,0,0.2,150,1,1,157,0,0,0,FALSE,4,TRUE,0.017045454545454544,TRUE,2,Strong,South,4.698970004336019,3,6,1.3703703703703705,Evening
729,1957,9,14,1957-09-14,17:30:00,America/Chicago,1957-09-14T22:30:00Z,OK,40,4,6,2,500000,34.95,-97.25,35.28,-96.15,67.5,440,1,1,27,125,133,63,FALSE,8,TRUE,16.875,TRUE,4,Violent,South,5.698970004336019,4,22,1.0188679245283019,Evening
168,1984,4,21,1984-04-21,16:00:00,America/Chicago,1984-04-21T22:00:00Z,MS,28,3,76,15,50000000,33.63,-89.4,34.55,-88.95,71,10,1,1,83,135,161,71,FALSE,91,TRUE,0.40340909090909094,TRUE,2,Strong,South,7.698970004336019,3,15,1.1875,Evening
270,2007,4,13,2007-04-13,17:09:00,America/Chicago,2007-04-13T22:09:00Z,TX,48,1,0,1,2000000,32.77,-97.33,32.83,-97.25,6,125,1,1,439,0,0,0,FALSE,1,TRUE,0.42613636363636365,TRUE,2,Weak,South,6.301029995663981,1,11,0.41919191919191917,Evening
362,2002,11,10,2002-11-10,18:52:00,America/Chicago,2002-11-11T00:52:00Z,AL,1,3,38,4,3200000,33.75,-87.87,34.05,-87.18,44.3,1175,1,1,57,127,133,0,FALSE,42,TRUE,29.57528409090909,TRUE,4,Strong,South,6.505149978319906,3,13,0.5588235294117647,Night
188,1956,5,12,1956-05-12,15:15:00,America/Chicago,1956-05-12T20:15:00Z,MI,26,2,4,1,500000,43.3,-84.55,43.27,-84.47,3.8,800,1,1,57,0,0,0,FALSE,5,TRUE,1.727272727272727,TRUE,2,Strong,Midwest,5.698970004336019,2,22,1.9565217391304348,Evening
381,2002,11,10,2002-11-10,18:54:00,America/Chicago,2002-11-11T00:54:00Z,PA,42,2,19,1,1000000,41.25,-80.47,41.33,-80.35,7,500,1,1,85,0,0,0,FALSE,20,TRUE,1.9886363636363638,TRUE,4,Strong,Northeast,6,2,1,0.8,Night
107,1953,4,28,1953-04-28,20:45:00,America/Chicago,1953-04-29T01:45:00Z,TX,48,3,5,1,500000,29.55,-98.53,29.58,-98.47,4.9,200,1,1,209,0,0,0,FALSE,6,TRUE,0.5568181818181819,TRUE,2,Strong,South,5.698970004336019,3,150,1.8125,Night
76,1963,4,17,1963-04-17,15:55:00,America/Chicago,1963-04-17T21:55:00Z,IL,17,4,70,1,5000000,41.18,-88.1,41.08,-86.87,57.3,130,2,0,0,0,0,0,FALSE,71,TRUE,4.232386363636364,TRUE,2,Violent,Midwest,6.698970004336019,4,2,2.1818181818181817,Evening
925,1999,4,8,1999-04-08,19:45:00,America/Chicago,1999-04-09T00:45:00Z,IL,17,1,6,1,1750000,39.8,-90.12,39.9,-89.98,9.3,333,1,1,137,17,167,129,FALSE,7,TRUE,1.7596022727272729,TRUE,2,Weak,Midwest,6.243038048686294,1,3,0.46774193548387094,Night
495,2003,6,23,2003-06-23,20:43:00,America/Chicago,2003-06-24T01:43:00Z,NE,31,4,0,1,3700000,42.5,-97.32,42.53,-97.07,13,1200,1,1,27,0,0,0,FALSE,1,TRUE,8.863636363636363,TRUE,3,Violent,Midwest,6.568201724066995,4,2,0.2345679012345679,Night
613,2001,4,11,2001-04-11,04:25:00,America/Chicago,2001-04-11T09:25:00Z,OK,40,2,1,1,80000,34.5,-96.17,34.67,-96.05,13,200,1,1,29,5,0,0,FALSE,2,TRUE,1.4772727272727273,TRUE,2,Strong,South,4.903089986991944,2,1,0.55,Morning
283,1964,5,8,1964-05-08,15:59:00,America/Chicago,1964-05-08T20:59:00Z,MI,26,4,224,11,5000000,42.67,-82.83,42.67,-82.75,3.3,833,1,1,99,0,0,0,FALSE,235,TRUE,1.561875,TRUE,2,Violent,Midwest,6.698970004336019,4,11,1.8571428571428572,Evening
130,1987,5,22,1987-05-22,19:16:00,America/Chicago,1987-05-23T00:16:00Z,TX,48,4,121,30,5000000,31,-103.68,31.03,-103.63,3,1000,1,1,389,0,0,0,FALSE,151,TRUE,1.7045454545454546,TRUE,2,Violent,South,6.698970004336019,4,43,0.7301587301587301,Night
342,2002,11,10,2002-11-10,18:52:00,America/Chicago,2002-11-11T00:52:00Z,TN,47,2,24,2,250000,35.5,-86.22,35.57,-86.02,12.3,450,1,1,31,0,0,0,FALSE,26,TRUE,3.1448863636363638,TRUE,4,Strong,South,5.3979400086720375,2,17,1.2,Night
50,1994,3,27,1994-03-27,10:55:00,America/Chicago,1994-03-27T16:55:00Z,AL,1,4,150,22,50000000,33.72,-86.15,34.02,-85.42,50,880,1,1,115,15,19,0,FALSE,172,TRUE,25,TRUE,2,Violent,South,7.698970004336019,4,22,1.2777777777777777,Afternoon
321,1991,4,26,1991-04-26,17:30:00,America/Chicago,1991-04-26T22:30:00Z,KS,20,4,0,1,50000000,37.07,-97.15,37.35,-96.8,25,500,1,1,35,0,0,0,FALSE,1,TRUE,7.1022727272727275,TRUE,2,Violent,Midwest,7.698970004336019,4,19,0.5701754385964912,Evening
602,1976,6,14,1976-06-14,20:10:00,America/Chicago,1976-06-15T01:10:00Z,MN,27,2,6,1,5000000,43.92,-94.07,44.28,-93.87,24.6,300,1,1,13,79,0,0,FALSE,7,TRUE,4.193181818181818,TRUE,3,Strong,Midwest,6.698970004336019,2,1,1.1818181818181819,Night
618959,2020,4,22,2020-04-22,15:53:00,America/Chicago,2020-04-22T20:53:00Z,OK,40,2,1,2,500000,34.0705,-96.813,34.07,-96.74,4.25,400,1,1,95,0,0,0,FALSE,3,TRUE,0.9659090909090908,TRUE,2,Strong,South,5.698970004336019,2,2,0.7894736842105263,Evening
868,1973,8,28,1973-08-28,11:34:00,America/Chicago,1973-08-28T16:34:00Z,NY,36,4,36,4,50000000,42.42,-73.42,42.27,-73.38,9.8,313,2,0,0,0,0,0,FALSE,40,TRUE,1.7428409090909092,TRUE,3,Violent,Northeast,7.698970004336019,4,4,2,Afternoon
198,1950,12,2,1950-12-02,15:00:00,America/Chicago,1950-12-02T21:00:00Z,IL,17,2,3,1,50000,38.97,-90.05,39.07,-89.72,18.8,50,1,1,119,117,0,0,FALSE,4,TRUE,0.5340909090909091,TRUE,1,Strong,Midwest,4.698970004336019,2,3,1.875,Evening
172,1974,4,3,1974-04-03,17:35:00,America/Chicago,1974-04-03T22:35:00Z,KY,21,3,98,1,5000000,37.43,-84.92,37.7,-84.72,21.1,10,1,1,45,137,21,0,FALSE,99,TRUE,0.11988636363636365,TRUE,2,Strong,South,6.698970004336019,3,72,2.7419354838709675,Evening
165,1975,3,26,1975-03-26,23:50:00,America/Chicago,1975-03-27T04:50:00Z,TX,48,3,42,2,500000,35.43,-100.82,0,0,1,220,1,1,179,0,0,0,FALSE,44,TRUE,0.125,TRUE,2,Strong,South,5.698970004336019,3,10,0.5982905982905983,Night
175,1974,4,3,1974-04-03,17:40:00,America/Chicago,1974-04-03T22:40:00Z,KY,21,4,113,10,50000,36.65,-85.37,36.93,-84.77,38.4,10,1,1,57,53,231,0,FALSE,123,TRUE,0.21818181818181817,TRUE,2,Violent,South,4.698970004336019,4,72,2.7419354838709675,Evening
170,1957,4,19,1957-04-19,15:30:00,America/Chicago,1957-04-19T21:30:00Z,WI,55,4,0,1,50000,43.87,-90.18,44.17,-90.08,21.1,300,1,1,57,0,0,0,FALSE,1,TRUE,3.596590909090909,TRUE,2,Violent,Midwest,4.698970004336019,4,1,1.8333333333333333,Evening
210,1984,4,26,1984-04-26,22:05:00,America/Chicago,1984-04-27T04:05:00Z,OK,40,4,37,3,5000000,36.08,-96.6,36.2,-96.32,22,880,1,1,37,117,0,0,FALSE,40,TRUE,11,TRUE,2,Violent,South,6.698970004336019,4,13,0.9795918367346939,Night
64,1952,3,21,1952-03-21,18:00:00,America/Chicago,1952-03-22T00:00:00Z,AR,5,4,5,4,500000,35.42,-91,0,0,0.1,880,1,1,37,0,0,0,FALSE,9,TRUE,0.05,TRUE,2,Violent,South,5.698970004336019,4,112,2.3076923076923075,Night
1071,1995,10,4,1995-10-04,11:30:00,America/Chicago,1995-10-04T16:30:00Z,FL,12,2,3,1,500000,30.75,-86.6,0,0,1.8,170,1,1,91,0,0,0,FALSE,4,TRUE,0.17386363636363636,TRUE,4,Strong,South,5.698970004336019,2,3,0.24210526315789474,Afternoon
149,1965,4,11,1965-04-11,18:05:00,America/Chicago,1965-04-12T00:05:00Z,MI,26,1,9,1,500000,42.72,-85.83,42.72,-85.43,19.5,200,1,1,5,15,0,0,FALSE,10,TRUE,2.215909090909091,TRUE,2,Weak,Midwest,5.698970004336019,1,28,2.466666666666667,Night
618869,2020,4,13,2020-04-13,01:21:00,America/Chicago,2020-04-13T06:21:00Z,SC,45,3,5,1,100000000,34.617,-83.084,34.733,-82.826,16.71,1000,1,1,73,77,0,0,FALSE,6,TRUE,9.494318181818183,TRUE,2,Strong,South,8,3,8,1,Morning
103,1999,1,21,1999-01-21,18:24:00,America/Chicago,1999-01-22T00:24:00Z,AR,5,3,72,3,500000,34.55,-92.42,34.82,-92.22,39,417,1,1,125,119,0,0,FALSE,75,TRUE,9.240340909090909,TRUE,1,Strong,South,5.698970004336019,3,8,1.145631067961165,Night
575,2001,11,26,2001-11-26,23:25:00,America/Chicago,2001-11-27T05:25:00Z,TN,47,3,12,2,1500000,36.25,-88.25,36.28,-88.23,5,200,1,1,79,0,0,0,FALSE,14,TRUE,0.5681818181818181,TRUE,4,Strong,South,6.176091259055681,3,3,0.6428571428571429,Night
268,2006,4,2,2006-04-02,19:09:00,America/Chicago,2006-04-03T00:09:00Z,TN,47,3,44,6,26540000,36.07,-89.03,36.07,-88.48,31,880,1,1,53,183,17,0,FALSE,50,TRUE,15.5,TRUE,2,Strong,South,7.423900918528417,3,34,1.2,Night
567,1974,6,8,1974-06-08,18:00:00,America/Chicago,1974-06-08T23:00:00Z,KS,20,4,177,6,50000000,38.42,-96.22,38.9,-95.87,37.5,1760,1,1,111,139,177,0,FALSE,183,TRUE,37.5,TRUE,3,Violent,Midwest,7.698970004336019,4,6,1.096774193548387,Evening
89,2008,2,5,2008-02-05,16:49:00,America/Chicago,2008-02-05T22:49:00Z,AR,5,4,139,13,119310000,35.1,-93.07,36.29,-91.47,121.84,1320,1,1,149,115,149,115,FALSE,152,TRUE,91.38,TRUE,1,Violent,South,8.076676845705643,4,21,0.9625,Evening
247,1994,4,26,1994-04-26,22:58:00,America/Chicago,1994-04-27T03:58:00Z,IN,18,4,70,3,5000000,40.48,-86.95,40.58,-86.75,14,100,1,1,157,15,0,0,FALSE,73,TRUE,0.7954545454545454,TRUE,2,Violent,Midwest,6.698970004336019,4,3,0.75,Night
315,1991,4,26,1991-04-26,16:57:00,America/Chicago,1991-04-26T21:57:00Z,KS,20,5,225,17,500000000,37.47,-97.48,37.9,-96.87,46,440,1,1,173,15,0,0,FALSE,242,TRUE,11.5,TRUE,2,Violent,Midwest,8.698970004336019,5,19,0.5701754385964912,Evening
482,1976,5,30,1976-05-30,18:30:00,America/Chicago,1976-05-30T23:30:00Z,OK,40,1,1,2,50000,35.85,-96.37,0,0,0.1,33,1,1,37,0,0,0,FALSE,3,TRUE,0.001875,TRUE,2,Weak,South,4.698970004336019,1,5,1.4642857142857142,Evening
421,1967,6,10,1967-06-10,17:04:00,America/Chicago,1967-06-10T22:04:00Z,OK,40,4,1,4,500000,35.6,-99.38,35.68,-99.27,8.7,300,1,1,39,0,0,0,FALSE,5,TRUE,1.4829545454545452,TRUE,3,Violent,South,5.698970004336019,4,4,0.9183673469387755,Evening
664,1997,3,1,1997-03-01,01:00:00,America/Chicago,1997-03-01T07:00:00Z,MS,28,1,4,1,100000,34.1,-89.22,34.37,-88.88,15,400,1,1,115,0,0,0,FALSE,5,TRUE,3.409090909090909,TRUE,2,Weak,South,5,1,1,0.9705882352941176,Morning
340,1991,4,26,1991-04-26,20:05:00,America/Chicago,1991-04-27T01:05:00Z,OK,40,2,10,1,500000,36.88,-95.93,36.93,-95.83,6,100,1,1,147,0,0,0,FALSE,11,TRUE,0.3409090909090909,TRUE,2,Strong,South,5.698970004336019,2,2,0.958904109589041,Night
592,1975,6,18,1975-06-18,20:00:00,America/Chicago,1975-06-19T01:00:00Z,NE,31,3,3,1,500000,41.07,-100.17,41.47,-100.35,28.4,10,1,1,41,111,113,0,FALSE,4,TRUE,0.16136363636363635,TRUE,3,Strong,Midwest,5.698970004336019,3,4,0.9871794871794872,Night
698,1983,7,21,1983-07-21,18:50:00,America/Chicago,1983-07-21T23:50:00Z,DE,10,2,9,2,500000,39.17,-75.72,0,0,1,20,1,1,1,0,0,0,FALSE,11,TRUE,0.011363636363636364,TRUE,3,Strong,South,5.698970004336019,2,2,2,Evening
53,1958,4,2,1958-04-02,17:55:00,America/Chicago,1958-04-02T23:55:00Z,TX,48,3,14,1,500000,33.9,-98.5,33.95,-98.23,16.4,333,1,1,485,77,0,0,FALSE,15,TRUE,3.102954545454545,TRUE,2,Strong,South,5.698970004336019,3,1,1.0135135135135136,Evening
72,1976,3,12,1976-03-12,13:20:00,America/Chicago,1976-03-12T19:20:00Z,IL,17,2,66,2,5000000,41.92,-87.92,42.1,-87.7,15.1,150,1,1,43,31,0,0,FALSE,68,TRUE,1.2869318181818181,TRUE,2,Strong,Midwest,6.698970004336019,2,5,2.037037037037037,Evening
602,1962,8,20,1962-08-20,20:30:00,America/Chicago,1962-08-21T01:30:00Z,OH,39,2,20,4,5000000,41.4,-81.8,0,0,0.5,500,1,1,35,0,0,0,FALSE,24,TRUE,0.14204545454545456,TRUE,3,Strong,Midwest,6.698970004336019,2,4,1.5,Night
618646,2020,2,6,2020-02-06,02:13:00,America/Chicago,2020-02-06T08:13:00Z,AL,1,1,1,1,50000,32.4617,-87.8012,32.4725,-87.7834,1.29,400,1,1,91,0,0,0,FALSE,2,TRUE,0.29318181818181815,TRUE,1,Weak,South,4.698970004336019,1,5,0.8571428571428571,Morning
73,1979,3,31,1979-03-31,16:25:00,America/Chicago,1979-03-31T22:25:00Z,KY,21,3,19,1,5000000,37.02,-86.08,37.08,-85.87,12.7,100,1,1,9,0,0,0,FALSE,20,TRUE,0.7215909090909091,TRUE,2,Strong,South,6.698970004336019,3,1,1.5,Evening
444340,2013,5,30,2013-05-30,20:36:00,America/Chicago,2013-05-31T01:36:00Z,AR,5,1,0,1,25000,34.4355,-92.5823,34.4363,-92.5761,0.36,200,1,1,53,0,0,0,FALSE,1,TRUE,0.04090909090909091,TRUE,2,Weak,South,4.3979400086720375,1,2,1.032258064516129,Night
672,1980,7,15,1980-07-15,20:45:00,America/Chicago,1980-07-16T01:45:00Z,WI,55,2,12,1,5000000,45.08,-92.17,45.08,-92.13,0.1,10,1,1,109,33,0,0,FALSE,13,TRUE,5.681818181818183e-4,TRUE,3,Strong,Midwest,6.698970004336019,2,3,1.372093023255814,Night
230,1968,5,16,1968-05-16,00:02:00,America/Chicago,1968-05-16T05:02:00Z,IN,18,3,15,1,500000,40.73,-85.85,41.1,-85,50.3,10,1,1,169,69,3,0,FALSE,16,TRUE,0.2857954545454545,TRUE,2,Strong,Midwest,5.698970004336019,3,1,1.6666666666666667,Night
455,1973,5,27,1973-05-27,13:15:00,America/Chicago,1973-05-27T18:15:00Z,MS,28,3,35,1,5000000,31.53,-89.13,31.72,-89,15,400,1,1,67,0,0,0,FALSE,36,TRUE,3.409090909090909,TRUE,2,Strong,South,6.698970004336019,3,2,1.75,Evening
11,1981,2,10,1981-02-10,03:25:00,America/Chicago,1981-02-10T09:25:00Z,TX,48,2,8,1,500000,30.8,-95.57,30.83,-95.23,19.9,100,1,1,471,0,0,0,FALSE,9,TRUE,1.1306818181818181,TRUE,1,Strong,South,5.698970004336019,2,1,0.8522727272727273,Morning
72,1957,4,2,1957-04-02,17:29:00,America/Chicago,1957-04-02T23:29:00Z,OK,40,4,6,2,5000000,34,-96.65,34.05,-96.58,5.2,200,1,1,95,0,0,0,FALSE,8,TRUE,0.5909090909090909,TRUE,2,Violent,South,6.698970004336019,4,22,1.0188679245283019,Evening
615169,2017,5,16,2017-05-16,15:42:00,America/Chicago,2017-05-16T20:42:00Z,WI,55,3,25,1,10520000,45.2529,-92.1619,45.3916,-90.4919,82.53,1320,1,1,95,5,107,99,FALSE,26,TRUE,61.8975,TRUE,2,Strong,Midwest,7.0220157398177205,3,1,0.6521739130434783,Evening
9,1974,1,26,1974-01-26,17:00:00,America/Chicago,1974-01-26T22:00:00Z,AL,1,3,7,1,500000,33.13,-85.47,33.4,-85.28,21.3,150,1,1,111,0,0,0,FALSE,8,TRUE,1.815340909090909,TRUE,1,Strong,South,5.698970004336019,3,80,1.8461538461538463,Evening
197,1977,5,4,1977-05-04,13:15:00,America/Chicago,1977-05-04T18:15:00Z,MO,29,3,5,1,5000000,39,-93.92,39.2,-93.5,26.2,100,1,1,107,0,0,0,FALSE,6,TRUE,1.4886363636363635,TRUE,2,Strong,Midwest,6.698970004336019,3,3,1.588235294117647,Evening
437,1955,6,27,1955-06-27,16:45:00,America/Chicago,1955-06-27T21:45:00Z,NE,31,4,29,2,500000,41.93,-103.8,41.77,-103.32,26,10,1,1,157,123,0,0,FALSE,31,TRUE,0.14772727272727273,TRUE,3,Violent,Midwest,5.698970004336019,4,3,1.1,Evening
199,1974,4,3,1974-04-03,18:55:00,America/Chicago,1974-04-03T23:55:00Z,KY,21,3,40,7,5000000,37.03,-84.4,37.3,-84.17,22.3,10,1,1,199,125,203,0,FALSE,47,TRUE,0.12670454545454546,TRUE,2,Strong,South,6.698970004336019,3,72,2.7419354838709675,Evening
884,1999,5,3,1999-05-03,19:13:00,America/Chicago,1999-05-04T00:13:00Z,KS,20,4,150,6,140750000,37.32,-97.4,37.7,-97.33,24,880,1,1,191,173,0,0,FALSE,156,TRUE,12,TRUE,2,Violent,Midwest,8.148448403523384,4,6,0.453125,Night
774,2008,5,22,2008-05-22,11:26:00,America/Chicago,2008-05-22T16:26:00Z,CO,8,3,78,1,147000000,40.23,-104.75,40.72,-105.11,38.69,1760,1,1,123,69,0,0,FALSE,79,TRUE,38.69,TRUE,2,Strong,West,8.167317334748176,3,1,0.2564102564102564,Afternoon
898,1967,12,18,1967-12-18,03:25:00,America/Chicago,1967-12-18T09:25:00Z,AL,1,2,27,2,5000000,34.55,-86.7,34.83,-86.5,22.9,300,1,1,103,89,0,0,FALSE,29,TRUE,3.9034090909090904,TRUE,1,Strong,South,6.698970004336019,2,5,2,Morning
671,1980,7,15,1980-07-15,20:40:00,America/Chicago,1980-07-16T01:40:00Z,WI,55,2,5,1,5000000,44.87,-91.48,0,0,0.2,67,1,1,17,0,0,0,FALSE,6,TRUE,0.007613636363636364,TRUE,3,Strong,Midwest,6.698970004336019,2,3,1.372093023255814,Night
42,1953,3,14,1953-03-14,14:30:00,America/Chicago,1953-03-14T20:30:00Z,MS,28,2,0,1,50000,34.67,-88.43,34.7,-88.4,3.3,10,1,1,117,0,0,0,FALSE,1,TRUE,0.01875,TRUE,2,Strong,South,4.698970004336019,2,39,1.8095238095238095,Evening
603,1972,8,9,1972-08-09,13:30:00,America/Chicago,1972-08-09T18:30:00Z,MA,25,1,6,1,50000,42.28,-71.23,42.35,-71.17,4.9,30,1,1,21,0,0,0,FALSE,7,TRUE,0.08352272727272728,TRUE,3,Weak,Northeast,4.698970004336019,1,1,1.2,Evening
407,1967,6,9,1967-06-09,17:35:00,America/Chicago,1967-06-09T22:35:00Z,KS,20,2,10,1,5000000,39.4,-98.1,39.65,-97.37,42.5,1320,1,1,123,29,0,0,FALSE,11,TRUE,31.875,TRUE,3,Strong,Midwest,6.698970004336019,2,2,0.7692307692307693,Evening
1233,1995,12,19,1995-12-19,02:15:00,America/Chicago,1995-12-19T08:15:00Z,FL,12,2,1,1,50000,30.68,-84.68,0,0,0.3,50,1,1,39,0,0,0,FALSE,2,TRUE,0.008522727272727272,TRUE,1,Strong,South,4.698970004336019,2,3,0.24210526315789474,Morning
10,1964,1,24,1964-01-24,19:00:00,America/Chicago,1964-01-25T01:00:00Z,AL,1,4,6,10,500000,33.32,-86.43,33.33,-86.38,3.3,100,1,1,117,0,0,0,FALSE,16,TRUE,0.18749999999999997,TRUE,1,Violent,South,5.698970004336019,4,12,1.8461538461538463,Night
487,1955,7,15,1955-07-15,14:20:00,America/Chicago,1955-07-15T19:20:00Z,OK,40,1,2,1,50000,34.5,-97,0,0,1.5,300,1,1,99,0,0,0,FALSE,3,TRUE,0.2556818181818182,TRUE,3,Weak,South,4.698970004336019,1,101,0.9868421052631579,Evening
124,1974,4,3,1974-04-03,14:01:00,America/Chicago,1974-04-03T19:01:00Z,IN,18,4,17,4,50000000,39.13,-85.72,39.47,-85.18,35.6,1200,1,1,5,31,47,0,FALSE,21,TRUE,24.272727272727273,TRUE,2,Violent,Midwest,7.698970004336019,4,50,2.5172413793103448,Evening
404,2004,8,13,2004-08-13,01:55:00,America/Chicago,2004-08-13T06:55:00Z,NC,37,2,29,3,1300000,34.4,-77.88,34.47,-77.83,5,500,1,1,141,0,0,0,FALSE,32,TRUE,1.4204545454545456,TRUE,3,Strong,South,6.113943352306837,2,3,0.2878787878787879,Morning
113,2001,4,10,2001-04-10,18:20:00,America/Chicago,2001-04-10T23:20:00Z,MO,29,1,2,1,70000,38.85,-91.95,38.85,-91.93,3,100,1,1,27,0,0,0,FALSE,3,TRUE,0.17045454545454544,TRUE,2,Weak,Midwest,4.845098040014257,1,1,0.48717948717948717,Evening
193,1973,4,20,1973-04-20,10:15:00,America/Chicago,1973-04-20T16:15:00Z,AR,5,3,19,1,5000000,36.15,-93.15,36.25,-93.08,7.8,500,1,1,9,0,0,0,FALSE,20,TRUE,2.2159090909090913,TRUE,2,Strong,South,6.698970004336019,3,5,1.5,Afternoon
311,1998,5,31,1998-05-31,18:50:00,America/Chicago,1998-05-31T23:50:00Z,PA,42,3,15,1,4000000,39.75,-79.08,39.73,-78.97,13,880,1,1,111,0,0,0,FALSE,16,TRUE,6.5,TRUE,2,Strong,Northeast,6.6020599913279625,3,3,0.9830508474576272,Evening
616915,2018,11,2,2018-11-02,19:42:00,America/Chicago,2018-11-03T00:42:00Z,MD,24,1,1,2,15000,39.27,-76.5552,39.274,-76.508,2.72,150,1,1,510,5,0,0,FALSE,3,TRUE,0.2318181818181818,TRUE,4,Weak,South,4.176091259055681,1,2,1.5,Night
59,1950,4,28,1950-04-28,18:00:00,America/Chicago,1950-04-29T00:00:00Z,TX,48,4,5,5,500000,32.42,-99.5,32.42,-99.48,1.3,233,1,1,59,0,0,0,FALSE,10,TRUE,0.17210227272727274,TRUE,2,Violent,South,5.698970004336019,4,11,1.8,Night
96,2006,3,12,2006-03-12,16:12:00,America/Chicago,2006-03-12T22:12:00Z,MO,29,2,6,1,2500000,38.62,-93.28,38.67,-93.12,11.2,500,1,1,159,0,0,0,FALSE,7,TRUE,3.181818181818182,TRUE,2,Strong,Midwest,6.3979400086720375,2,11,0.90625,Evening
106,1955,4,21,1955-04-21,01:41:00,America/Chicago,1955-04-21T07:41:00Z,AR,5,2,2,1,50000,34.27,-92.08,0,0,0.5,83,1,1,69,0,0,0,FALSE,3,TRUE,0.023579545454545454,TRUE,2,Strong,South,4.698970004336019,2,2,2,Morning
242,1975,4,25,1975-04-25,01:00:00,America/Chicago,1975-04-25T06:00:00Z,TN,47,1,1,1,50000,35.53,-89.87,35.58,-89.75,7.4,440,1,1,167,0,0,0,FALSE,2,TRUE,1.85,TRUE,2,Weak,South,4.698970004336019,1,3,1.0769230769230769,Morning
175,1952,6,23,1952-06-23,21:30:00,America/Chicago,1952-06-24T02:30:00Z,WI,55,3,6,2,5000000,45.42,-92.63,45.58,-92.33,18.2,100,1,1,95,0,0,0,FALSE,8,TRUE,1.034090909090909,TRUE,3,Strong,Midwest,6.698970004336019,3,2,3,Night
106,1956,4,3,1956-04-03,13:45:00,America/Chicago,1956-04-03T19:45:00Z,WI,55,4,50,7,5000000,43.93,-88.97,44.05,-88.75,11.5,440,1,1,47,137,139,0,FALSE,57,TRUE,2.875,TRUE,2,Violent,Midwest,6.698970004336019,4,9,1.6666666666666667,Evening
53,1993,3,12,1993-03-12,22:38:00,America/Chicago,1993-03-13T04:38:00Z,FL,12,2,10,3,50000000,29.5,-82.88,0,0,1,80,1,1,75,0,0,0,FALSE,13,TRUE,0.045454545454545456,TRUE,2,Strong,South,7.698970004336019,2,5,0.25882352941176473,Night
617068,2019,2,23,2019-02-23,17:14:00,America/Chicago,2019-02-23T23:14:00Z,MS,28,3,11,1,14000000,33.4865,-88.4346,33.5462,-88.2814,9.74,440,1,1,87,0,0,0,FALSE,12,TRUE,2.435,TRUE,1,Strong,South,7.146128035678238,3,2,1.008849557522124,Evening
59,1956,3,6,1956-03-06,21:50:00,America/Chicago,1956-03-07T03:50:00Z,IN,18,4,31,1,5000000,40.57,-85.57,40.6,-85.6,1.9,47,1,1,53,0,0,0,FALSE,32,TRUE,0.05073863636363636,TRUE,2,Violent,Midwest,6.698970004336019,4,1,1.6363636363636365,Night
100,1964,4,12,1964-04-12,21:00:00,America/Chicago,1964-04-13T03:00:00Z,MO,29,2,3,1,500000,38.57,-93.77,38.68,-93.63,10.7,100,1,1,101,0,0,0,FALSE,4,TRUE,0.6079545454545454,TRUE,2,Strong,Midwest,5.698970004336019,2,2,1.25,Night
95,2007,3,1,2007-03-01,16:29:00,America/Chicago,2007-03-01T22:29:00Z,GA,13,2,4,1,500000,32.49,-84.16,32.57,-84.07,7.69,448,1,1,269,0,0,0,FALSE,5,TRUE,1.9574545454545453,TRUE,2,Strong,South,5.698970004336019,2,10,1.075,Evening
613500,2016,1,17,2016-01-17,02:35:00,America/Chicago,2016-01-17T08:35:00Z,FL,12,2,4,2,150000,27.538,-82.219,27.642,-82.126,9.2,300,1,1,81,0,0,0,FALSE,6,TRUE,1.568181818181818,TRUE,1,Strong,South,5.176091259055681,2,2,0.5555555555555556,Morning
131,1965,4,11,1965-04-11,12:55:00,America/Chicago,1965-04-11T18:55:00Z,IA,19,4,3,1,5000000,41.85,-90.93,42.17,-90.47,91.5,200,1,1,31,45,97,0,FALSE,4,TRUE,10.397727272727272,TRUE,2,Violent,Midwest,6.698970004336019,4,2,1.826086956521739,Evening
58,1993,3,12,1993-03-12,23:20:00,America/Chicago,1993-03-13T05:20:00Z,FL,12,1,4,1,5000000,29.85,-82.4,0,0,0.8,60,1,1,1,0,0,0,FALSE,5,TRUE,0.02727272727272727,TRUE,2,Weak,South,6.698970004336019,1,5,0.25882352941176473,Night
19,1975,1,10,1975-01-10,08:14:00,America/Chicago,1975-01-10T14:14:00Z,MS,28,4,210,9,50000000,31.18,-90.53,31.87,-89.97,56.5,200,1,1,113,85,77,127,FALSE,219,TRUE,6.420454545454545,TRUE,1,Violent,South,7.698970004336019,4,9,1.6176470588235294,Afternoon
180,1974,4,3,1974-04-03,18:00:00,America/Chicago,1974-04-03T23:00:00Z,OH,39,3,0,1,5000,38.82,-83.6,38.95,-83.37,15.5,500,1,1,1,0,0,0,FALSE,1,TRUE,4.403409090909092,TRUE,2,Strong,Midwest,3.6989700043360187,3,39,1.5454545454545454,Evening
123,1988,5,7,1988-05-07,21:25:00,America/Chicago,1988-05-08T02:25:00Z,NE,31,2,1,2,5000000,41.12,-96.47,41.2,-96.12,16.2,73,1,1,155,153,55,0,FALSE,3,TRUE,0.6719318181818182,TRUE,2,Strong,Midwest,6.698970004336019,2,2,0.55,Night
1021,2008,6,3,2008-06-03,19:04:00,America/Chicago,2008-06-04T00:04:00Z,IN,18,3,8,1,1200000,39.46,-85.68,39.5,-85.51,9.68,150,1,1,145,139,0,0,FALSE,9,TRUE,0.825,TRUE,3,Strong,Midwest,6.079181246047625,3,4,0.7,Night
204,1958,6,4,1958-06-04,18:45:00,America/Chicago,1958-06-04T23:45:00Z,WI,55,4,50,3,500000,44.93,-91.47,45,-91.25,11.1,600,1,1,17,0,0,0,FALSE,53,TRUE,3.7840909090909087,TRUE,3,Violent,Midwest,5.698970004336019,4,28,2.125,Evening
368709,2012,3,2,2012-03-02,17:50:00,America/Chicago,2012-03-02T23:50:00Z,KY,21,3,37,2,37090000,37.7012,-83.2745,37.8345,-82.382,49.04,1320,2,0,0,0,0,0,FALSE,39,TRUE,36.78,TRUE,2,Strong,South,7.56925683332861,3,25,1.3170731707317074,Evening
710,2008,5,11,2008-05-11,04:36:00,America/Chicago,2008-05-11T09:36:00Z,GA,13,2,2,2,1400000,32.61,-83.08,32.6,-82.84,13.79,250,1,1,175,0,0,0,FALSE,4,TRUE,1.9588068181818183,TRUE,2,Strong,South,6.146128035678238,2,5,1.0161290322580645,Morning
158,1965,4,11,1965-04-11,19:15:00,America/Chicago,1965-04-12T01:15:00Z,MI,26,4,8,1,500000,42.85,-84.65,42.93,-84.23,21,100,1,1,37,155,0,0,FALSE,9,TRUE,1.1931818181818181,TRUE,2,Violent,Midwest,5.698970004336019,4,28,2.466666666666667,Night
270,1953,6,8,1953-06-08,18:00:00,America/Chicago,1953-06-08T23:00:00Z,OH,39,4,379,17,5000000,41.22,-83.9,41.5,-81.72,118,100,1,1,69,173,143,43,FALSE,396,TRUE,6.704545454545454,TRUE,3,Violent,Midwest,6.698970004336019,4,17,2.3333333333333335,Evening
93,1984,3,28,1984-03-28,19:15:00,America/Chicago,1984-03-29T01:15:00Z,NC,37,4,149,3,50000000,35.05,-78.25,35.27,-77.93,21,1407,1,1,163,61,191,0,FALSE,152,TRUE,16.788068181818183,TRUE,2,Violent,South,7.698970004336019,4,40,1.75,Night
33,1963,3,11,1963-03-11,14:00:00,America/Chicago,1963-03-11T20:00:00Z,AL,1,4,6,2,5000000,33.9,-86.9,34.18,-86.55,28,880,1,1,43,0,0,0,FALSE,8,TRUE,14,TRUE,2,Violent,South,6.698970004336019,4,3,2,Evening
97,1956,4,2,1956-04-02,21:33:00,America/Chicago,1956-04-03T03:33:00Z,OK,40,3,68,5,5000000,35.5,-97,35.98,-96.6,42.6,300,1,1,81,37,0,0,FALSE,73,TRUE,7.261363636363636,TRUE,2,Strong,South,6.698970004336019,3,7,1.3877551020408163,Night
907,2002,11,9,2002-11-09,22:26:00,America/Chicago,2002-11-10T04:26:00Z,TN,47,2,6,2,500000,35.87,-88.57,35.95,-88.53,10,220,1,1,17,0,0,0,FALSE,8,TRUE,1.25,TRUE,4,Strong,South,5.698970004336019,2,17,1.2,Night
6,1957,1,22,1957-01-22,06:45:00,America/Chicago,1957-01-22T12:45:00Z,OK,40,4,20,10,500000,35.4,-94.68,0,0,0.1,880,1,1,135,0,0,0,FALSE,30,TRUE,0.05,TRUE,1,Violent,South,5.698970004336019,4,22,1.0188679245283019,Afternoon
58,1952,3,21,1952-03-21,17:20:00,America/Chicago,1952-03-21T23:20:00Z,AR,5,2,15,5,500000,34.8,-91.8,34.98,-91.73,13.3,417,1,1,117,0,0,0,FALSE,20,TRUE,3.151193181818182,TRUE,2,Strong,South,5.698970004336019,2,112,2.3076923076923075,Evening
228,1974,4,3,1974-04-03,22:30:00,America/Chicago,1974-04-04T03:30:00Z,TN,47,3,120,3,5000000,36.35,-85.38,36.43,-85.25,9.4,400,1,1,133,0,0,0,FALSE,123,TRUE,2.1363636363636362,TRUE,2,Strong,South,6.698970004336019,3,47,1.813953488372093,Night
26,1954,3,13,1954-03-13,20:40:00,America/Chicago,1954-03-14T02:40:00Z,AL,1,3,20,2,50000000,32.33,-85.03,32.37,-84.93,7,1480,2,0,0,0,0,0,FALSE,22,TRUE,5.886363636363637,TRUE,2,Strong,South,7.698970004336019,3,3,2.111111111111111,Night
614663,2017,2,28,2017-02-28,19:51:00,America/Chicago,2017-03-01T01:51:00Z,MO,29,4,12,1,14800000,37.7238,-90.0055,37.9503,-89.0713,53.47,1100,2,0,0,0,0,0,FALSE,13,TRUE,33.41875,TRUE,1,Violent,Midwest,7.1702617153949575,4,1,0.6790123456790124,Night
700,1976,7,11,1976-07-11,13:00:00,America/Chicago,1976-07-11T18:00:00Z,PA,42,2,7,1,500000,41.32,-79.2,40.97,-78.9,28.7,33,1,1,65,0,0,0,FALSE,8,TRUE,0.538125,TRUE,3,Strong,Northeast,5.698970004336019,2,2,1.1304347826086956,Evening
670,1985,11,18,1985-11-18,21:12:00,America/Chicago,1985-11-19T03:12:00Z,AR,5,3,16,3,50000000,36.18,-92.67,36.45,-92.23,34,440,1,1,89,5,0,0,FALSE,19,TRUE,8.5,TRUE,4,Strong,South,7.698970004336019,3,3,1.3333333333333333,Night
616960,2018,12,1,2018-12-01,00:30:00,America/Chicago,2018-12-01T06:30:00Z,MO,29,1,0,1,250000,36.9432,-93.7216,36.95,-93.7189,0.49,50,1,1,109,0,0,0,FALSE,1,TRUE,0.013920454545454545,TRUE,1,Weak,Midwest,5.3979400086720375,1,1,0.4782608695652174,Morning
142,1994,4,15,1994-04-15,23:11:00,America/Chicago,1994-04-16T04:11:00Z,SC,45,2,4,1,5000000,34.75,-81.28,34.78,-81.25,3,73,1,1,23,0,0,0,FALSE,5,TRUE,0.1244318181818182,TRUE,2,Strong,South,6.698970004336019,2,1,1.0512820512820513,Night
562,1990,6,2,1990-06-02,18:30:00,America/Chicago,1990-06-02T23:30:00Z,IN,18,2,6,1,500000,39.78,-86.73,39.82,-86.67,3.5,50,1,1,133,63,0,0,FALSE,7,TRUE,0.09943181818181818,TRUE,3,Strong,Midwest,5.698970004336019,2,8,1.1555555555555554,Evening
126,1974,4,3,1974-04-03,14:19:00,America/Chicago,1974-04-03T19:19:00Z,IN,18,4,190,11,500000000,38.55,-85.75,38.93,-85.25,35.6,1200,1,1,19,143,77,137,FALSE,201,TRUE,24.272727272727273,TRUE,2,Violent,Midwest,8.698970004336019,4,50,2.5172413793103448,Evening
198,2006,3,30,2006-03-30,20:28:00,America/Chicago,2006-03-31T02:28:00Z,MO,29,1,0,1,450000,38.63,-93.43,38.75,-93.23,13.6,75,1,1,159,0,0,0,FALSE,1,TRUE,0.5795454545454545,TRUE,2,Weak,Midwest,5.653212513775344,1,11,0.90625,Night
458,1999,6,1,1999-06-01,17:58:00,America/Chicago,1999-06-01T22:58:00Z,IL,17,3,4,1,500000,39.32,-89.67,39.43,-89.53,10,200,1,1,135,0,0,0,FALSE,5,TRUE,1.1363636363636362,TRUE,3,Strong,Midwest,5.698970004336019,3,3,0.46774193548387094,Evening
59,1952,3,21,1952-03-21,17:20:00,America/Chicago,1952-03-21T23:20:00Z,AR,5,0,5,1,5000,34.72,-91.57,0,0,0.1,417,1,1,117,0,0,0,TRUE,6,TRUE,0.02369318181818182,TRUE,2,Weak,South,3.6989700043360187,0,112,2.3076923076923075,Evening
1200,2005,11,12,2005-11-12,16:27:00,America/Chicago,2005-11-12T22:27:00Z,IA,19,3,3,1,12400000,42.17,-94.08,42.35,-93.88,17.6,150,1,1,15,187,79,0,FALSE,4,TRUE,1.5,TRUE,4,Strong,Midwest,7.093421685162235,3,1,0.36363636363636365,Evening
92,1974,4,1,1974-04-01,18:20:00,America/Chicago,1974-04-01T23:20:00Z,KY,21,3,20,1,5000000,38.5,-85.23,38.53,-85.18,3.3,300,1,1,103,0,0,0,FALSE,21,TRUE,0.5624999999999999,TRUE,2,Strong,South,6.698970004336019,3,72,2.7419354838709675,Evening
554,1974,6,8,1974-06-08,15:55:00,America/Chicago,1974-06-08T20:55:00Z,OK,40,4,150,14,5000000,35.95,-96.65,36.42,-96.07,29,400,1,1,37,143,113,0,FALSE,164,TRUE,6.590909090909091,TRUE,3,Violent,South,6.698970004336019,4,16,1.7555555555555555,Evening
500,1988,9,17,1988-09-17,04:45:00,America/Chicago,1988-09-17T09:45:00Z,TX,48,1,1,1,5000000,29.28,-98.43,29.33,-98.47,4,30,1,1,29,0,0,0,FALSE,2,TRUE,0.06818181818181818,TRUE,4,Weak,South,6.698970004336019,1,1,0.48314606741573035,Morning
157,1965,4,11,1965-04-11,19:10:00,America/Chicago,1965-04-12T01:10:00Z,IN,18,4,125,4,50000000,40.55,-85.38,40.77,-84.38,52.5,10,2,0,0,0,0,0,FALSE,129,TRUE,0.29829545454545453,TRUE,2,Violent,Midwest,7.698970004336019,4,162,2.090909090909091,Night
451537,2013,5,20,2013-05-20,13:56:00,America/Chicago,2013-05-20T18:56:00Z,OK,40,5,212,24,2000000000,35.284,-97.628,35.341,-97.3999,13.85,1900,1,1,87,27,0,0,FALSE,236,TRUE,14.951704545454545,TRUE,2,Violent,South,9.301029995663981,5,34,0.7439024390243902,Evening
77,1962,4,8,1962-04-08,09:50:00,America/Chicago,1962-04-08T15:50:00Z,VA,51,1,0,1,500000,36.6,-76.2,36.72,-76.05,11.5,10,1,1,710,0,0,0,FALSE,1,TRUE,0.06534090909090909,TRUE,2,Weak,South,5.698970004336019,1,2,1.25,Afternoon
567,1990,6,2,1990-06-02,17:50:00,America/Chicago,1990-06-02T22:50:00Z,IN,18,4,51,1,5000000,38.78,-86.53,38.9,-86.38,11,400,1,1,93,0,0,0,FALSE,52,TRUE,2.5,TRUE,3,Violent,Midwest,6.698970004336019,4,8,1.1555555555555554,Evening
226,1952,8,21,1952-08-21,00:20:00,America/Chicago,1952-08-21T05:20:00Z,MO,29,2,13,1,50000000,38.68,-93.27,38.7,-93.23,1.3,300,1,1,159,0,0,0,FALSE,14,TRUE,0.2215909090909091,TRUE,3,Strong,Midwest,7.698970004336019,2,18,2.111111111111111,Night
615935,2018,2,24,2018-02-24,17:21:00,America/Chicago,2018-02-24T23:21:00Z,AR,5,2,5,1,2502000,36.3001,-90.6333,36.5587,-89.9511,41.93,150,2,0,0,0,0,0,FALSE,6,TRUE,3.573579545454545,TRUE,1,Strong,South,6.398287305357401,2,1,0.8529411764705882,Evening
61,1953,3,21,1953-03-21,16:43:00,America/Chicago,1953-03-21T22:43:00Z,MN,27,2,3,1,500000,45.58,-94.08,0,0,0.1,10,1,1,145,0,0,0,FALSE,4,TRUE,5.681818181818183e-4,TRUE,2,Strong,Midwest,5.698970004336019,2,7,1.2857142857142858,Evening
390,1985,6,8,1985-06-08,20:12:00,America/Chicago,1985-06-09T01:12:00Z,MI,26,1,0,1,5000,45.42,-87.75,0,0,2.5,50,1,1,109,0,0,0,FALSE,1,TRUE,0.07102272727272727,TRUE,3,Weak,Midwest,3.6989700043360187,1,1,1,Night
618607,2020,1,11,2020-01-11,11:11:00,America/Chicago,2020-01-11T17:11:00Z,AL,1,2,7,3,315000,33.2379,-88.1545,33.3253,-88.1223,6.33,1056,1,1,107,0,0,0,FALSE,10,TRUE,3.798,TRUE,1,Strong,South,5.498310553789601,2,5,0.8571428571428571,Afternoon
19,1972,1,13,1972-01-13,01:00:00,America/Chicago,1972-01-13T07:00:00Z,AL,1,2,88,4,500000,31.32,-85.8,31.38,-85.73,6.3,100,1,1,31,45,0,0,FALSE,92,TRUE,0.3579545454545454,TRUE,1,Strong,South,5.698970004336019,2,4,2,Morning
239,1984,4,29,1984-04-29,09:20:00,America/Chicago,1984-04-29T14:20:00Z,OK,40,4,60,1,50000000,35.95,-96.5,36.27,-96.2,27,200,1,1,37,117,113,0,FALSE,61,TRUE,3.068181818181818,TRUE,2,Violent,South,7.698970004336019,4,13,0.9795918367346939,Afternoon
437,1972,6,25,1972-06-25,15:10:00,America/Chicago,1972-06-25T20:10:00Z,FL,12,2,2,1,5000,30.97,-85.6,0,0,0.5,27,1,1,59,0,0,0,FALSE,3,TRUE,0.007670454545454545,TRUE,3,Strong,South,3.6989700043360187,2,1,1.2077922077922079,Evening
352,1970,6,18,1970-06-18,15:00:00,America/Chicago,1970-06-18T20:00:00Z,NY,36,1,1,1,500000,43.2,-75.05,43.17,-75,2.3,10,1,1,43,0,0,0,TRUE,2,TRUE,0.013068181818181817,TRUE,3,Weak,Northeast,5.698970004336019,1,1,1.75,Evening
84,1984,3,28,1984-03-28,17:00:00,America/Chicago,1984-03-28T23:00:00Z,SC,45,4,49,5,50000000,34.37,-81.32,34.42,-80.92,21,1000,1,1,39,0,0,0,FALSE,54,TRUE,11.931818181818183,TRUE,2,Violent,South,7.698970004336019,4,17,2.0555555555555554,Evening
148,1965,4,11,1965-04-11,18:00:00,America/Chicago,1965-04-12T00:00:00Z,IN,18,4,294,23,500000000,41.73,-85.17,42.08,-83.47,90.3,1760,2,0,0,0,0,0,FALSE,317,TRUE,90.3,TRUE,2,Violent,Midwest,8.698970004336019,4,162,2.090909090909091,Night
73,1976,3,12,1976-03-12,13:35:00,America/Chicago,1976-03-12T19:35:00Z,IL,17,3,15,1,500000,41,-87.7,41.25,-87.03,38.5,250,2,0,0,0,0,0,FALSE,16,TRUE,5.468750000000001,TRUE,2,Strong,Midwest,5.698970004336019,3,5,2.037037037037037,Evening
618567,2020,1,11,2020-01-11,01:24:00,America/Chicago,2020-01-11T07:24:00Z,LA,22,2,0,3,1325000,32.4571,-93.5875,32.6218,-92.9337,31.79,300,1,1,15,119,27,0,FALSE,3,TRUE,5.418749999999999,TRUE,1,Strong,South,6.122215878272827,2,5,1.1666666666666667,Morning
101,2000,4,20,2000-04-20,18:14:00,America/Chicago,2000-04-20T23:14:00Z,TN,47,1,0,1,30000,35.53,-86.4,35.53,-86.37,2,60,1,1,3,0,0,0,FALSE,1,TRUE,0.06818181818181818,TRUE,2,Weak,South,4.477121254719663,1,1,0.8888888888888888,Evening
470,1955,7,7,1955-07-07,15:00:00,America/Chicago,1955-07-07T20:00:00Z,MN,27,4,13,1,5000000,44.48,-96.2,0,0,30,10,1,1,83,0,0,0,FALSE,14,TRUE,0.17045454545454547,TRUE,3,Violent,Midwest,6.698970004336019,4,2,1.5454545454545454,Evening
660,1998,10,17,1998-10-17,09:15:00,America/Chicago,1998-10-17T14:15:00Z,TX,48,2,4,1,100000,31.97,-96.63,31.97,-96.63,3.5,100,1,1,349,0,0,0,FALSE,5,TRUE,0.19886363636363635,TRUE,4,Strong,South,5,2,2,0.39166666666666666,Afternoon
195,1951,7,20,1951-07-20,21:00:00,America/Chicago,1951-07-21T02:00:00Z,MN,27,3,40,5,50000000,44.93,-93.5,44.88,-93.27,11.6,10,1,1,53,0,0,0,FALSE,45,TRUE,0.0659090909090909,TRUE,3,Strong,Midwest,7.698970004336019,3,6,3,Night
543173,2014,10,13,2014-10-13,04:37:00,America/Chicago,2014-10-13T09:37:00Z,AR,5,2,4,1,200000,33.6617,-94.2303,33.6794,-94.2685,2.51,400,1,1,81,0,0,0,FALSE,5,TRUE,0.5704545454545454,TRUE,4,Strong,South,5.301029995663981,2,17,1,Morning
24,1959,2,10,1959-02-10,01:40:00,America/Chicago,1959-02-10T07:40:00Z,MO,29,4,345,21,50000000,38.53,-90.6,38.67,-90.15,23.9,200,2,0,0,0,0,0,FALSE,366,TRUE,2.715909090909091,TRUE,1,Violent,Midwest,7.698970004336019,4,21,1.0666666666666667,Morning
389,1976,5,15,1976-05-15,01:30:00,America/Chicago,1976-05-15T06:30:00Z,SC,45,2,3,1,500000,34.03,-81,34.08,-80.98,3.8,40,1,1,79,0,0,0,FALSE,4,TRUE,0.08636363636363636,TRUE,2,Strong,South,5.698970004336019,2,1,1.0714285714285714,Morning
300459,2011,4,27,2011-04-27,20:06:00,America/Chicago,2011-04-28T01:06:00Z,TN,47,4,12,4,17250000,35.34,-85.42,35.68,-84.87,40.16,880,1,1,153,7,143,0,FALSE,16,TRUE,20.08,TRUE,2,Violent,South,7.236789099409293,4,20,0.8556701030927835,Night
205,1996,4,19,1996-04-19,19:55:00,America/Chicago,1996-04-20T00:55:00Z,IL,17,3,13,1,500000,40.12,-87.95,40.13,-87.95,2,1500,1,1,19,0,0,0,FALSE,14,TRUE,1.7045454545454546,TRUE,2,Strong,Midwest,5.698970004336019,3,1,0.6290322580645161,Night
78,2007,3,1,2007-03-01,06:24:00,America/Chicago,2007-03-01T12:24:00Z,MO,29,3,0,1,760000,36.59,-92.15,36.7,-91.87,15,200,1,1,153,91,0,0,FALSE,1,TRUE,1.7045454545454546,TRUE,2,Strong,Midwest,5.880813592280791,3,3,0.35714285714285715,Afternoon
516,1954,9,30,1954-09-30,20:00:00,America/Chicago,1954-10-01T02:00:00Z,OH,39,2,3,1,50000,40.75,-81.15,0,0,0.1,50,1,1,19,0,0,0,FALSE,4,TRUE,0.002840909090909091,TRUE,4,Strong,Midwest,4.698970004336019,2,1,0.6923076923076923,Night
502,1954,9,18,1954-09-18,01:00:00,America/Chicago,1954-09-18T06:00:00Z,FL,12,3,2,2,50000,27.42,-80.33,0,0,0.1,10,1,1,111,0,0,0,FALSE,4,TRUE,5.681818181818183e-4,TRUE,4,Strong,South,4.698970004336019,3,2,0.9230769230769231,Morning
820,1998,4,9,1998-04-09,04:35:00,America/Chicago,1998-04-09T09:35:00Z,GA,13,2,31,4,38200000,31.83,-81.78,31.93,-81.32,24.5,400,1,1,183,179,29,0,FALSE,35,TRUE,5.568181818181818,TRUE,2,Strong,South,7.5820633629117085,2,19,0.868421052631579,Morning
283,1987,6,21,1987-06-21,13:45:00,America/Chicago,1987-06-21T18:45:00Z,MI,26,2,6,1,5000000,42.48,-83.47,0,0,0.3,80,1,1,125,0,0,0,FALSE,7,TRUE,0.013636363636363636,TRUE,3,Strong,Midwest,6.698970004336019,2,1,0.6086956521739131,Evening
1100,1999,6,1,1999-06-01,16:35:00,America/Chicago,1999-06-01T21:35:00Z,OK,40,3,5,2,1500000,35.97,-95.25,35.9,-95.25,2,350,1,1,21,0,0,0,FALSE,7,TRUE,0.3977272727272727,TRUE,3,Strong,South,6.176091259055681,3,42,0.7163120567375887,Evening
200,1976,3,29,1976-03-29,15:07:00,America/Chicago,1976-03-29T21:07:00Z,AR,5,3,64,5,5000,34.87,-92.17,35,-91.92,17.2,100,1,1,119,85,0,0,FALSE,69,TRUE,0.9772727272727272,TRUE,2,Strong,South,3.6989700043360187,3,9,1.2592592592592593,Evening
17,1997,1,24,1997-01-24,17:00:00,America/Chicago,1997-01-24T23:00:00Z,AL,1,2,10,1,5000000,33.13,-87.57,33.25,-87.43,10,200,1,1,125,0,0,0,FALSE,11,TRUE,1.1363636363636362,TRUE,1,Strong,South,6.698970004336019,2,1,0.9310344827586207,Evening
699,1977,8,21,1977-08-21,12:00:00,America/Chicago,1977-08-21T17:00:00Z,IL,17,3,56,6,5000000,39.43,-88.65,39.25,-88.2,26.9,77,1,1,173,35,0,0,FALSE,62,TRUE,1.176875,TRUE,3,Strong,Midwest,6.698970004336019,3,6,1,Afternoon
224,1968,5,15,1968-05-15,20:45:00,America/Chicago,1968-05-16T01:45:00Z,AR,5,4,364,35,50000,35.73,-91.18,35.9,-90.03,20.9,250,1,1,67,31,93,0,FALSE,399,TRUE,2.96875,TRUE,2,Violent,South,4.698970004336019,4,65,2.2222222222222223,Night
722,1972,11,13,1972-11-13,02:45:00,America/Chicago,1972-11-13T08:45:00Z,TX,48,2,0,2,500000,31.05,-94.42,31.08,-94.38,3.3,100,1,1,5,0,0,0,FALSE,2,TRUE,0.18749999999999997,TRUE,4,Strong,South,5.698970004336019,2,2,0.965034965034965,Morning
236,1965,5,6,1965-05-06,18:43:00,America/Chicago,1965-05-06T23:43:00Z,MN,27,2,175,1,50000000,44.67,-93.98,44.83,-93.87,11.2,667,1,1,143,19,0,0,FALSE,176,TRUE,4.244545454545454,TRUE,2,Strong,Midwest,7.698970004336019,2,13,1.3,Evening
314829,2011,4,27,2011-04-27,17:28:00,America/Chicago,2011-04-27T22:28:00Z,AL,1,4,85,22,366755000,33.6792,-86.5699,34.19,-84.99,97.33,1760,2,0,0,0,0,0,FALSE,107,TRUE,97.33,TRUE,2,Violent,South,8.564376043326792,4,237,1.3014705882352942,Evening
99,1994,4,11,1994-04-11,17:15:00,America/Chicago,1994-04-11T22:15:00Z,MO,29,1,0,1,50000,36.52,-93.93,0,0,2.8,50,1,1,9,0,0,0,FALSE,1,TRUE,0.07954545454545454,TRUE,2,Weak,Midwest,4.698970004336019,1,2,0.35294117647058826,Evening
1172,1999,5,3,1999-05-03,20:25:00,America/Chicago,1999-05-04T01:25:00Z,OK,40,4,26,2,13110000,35.88,-97.68,36.32,-97.23,35,1760,1,1,83,119,103,0,FALSE,28,TRUE,35,TRUE,2,Violent,South,7.1176026916900845,4,42,0.7163120567375887,Night
297650,2011,4,27,2011-04-27,21:45:00,America/Chicago,2011-04-28T02:45:00Z,TN,47,2,0,2,1000000,36.39,-81.99,36.5,-81.82,12,250,1,1,91,0,0,0,FALSE,2,TRUE,1.7045454545454546,TRUE,2,Strong,South,6,2,20,0.8556701030927835,Night
129,1960,4,28,1960-04-28,23:45:00,America/Chicago,1960-04-29T04:45:00Z,OK,40,2,1,3,50000,35.35,-96.53,35.42,-96.47,6.1,800,1,1,27,0,0,0,FALSE,4,TRUE,2.7727272727272725,TRUE,2,Strong,South,4.698970004336019,2,35,1.6020408163265305,Night
584,1988,11,5,1988-11-05,00:15:00,America/Chicago,1988-11-05T06:15:00Z,FL,12,2,3,1,50000,30.37,-83.35,30.47,-83.25,8,50,1,1,79,0,0,0,FALSE,4,TRUE,0.22727272727272727,TRUE,4,Strong,South,4.698970004336019,2,5,0.5652173913043478,Morning
664,1961,11,22,1961-11-22,08:30:00,America/Chicago,1961-11-22T14:30:00Z,TX,48,3,10,1,500000,31.73,-94.92,31.92,-94.67,21.9,150,1,1,347,401,0,0,FALSE,11,TRUE,1.8664772727272725,TRUE,4,Strong,South,5.698970004336019,3,11,1.4193548387096775,Afternoon
216,1984,4,26,1984-04-26,23:33:00,America/Chicago,1984-04-27T05:33:00Z,OK,40,3,95,8,50000000,35.47,-96.05,35.7,-95.75,22,1760,1,1,111,0,0,0,FALSE,103,TRUE,22,TRUE,2,Strong,South,7.698970004336019,3,13,0.9795918367346939,Night
1147,1999,5,3,1999-05-03,17:26:00,America/Chicago,1999-05-03T22:26:00Z,OK,40,5,583,36,1000000000,35.13,-97.85,35.45,-97.43,37,1430,1,1,51,87,27,109,FALSE,619,TRUE,30.0625,TRUE,2,Violent,South,9,5,42,0.7163120567375887,Evening
169,1985,4,28,1985-04-28,20:12:00,America/Chicago,1985-04-29T01:12:00Z,TX,48,2,0,1,500000,32.12,-100.13,32.18,-100.12,4,300,1,1,353,441,0,0,FALSE,1,TRUE,0.6818181818181818,TRUE,2,Strong,South,5.698970004336019,2,4,0.3111111111111111,Night
960,2010,7,26,2010-07-26,19:00:00,America/Chicago,2010-07-27T00:00:00Z,MT,30,3,1,2,300000,48.6597,-105.002,48.5476,-104.646,18,880,1,1,91,0,0,0,FALSE,3,TRUE,9,TRUE,3,Strong,West,5.477121254719663,3,2,1.3,Night
1077,1973,12,13,1973-12-13,15:03:00,America/Chicago,1973-12-13T21:03:00Z,SC,45,3,5,1,5000000,34.2,-81.72,34.23,-81.42,17.3,200,1,1,71,0,0,0,FALSE,6,TRUE,1.9659090909090908,TRUE,1,Strong,South,6.698970004336019,3,10,2.0434782608695654,Evening
1797,2004,11,24,2004-11-24,02:25:00,America/Chicago,2004-11-24T08:25:00Z,MS,28,3,2,1,2660000,32.92,-89,33.05,-88.72,21,600,1,1,99,159,103,0,FALSE,3,TRUE,7.159090909090908,TRUE,4,Strong,South,6.424881636631067,3,1,0.7592592592592593,Morning
146,1973,4,15,1973-04-15,17:20:00,America/Chicago,1973-04-15T23:20:00Z,TX,48,4,12,5,5000000,28.83,-99.22,28.82,-98.83,23.3,440,1,1,163,0,0,0,FALSE,17,TRUE,5.825,TRUE,2,Violent,South,6.698970004336019,4,14,1.2857142857142858,Evening
57,1952,3,21,1952-03-21,17:00:00,America/Chicago,1952-03-21T23:00:00Z,AR,5,3,9,9,500000,34.53,-91.8,34.73,-91.65,16.2,10,1,1,85,0,0,0,FALSE,18,TRUE,0.09204545454545454,TRUE,2,Strong,South,5.698970004336019,3,112,2.3076923076923075,Evening
600,2000,12,16,2000-12-16,12:54:00,America/Chicago,2000-12-16T18:54:00Z,AL,1,4,144,11,12500000,33.05,-87.7,33.2,-87.4,18,750,1,1,125,0,0,0,FALSE,155,TRUE,7.670454545454546,TRUE,1,Violent,South,7.096910013008056,4,13,0.7727272727272727,Evening
106,1982,4,2,1982-04-02,16:40:00,America/Chicago,1982-04-02T22:40:00Z,TX,48,3,4,1,5000000,33.63,-95.03,33.63,-94.08,52,233,3,0,0,0,0,0,FALSE,5,TRUE,6.884090909090909,TRUE,2,Strong,South,6.698970004336019,3,14,0.8514851485148515,Evening
